replay_index,image,frame_id,host_monotonic_s,frame_gap8_timestamp,inference_ms,max_q,max_probability,mean_probability,center_q,center_probability,center_unsafe,obstacle_cells,largest_cluster,deployed_obstacle_cells,deployed_largest_cluster,box_source,box_cells,box_x0,box_y0,box_x1,box_y1,avoidance_side,line_grid_x,line_pixel_x,q_map_8x10,probability_map_8x10,unsafe_map_8x10
1,frames/frame_000001.pgm,31,0.580830,9999511,8.938,57,0.947867,0.278516,54,0.867384,1,14,14,45,45,target,14,2,2,6,7,right,6,96,37 31 29 31 33 30 33 36 39 37 37 35 38 42 43 43 40 41 45 42 39 41 46 52 57 56 50 45 46 43 39 41 46 54 57 54 48 47 48 43 39 42 52 52 52 54 49 48 47 42 39 40 45 50 52 54 50 46 44 45 38 41 41 42 51 54 48 40 38 40 37 39 40 38 46 49 45 39 37 37,0.019542 0.002573 0.001303 0.002573 0.005073 0.001831 0.005073 0.013977 0.037910 0.019542 0.019542 0.009981 0.027260 0.098722 0.133460 0.133460 0.052496 0.072272 0.233416 0.098722 0.037910 0.072272 0.299784 0.767890 0.947867 0.928217 0.625942 0.233416 0.299784 0.133460 0.037910 0.072272 0.299784 0.867384 0.947867 0.867384 0.458412 0.375772 0.458412 0.133460 0.037910 0.098722 0.767890 0.767890 0.767890 0.867384 0.543404 0.458412 0.375772 0.098722 0.037910 0.052496 0.233416 0.625942 0.767890 0.867384 0.625942 0.299784 0.178006 0.233416 0.027260 0.072272 0.072272 0.098722 0.701749 0.867384 0.458412 0.052496 0.027260 0.052496 0.019542 0.037910 0.052496 0.027260 0.299784 0.543404 0.233416 0.037910 0.019542 0.019542,0 0 0 0 0 0 0 0 0 0 0 0 0 0 0 0 0 0 0 0 0 0 0 1 1 1 0 0 0 0 0 0 0 1 1 1 0 0 0 0 0 0 1 1 1 1 0 0 0 0 0 0 0 0 1 1 0 0 0 0 0 0 0 0 1 1 0 0 0 0 0 0 0 0 0 0 0 0 0 0
2,frames/frame_000002.pgm,32,0.684851,10032836,2.898,58,0.962356,0.275445,53,0.823062,1,14,14,42,42,target,14,2,2,6,7,right,6,96,35 29 28 31 32 31 33 35 37 38 36 34 37 40 42 42 40 41 45 44 37 40 46 51 56 57 50 45 47 44 37 39 46 54 58 55 47 48 47 44 38 40 52 53 53 53 49 48 47 42 37 39 44 50 53 54 50 46 43 45 37 40 40 41 51 55 49 40 38 39 36 37 39 37 45 49 45 40 37 36,0.009981 0.001303 0.000927 0.002573 0.003614 0.002573 0.005073 0.009981 0.019542 0.027260 0.013977 0.007119 0.019542 0.052496 0.098722 0.098722 0.052496 0.072272 0.233416 0.178006 0.019542 0.052496 0.299784 0.701749 0.928217 0.947867 0.625942 0.233416 0.375772 0.178006 0.019542 0.037910 0.299784 0.867384 0.962356 0.901927 0.375772 0.458412 0.375772 0.178006 0.027260 0.052496 0.767890 0.823062 0.823062 0.823062 0.543404 0.458412 0.375772 0.098722 0.019542 0.037910 0.178006 0.625942 0.823062 0.867384 0.625942 0.299784 0.133460 0.233416 0.019542 0.052496 0.052496 0.072272 0.701749 0.901927 0.543404 0.052496 0.027260 0.037910 0.013977 0.019542 0.037910 0.019542 0.233416 0.543404 0.233416 0.052496 0.019542 0.013977,0 0 0 0 0 0 0 0 0 0 0 0 0 0 0 0 0 0 0 0 0 0 0 1 1 1 0 0 0 0 0 0 0 1 1 1 0 0 0 0 0 0 1 1 1 1 0 0 0 0 0 0 0 0 1 1 0 0 0 0 0 0 0 0 1 1 0 0 0 0 0 0 0 0 0 0 0 0 0 0
3,frames/frame_000003.pgm,33,0.781161,10066162,2.751,53,0.823062,0.233048,49,0.543404,0,8,4,40,39,largest,4,7,2,9,5,none,-1,-1,35 31 28 30 32 30 32 35 38 38 38 34 34 37 39 40 40 41 46 48 38 37 41 47 51 52 48 49 52 49 39 38 42 47 53 50 46 51 51 47 39 39 47 47 48 49 48 51 50 44 38 39 42 45 47 52 48 46 43 45 40 43 41 41 45 50 47 39 37 39 37 39 41 38 46 47 44 38 34 35,0.009981 0.002573 0.000927 0.001831 0.003614 0.001831 0.003614 0.009981 0.027260 0.027260 0.027260 0.007119 0.007119 0.019542 0.037910 0.052496 0.052496 0.072272 0.299784 0.458412 0.027260 0.019542 0.072272 0.375772 0.701749 0.767890 0.458412 0.543404 0.767890 0.543404 0.037910 0.027260 0.098722 0.375772 0.823062 0.625942 0.299784 0.701749 0.701749 0.375772 0.037910 0.037910 0.375772 0.375772 0.458412 0.543404 0.458412 0.701749 0.625942 0.178006 0.027260 0.037910 0.098722 0.233416 0.375772 0.767890 0.458412 0.299784 0.133460 0.233416 0.052496 0.133460 0.072272 0.072272 0.233416 0.625942 0.375772 0.037910 0.019542 0.037910 0.019542 0.037910 0.072272 0.027260 0.299784 0.375772 0.178006 0.027260 0.007119 0.009981,0 0 0 0 0 0 0 0 0 0 0 0 0 0 0 0 0 0 0 0 0 0 0 0 1 1 0 0 1 0 0 0 0 0 1 0 0 1 1 0 0 0 0 0 0 0 0 1 0 0 0 0 0 0 0 1 0 0 0 0 0 0 0 0 0 0 0 0 0 0 0 0 0 0 0 0 0 0 0 0
4,frames/frame_000004.pgm,34,0.804857,10099487,2.668,56,0.928217,0.238453,51,0.701749,1,8,8,41,41,target,8,4,2,7,7,left,4,64,35 30 28 30 32 31 33 35 39 37 36 34 36 40 41 42 41 41 45 45 36 38 42 49 55 56 51 48 49 45 37 38 42 50 55 53 48 50 48 44 36 38 48 49 50 51 48 49 49 42 36 37 42 47 48 52 49 45 43 44 36 39 40 40 48 51 47 39 37 38 36 36 39 37 44 47 43 39 35 35,0.009981 0.001831 0.000927 0.001831 0.003614 0.002573 0.005073 0.009981 0.037910 0.019542 0.013977 0.007119 0.013977 0.052496 0.072272 0.098722 0.072272 0.072272 0.233416 0.233416 0.013977 0.027260 0.098722 0.543404 0.901927 0.928217 0.701749 0.458412 0.543404 0.233416 0.019542 0.027260 0.098722 0.625942 0.901927 0.823062 0.458412 0.625942 0.458412 0.178006 0.013977 0.027260 0.458412 0.543404 0.625942 0.701749 0.458412 0.543404 0.543404 0.098722 0.013977 0.019542 0.098722 0.375772 0.458412 0.767890 0.543404 0.233416 0.133460 0.178006 0.013977 0.037910 0.052496 0.052496 0.458412 0.701749 0.375772 0.037910 0.019542 0.027260 0.013977 0.013977 0.037910 0.019542 0.178006 0.375772 0.133460 0.037910 0.009981 0.009981,0 0 0 0 0 0 0 0 0 0 0 0 0 0 0 0 0 0 0 0 0 0 0 0 1 1 1 0 0 0 0 0 0 0 1 1 0 0 0 0 0 0 0 0 0 1 0 0 0 0 0 0 0 0 0 1 0 0 0 0 0 0 0 0 0 1 0 0 0 0 0 0 0 0 0 0 0 0 0 0
5,frames/frame_000005.pgm,35,0.906327,10132812,2.710,58,0.962356,0.319293,55,0.901927,1,19,19,50,50,target,19,2,2,7,7,right,7,112,36 32 30 32 33 31 33 38 40 39 38 37 41 42 41 41 41 40 42 44 42 46 52 54 58 57 51 44 45 42 43 45 54 56 58 55 48 46 43 38 43 47 58 55 54 55 49 47 44 38 44 45 53 55 55 55 50 44 40 40 42 44 48 47 53 55 47 38 36 36 39 38 42 40 45 48 44 39 35 34,0.013977 0.003614 0.001831 0.003614 0.005073 0.002573 0.005073 0.027260 0.052496 0.037910 0.027260 0.019542 0.072272 0.098722 0.072272 0.072272 0.072272 0.052496 0.098722 0.178006 0.098722 0.299784 0.767890 0.867384 0.962356 0.947867 0.701749 0.178006 0.233416 0.098722 0.133460 0.233416 0.867384 0.928217 0.962356 0.901927 0.458412 0.299784 0.133460 0.027260 0.133460 0.375772 0.962356 0.901927 0.867384 0.901927 0.543404 0.375772 0.178006 0.027260 0.178006 0.233416 0.823062 0.901927 0.901927 0.901927 0.625942 0.178006 0.052496 0.052496 0.098722 0.178006 0.458412 0.375772 0.823062 0.901927 0.375772 0.027260 0.013977 0.013977 0.037910 0.027260 0.098722 0.052496 0.233416 0.458412 0.178006 0.037910 0.009981 0.007119,0 0 0 0 0 0 0 0 0 0 0 0 0 0 0 0 0 0 0 0 0 0 1 1 1 1 1 0 0 0 0 0 1 1 1 1 0 0 0 0 0 0 1 1 1 1 0 0 0 0 0 0 1 1 1 1 0 0 0 0 0 0 0 0 1 1 0 0 0 0 0 0 0 0 0 0 0 0 0 0
6,frames/frame_000006.pgm,50,0.967922,10632781,2.681,58,0.962356,0.290717,54,0.867384,1,20,20,41,41,target,20,2,2,7,8,right,7,112,37 31 31 31 31 30 30 31 37 37 36 35 38 41 42 38 40 36 39 41 40 43 47 53 57 56 51 44 46 41 42 47 48 51 56 55 49 46 45 41 40 44 51 51 54 54 51 46 46 40 40 41 47 51 53 56 54 44 42 42 41 41 41 43 51 58 52 39 37 36 38 38 40 38 47 51 49 41 37 35,0.019542 0.002573 0.002573 0.002573 0.002573 0.001831 0.001831 0.002573 0.019542 0.019542 0.013977 0.009981 0.027260 0.072272 0.098722 0.027260 0.052496 0.013977 0.037910 0.072272 0.052496 0.133460 0.375772 0.823062 0.947867 0.928217 0.701749 0.178006 0.299784 0.072272 0.098722 0.375772 0.458412 0.701749 0.928217 0.901927 0.543404 0.299784 0.233416 0.072272 0.052496 0.178006 0.701749 0.701749 0.867384 0.867384 0.701749 0.299784 0.299784 0.052496 0.052496 0.072272 0.375772 0.701749 0.823062 0.928217 0.867384 0.178006 0.098722 0.098722 0.072272 0.072272 0.072272 0.133460 0.701749 0.962356 0.767890 0.037910 0.019542 0.013977 0.027260 0.027260 0.052496 0.027260 0.375772 0.701749 0.543404 0.072272 0.019542 0.009981,0 0 0 0 0 0 0 0 0 0 0 0 0 0 0 0 0 0 0 0 0 0 0 1 1 1 1 0 0 0 0 0 0 1 1 1 0 0 0 0 0 0 1 1 1 1 1 0 0 0 0 0 0 1 1 1 1 0 0 0 0 0 0 0 1 1 1 0 0 0 0 0 0 0 0 1 0 0 0 0
7,frames/frame_000007.pgm,53,1.205917,10732757,3.326,58,0.962356,0.337109,55,0.901927,1,19,19,49,49,target,19,2,2,7,7,right,7,112,38 32 31 33 31 30 28 28 33 36 40 38 39 41 42 38 37 36 39 39 45 49 49 54 57 57 51 43 45 40 47 49 49 54 58 56 50 47 45 38 47 48 54 54 56 55 51 47 46 42 46 45 52 55 53 56 55 45 43 41 43 44 45 45 50 57 51 41 38 38 37 40 43 38 44 48 48 41 38 36,0.027260 0.003614 0.002573 0.005073 0.002573 0.001831 0.000927 0.000927 0.005073 0.013977 0.052496 0.027260 0.037910 0.072272 0.098722 0.027260 0.019542 0.013977 0.037910 0.037910 0.233416 0.543404 0.543404 0.867384 0.947867 0.947867 0.701749 0.133460 0.233416 0.052496 0.375772 0.543404 0.543404 0.867384 0.962356 0.928217 0.625942 0.375772 0.233416 0.027260 0.375772 0.458412 0.867384 0.867384 0.928217 0.901927 0.701749 0.375772 0.299784 0.098722 0.299784 0.233416 0.767890 0.901927 0.823062 0.928217 0.901927 0.233416 0.133460 0.072272 0.133460 0.178006 0.233416 0.233416 0.625942 0.947867 0.701749 0.072272 0.027260 0.027260 0.019542 0.052496 0.133460 0.027260 0.178006 0.458412 0.458412 0.072272 0.027260 0.013977,0 0 0 0 0 0 0 0 0 0 0 0 0 0 0 0 0 0 0 0 0 0 0 1 1 1 1 0 0 0 0 0 0 1 1 1 0 0 0 0 0 0 1 1 1 1 1 0 0 0 0 0 1 1 1 1 1 0 0 0 0 0 0 0 0 1 1 0 0 0 0 0 0 0 0 0 0 0 0 0
8,frames/frame_000008.pgm,54,1.417800,10766082,2.731,59,0.972933,0.280339,55,0.901927,1,17,17,37,37,target,17,2,2,7,7,right,7,112,36 31 29 30 30 30 28 28 34 34 35 34 37 40 42 38 38 35 38 38 39 43 47 53 56 55 49 41 44 38 41 45 48 52 58 54 47 44 43 38 39 44 51 51 55 55 50 46 45 40 40 40 48 54 55 57 54 44 41 41 40 41 41 44 52 59 53 41 37 36 37 39 41 40 47 50 49 41 37 36,0.013977 0.002573 0.001303 0.001831 0.001831 0.001831 0.000927 0.000927 0.007119 0.007119 0.009981 0.007119 0.019542 0.052496 0.098722 0.027260 0.027260 0.009981 0.027260 0.027260 0.037910 0.133460 0.375772 0.823062 0.928217 0.901927 0.543404 0.072272 0.178006 0.027260 0.072272 0.233416 0.458412 0.767890 0.962356 0.867384 0.375772 0.178006 0.133460 0.027260 0.037910 0.178006 0.701749 0.701749 0.901927 0.901927 0.625942 0.299784 0.233416 0.052496 0.052496 0.052496 0.458412 0.867384 0.901927 0.947867 0.867384 0.178006 0.072272 0.072272 0.052496 0.072272 0.072272 0.178006 0.767890 0.972933 0.823062 0.072272 0.019542 0.013977 0.019542 0.037910 0.072272 0.052496 0.375772 0.625942 0.543404 0.072272 0.019542 0.013977,0 0 0 0 0 0 0 0 0 0 0 0 0 0 0 0 0 0 0 0 0 0 0 1 1 1 0 0 0 0 0 0 0 1 1 1 0 0 0 0 0 0 1 1 1 1 0 0 0 0 0 0 0 1 1 1 1 0 0 0 0 0 0 0 1 1 1 0 0 0 0 0 0 0 0 0 0 0 0 0
9,frames/frame_000009.pgm,59,1.441519,10932739,2.717,58,0.962356,0.252454,54,0.867384,1,11,11,38,38,target,11,4,2,7,7,left,4,64,36 31 29 31 30 29 28 30 34 35 36 34 36 39 40 37 37 36 39 40 37 40 43 50 54 55 48 42 46 40 39 42 44 48 56 54 47 46 45 39 38 40 49 50 54 54 49 46 46 43 40 39 45 50 53 56 55 45 43 41 38 40 39 42 50 58 54 42 39 38 37 38 40 39 46 49 50 41 38 36,0.013977 0.002573 0.001303 0.002573 0.001831 0.001303 0.000927 0.001831 0.007119 0.009981 0.013977 0.007119 0.013977 0.037910 0.052496 0.019542 0.019542 0.013977 0.037910 0.052496 0.019542 0.052496 0.133460 0.625942 0.867384 0.901927 0.458412 0.098722 0.299784 0.052496 0.037910 0.098722 0.178006 0.458412 0.928217 0.867384 0.375772 0.299784 0.233416 0.037910 0.027260 0.052496 0.543404 0.625942 0.867384 0.867384 0.543404 0.299784 0.299784 0.133460 0.052496 0.037910 0.233416 0.625942 0.823062 0.928217 0.901927 0.233416 0.133460 0.072272 0.027260 0.052496 0.037910 0.098722 0.625942 0.962356 0.867384 0.098722 0.037910 0.027260 0.019542 0.027260 0.052496 0.037910 0.299784 0.543404 0.625942 0.072272 0.027260 0.013977,0 0 0 0 0 0 0 0 0 0 0 0 0 0 0 0 0 0 0 0 0 0 0 0 1 1 0 0 0 0 0 0 0 0 1 1 0 0 0 0 0 0 0 0 1 1 0 0 0 0 0 0 0 0 1 1 1 0 0 0 0 0 0 0 0 1 1 0 0 0 0 0 0 0 0 0 0 0 0 0
10,frames/frame_000010.pgm,60,1.686698,10966064,2.772,59,0.972933,0.309871,56,0.928217,1,18,18,46,46,target,18,2,2,7,7,right,7,112,37 31 30 32 31 29 28 31 35 36 39 37 39 42 43 40 37 37 40 39 41 46 48 54 57 59 51 43 43 37 44 46 50 55 58 57 49 47 45 33 43 45 53 55 57 56 52 47 45 37 42 43 50 56 55 57 54 46 42 38 40 42 44 44 50 57 52 40 36 36 36 38 40 38 44 48 48 41 37 35,0.019542 0.002573 0.001831 0.003614 0.002573 0.001303 0.000927 0.002573 0.009981 0.013977 0.037910 0.019542 0.037910 0.098722 0.133460 0.052496 0.019542 0.019542 0.052496 0.037910 0.072272 0.299784 0.458412 0.867384 0.947867 0.972933 0.701749 0.133460 0.133460 0.019542 0.178006 0.299784 0.625942 0.901927 0.962356 0.947867 0.543404 0.375772 0.233416 0.005073 0.133460 0.233416 0.823062 0.901927 0.947867 0.928217 0.767890 0.375772 0.233416 0.019542 0.098722 0.133460 0.625942 0.928217 0.901927 0.947867 0.867384 0.299784 0.098722 0.027260 0.052496 0.098722 0.178006 0.178006 0.625942 0.947867 0.767890 0.052496 0.013977 0.013977 0.013977 0.027260 0.052496 0.027260 0.178006 0.458412 0.458412 0.072272 0.019542 0.009981,0 0 0 0 0 0 0 0 0 0 0 0 0 0 0 0 0 0 0 0 0 0 0 1 1 1 1 0 0 0 0 0 0 1 1 1 0 0 0 0 0 0 1 1 1 1 1 0 0 0 0 0 0 1 1 1 1 0 0 0 0 0 0 0 0 1 1 0 0 0 0 0 0 0 0 0 0 0 0 0
11,frames/frame_000011.pgm,67,1.736736,11199401,2.778,59,0.972933,0.304424,56,0.928217,1,17,17,45,45,target,17,2,2,7,7,right,7,112,37 32 31 32 30 29 28 31 34 36 39 36 40 41 41 39 36 37 40 39 42 47 48 53 55 59 50 42 43 38 45 47 50 53 58 57 49 46 44 33 44 46 53 54 55 56 50 46 44 37 44 45 51 55 54 55 53 45 42 39 41 43 45 44 49 56 51 40 37 35 37 39 41 38 45 48 48 41 36 35,0.019542 0.003614 0.002573 0.003614 0.001831 0.001303 0.000927 0.002573 0.007119 0.013977 0.037910 0.013977 0.052496 0.072272 0.072272 0.037910 0.013977 0.019542 0.052496 0.037910 0.098722 0.375772 0.458412 0.823062 0.901927 0.972933 0.625942 0.098722 0.133460 0.027260 0.233416 0.375772 0.625942 0.823062 0.962356 0.947867 0.543404 0.299784 0.178006 0.005073 0.178006 0.299784 0.823062 0.867384 0.901927 0.928217 0.625942 0.299784 0.178006 0.019542 0.178006 0.233416 0.701749 0.901927 0.867384 0.901927 0.823062 0.233416 0.098722 0.037910 0.072272 0.133460 0.233416 0.178006 0.543404 0.928217 0.701749 0.052496 0.019542 0.009981 0.019542 0.037910 0.072272 0.027260 0.233416 0.458412 0.458412 0.072272 0.013977 0.009981,0 0 0 0 0 0 0 0 0 0 0 0 0 0 0 0 0 0 0 0 0 0 0 1 1 1 0 0 0 0 0 0 0 1 1 1 0 0 0 0 0 0 1 1 1 1 0 0 0 0 0 0 1 1 1 1 1 0 0 0 0 0 0 0 0 1 1 0 0 0 0 0 0 0 0 0 0 0 0 0
12,frames/frame_000012.pgm,73,1.750440,11399383,2.773,59,0.972933,0.345851,56,0.928217,1,22,22,47,47,target,22,2,2,7,8,right,7,112,35 29 27 30 29 28 28 31 34 36 37 37 41 42 42 41 38 37 40 40 42 44 50 55 57 57 51 45 47 39 44 48 51 56 59 55 49 49 47 38 41 45 54 58 57 56 53 49 48 41 41 44 51 56 57 57 55 47 43 41 39 43 44 46 51 58 52 41 38 38 37 39 42 39 46 50 52 42 39 36,0.009981 0.001303 0.000659 0.001831 0.001303 0.000927 0.000927 0.002573 0.007119 0.013977 0.019542 0.019542 0.072272 0.098722 0.098722 0.072272 0.027260 0.019542 0.052496 0.052496 0.098722 0.178006 0.625942 0.901927 0.947867 0.947867 0.701749 0.233416 0.375772 0.037910 0.178006 0.458412 0.701749 0.928217 0.972933 0.901927 0.543404 0.543404 0.375772 0.027260 0.072272 0.233416 0.867384 0.962356 0.947867 0.928217 0.823062 0.543404 0.458412 0.072272 0.072272 0.178006 0.701749 0.928217 0.947867 0.947867 0.901927 0.375772 0.133460 0.072272 0.037910 0.133460 0.178006 0.299784 0.701749 0.962356 0.767890 0.072272 0.027260 0.027260 0.019542 0.037910 0.098722 0.037910 0.299784 0.625942 0.767890 0.098722 0.037910 0.013977,0 0 0 0 0 0 0 0 0 0 0 0 0 0 0 0 0 0 0 0 0 0 0 1 1 1 1 0 0 0 0 0 1 1 1 1 0 0 0 0 0 0 1 1 1 1 1 0 0 0 0 0 1 1 1 1 1 0 0 0 0 0 0 0 1 1 1 0 0 0 0 0 0 0 0 0 1 0 0 0
13,frames/frame_000013.pgm,74,1.775849,11432708,3.491,58,0.962356,0.242745,55,0.901927,1,12,12,35,35,target,12,4,2,7,7,left,4,64,35 30 28 30 30 29 29 29 34 35 34 33 35 37 40 38 37 36 39 38 37 39 43 49 53 55 50 42 44 38 39 42 43 48 56 54 48 46 44 37 38 39 48 49 53 55 51 46 46 41 39 37 44 49 53 56 53 44 42 41 39 40 38 41 50 58 52 41 38 37 39 39 40 38 45 50 50 41 38 37,0.009981 0.001831 0.000927 0.001831 0.001831 0.001303 0.001303 0.001303 0.007119 0.009981 0.007119 0.005073 0.009981 0.019542 0.052496 0.027260 0.019542 0.013977 0.037910 0.027260 0.019542 0.037910 0.133460 0.543404 0.823062 0.901927 0.625942 0.098722 0.178006 0.027260 0.037910 0.098722 0.133460 0.458412 0.928217 0.867384 0.458412 0.299784 0.178006 0.019542 0.027260 0.037910 0.458412 0.543404 0.823062 0.901927 0.701749 0.299784 0.299784 0.072272 0.037910 0.019542 0.178006 0.543404 0.823062 0.928217 0.823062 0.178006 0.098722 0.072272 0.037910 0.052496 0.027260 0.072272 0.625942 0.962356 0.767890 0.072272 0.027260 0.019542 0.037910 0.037910 0.052496 0.027260 0.233416 0.625942 0.625942 0.072272 0.027260 0.019542,0 0 0 0 0 0 0 0 0 0 0 0 0 0 0 0 0 0 0 0 0 0 0 0 1 1 0 0 0 0 0 0 0 0 1 1 0 0 0 0 0 0 0 0 1 1 1 0 0 0 0 0 0 0 1 1 1 0 0 0 0 0 0 0 0 1 1 0 0 0 0 0 0 0 0 0 0 0 0 0
14,frames/frame_000014.pgm,80,1.831002,11632690,2.687,58,0.962356,0.263644,54,0.867384,1,14,14,36,36,target,14,3,2,7,7,right,7,112,34 29 28 30 29 28 28 30 34 37 34 33 36 38 41 39 38 37 40 40 38 40 44 50 53 55 51 45 47 40 40 44 44 50 56 53 48 47 47 38 38 40 49 51 54 54 51 47 46 41 39 38 45 50 54 56 54 44 42 41 39 39 38 42 50 58 52 41 37 37 38 38 40 38 45 49 50 40 37 36,0.007119 0.001303 0.000927 0.001831 0.001303 0.000927 0.000927 0.001831 0.007119 0.019542 0.007119 0.005073 0.013977 0.027260 0.072272 0.037910 0.027260 0.019542 0.052496 0.052496 0.027260 0.052496 0.178006 0.625942 0.823062 0.901927 0.701749 0.233416 0.375772 0.052496 0.052496 0.178006 0.178006 0.625942 0.928217 0.823062 0.458412 0.375772 0.375772 0.027260 0.027260 0.052496 0.543404 0.701749 0.867384 0.867384 0.701749 0.375772 0.299784 0.072272 0.037910 0.027260 0.233416 0.625942 0.867384 0.928217 0.867384 0.178006 0.098722 0.072272 0.037910 0.037910 0.027260 0.098722 0.625942 0.962356 0.767890 0.072272 0.019542 0.019542 0.027260 0.027260 0.052496 0.027260 0.233416 0.543404 0.625942 0.052496 0.019542 0.013977,0 0 0 0 0 0 0 0 0 0 0 0 0 0 0 0 0 0 0 0 0 0 0 0 1 1 1 0 0 0 0 0 0 0 1 1 0 0 0 0 0 0 0 1 1 1 1 0 0 0 0 0 0 0 1 1 1 0 0 0 0 0 0 0 0 1 1 0 0 0 0 0 0 0 0 0 0 0 0 0
15,frames/frame_000015.pgm,82,3.040962,11699340,2.651,61,0.986123,0.292961,56,0.928217,1,19,19,37,37,target,19,3,2,7,8,right,7,112,36 31 30 31 30 30 28 30 36 36 36 34 36 39 40 39 39 38 40 41 37 42 46 51 54 57 52 47 47 41 37 43 44 50 56 54 49 48 46 40 37 41 50 51 54 56 52 47 46 40 39 39 46 51 54 58 55 46 42 41 39 40 41 43 52 61 55 41 37 37 38 39 41 39 49 52 52 40 37 36,0.013977 0.002573 0.001831 0.002573 0.001831 0.001831 0.000927 0.001831 0.013977 0.013977 0.013977 0.007119 0.013977 0.037910 0.052496 0.037910 0.037910 0.027260 0.052496 0.072272 0.019542 0.098722 0.299784 0.701749 0.867384 0.947867 0.767890 0.375772 0.375772 0.072272 0.019542 0.133460 0.178006 0.625942 0.928217 0.867384 0.543404 0.458412 0.299784 0.052496 0.019542 0.072272 0.625942 0.701749 0.867384 0.928217 0.767890 0.375772 0.299784 0.052496 0.037910 0.037910 0.299784 0.701749 0.867384 0.962356 0.901927 0.299784 0.098722 0.072272 0.037910 0.052496 0.072272 0.133460 0.767890 0.986123 0.901927 0.072272 0.019542 0.019542 0.027260 0.037910 0.072272 0.037910 0.543404 0.767890 0.767890 0.052496 0.019542 0.013977,0 0 0 0 0 0 0 0 0 0 0 0 0 0 0 0 0 0 0 0 0 0 0 1 1 1 1 0 0 0 0 0 0 0 1 1 0 0 0 0 0 0 0 1 1 1 1 0 0 0 0 0 0 1 1 1 1 0 0 0 0 0 0 0 1 1 1 0 0 0 0 0 0 0 0 1 1 0 0 0
16,frames/frame_000016.pgm,83,3.124373,11732666,2.712,57,0.947867,0.276987,55,0.901927,1,16,16,45,45,target,16,2,2,7,7,right,7,112,37 31 29 32 30 30 29 29 33 35 37 36 38 40 42 39 38 36 39 38 41 45 48 52 56 57 49 42 43 36 44 46 48 52 57 54 47 44 44 34 42 44 52 52 54 55 50 45 44 37 42 43 49 53 53 55 53 43 41 40 41 43 43 44 49 55 51 41 38 36 39 40 43 40 44 48 48 41 37 36,0.019542 0.002573 0.001303 0.003614 0.001831 0.001831 0.001303 0.001303 0.005073 0.009981 0.019542 0.013977 0.027260 0.052496 0.098722 0.037910 0.027260 0.013977 0.037910 0.027260 0.072272 0.233416 0.458412 0.767890 0.928217 0.947867 0.543404 0.098722 0.133460 0.013977 0.178006 0.299784 0.458412 0.767890 0.947867 0.867384 0.375772 0.178006 0.178006 0.007119 0.098722 0.178006 0.767890 0.767890 0.867384 0.901927 0.625942 0.233416 0.178006 0.019542 0.098722 0.133460 0.543404 0.823062 0.823062 0.901927 0.823062 0.133460 0.072272 0.052496 0.072272 0.133460 0.133460 0.178006 0.543404 0.901927 0.701749 0.072272 0.027260 0.013977 0.037910 0.052496 0.133460 0.052496 0.178006 0.458412 0.458412 0.072272 0.019542 0.013977,0 0 0 0 0 0 0 0 0 0 0 0 0 0 0 0 0 0 0 0 0 0 0 1 1 1 0 0 0 0 0 0 0 1 1 1 0 0 0 0 0 0 1 1 1 1 0 0 0 0 0 0 0 1 1 1 1 0 0 0 0 0 0 0 0 1 1 0 0 0 0 0 0 0 0 0 0 0 0 0
17,frames/frame_000017.pgm,84,3.145174,11765991,2.728,61,0.986123,0.363612,57,0.947867,1,22,22,48,48,target,22,1,2,7,7,right,7,112,39 32 31 32 31 30 30 30 33 36 40 39 41 43 42 38 36 36 39 39 46 51 53 56 58 58 48 42 42 37 48 51 53 56 61 57 48 45 44 33 47 50 56 57 59 57 50 46 45 39 47 48 55 58 57 56 53 44 41 39 43 47 48 48 53 57 51 40 37 37 38 40 43 41 46 50 48 40 36 34,0.037910 0.003614 0.002573 0.003614 0.002573 0.001831 0.001831 0.001831 0.005073 0.013977 0.052496 0.037910 0.072272 0.133460 0.098722 0.027260 0.013977 0.013977 0.037910 0.037910 0.299784 0.701749 0.823062 0.928217 0.962356 0.962356 0.458412 0.098722 0.098722 0.019542 0.458412 0.701749 0.823062 0.928217 0.986123 0.947867 0.458412 0.233416 0.178006 0.005073 0.375772 0.625942 0.928217 0.947867 0.972933 0.947867 0.625942 0.299784 0.233416 0.037910 0.375772 0.458412 0.901927 0.962356 0.947867 0.928217 0.823062 0.178006 0.072272 0.037910 0.133460 0.375772 0.458412 0.458412 0.823062 0.947867 0.701749 0.052496 0.019542 0.019542 0.027260 0.052496 0.133460 0.072272 0.299784 0.625942 0.458412 0.052496 0.013977 0.007119,0 0 0 0 0 0 0 0 0 0 0 0 0 0 0 0 0 0 0 0 0 1 1 1 1 1 0 0 0 0 0 1 1 1 1 1 0 0 0 0 0 0 1 1 1 1 0 0 0 0 0 0 1 1 1 1 1 0 0 0 0 0 0 0 1 1 1 0 0 0 0 0 0 0 0 0 0 0 0 0
18,frames/frame_000018.pgm,119,3.161348,12932556,2.674,56,0.928217,0.262996,48,0.458412,0,15,15,38,36,largest,15,5,2,10,7,none,-1,-1,38 32 28 30 30 31 30 32 36 37 41 37 35 37 40 40 40 39 44 42 42 38 40 44 50 53 55 52 51 50 43 40 39 46 48 51 50 49 53 51 39 37 42 48 47 48 53 53 56 53 39 39 39 41 43 46 54 54 56 50 37 40 37 35 37 46 51 48 44 43 36 39 38 35 37 41 44 41 41 39,0.027260 0.003614 0.000927 0.001831 0.001831 0.002573 0.001831 0.003614 0.013977 0.019542 0.072272 0.019542 0.009981 0.019542 0.052496 0.052496 0.052496 0.037910 0.178006 0.098722 0.098722 0.027260 0.052496 0.178006 0.625942 0.823062 0.901927 0.767890 0.701749 0.625942 0.133460 0.052496 0.037910 0.299784 0.458412 0.701749 0.625942 0.543404 0.823062 0.701749 0.037910 0.019542 0.098722 0.458412 0.375772 0.458412 0.823062 0.823062 0.928217 0.823062 0.037910 0.037910 0.037910 0.072272 0.133460 0.299784 0.867384 0.867384 0.928217 0.625942 0.019542 0.052496 0.019542 0.009981 0.019542 0.299784 0.701749 0.458412 0.178006 0.133460 0.013977 0.037910 0.027260 0.009981 0.019542 0.072272 0.178006 0.072272 0.072272 0.037910,0 0 0 0 0 0 0 0 0 0 0 0 0 0 0 0 0 0 0 0 0 0 0 0 0 1 1 1 1 0 0 0 0 0 0 1 0 0 1 1 0 0 0 0 0 0 1 1 1 1 0 0 0 0 0 0 1 1 1 0 0 0 0 0 0 0 1 0 0 0 0 0 0 0 0 0 0 0 0 0
19,frames/frame_000019.pgm,123,3.190115,13065887,5.078,55,0.901927,0.237275,44,0.178006,0,10,8,40,34,largest,8,6,4,9,8,none,-1,-1,38 34 31 33 33 32 32 35 37 40 40 37 33 32 32 39 43 43 46 44 41 37 34 34 37 44 51 50 52 46 42 39 36 38 37 45 47 49 49 45 41 38 38 40 42 44 49 52 53 50 43 40 40 39 40 48 53 55 52 49 42 45 41 40 41 48 54 53 48 46 41 44 42 39 41 47 50 52 47 41,0.027260 0.007119 0.002573 0.005073 0.005073 0.003614 0.003614 0.009981 0.019542 0.052496 0.052496 0.019542 0.005073 0.003614 0.003614 0.037910 0.133460 0.133460 0.299784 0.178006 0.072272 0.019542 0.007119 0.007119 0.019542 0.178006 0.701749 0.625942 0.767890 0.299784 0.098722 0.037910 0.013977 0.027260 0.019542 0.233416 0.375772 0.543404 0.543404 0.233416 0.072272 0.027260 0.027260 0.052496 0.098722 0.178006 0.543404 0.767890 0.823062 0.625942 0.133460 0.052496 0.052496 0.037910 0.052496 0.458412 0.823062 0.901927 0.767890 0.543404 0.098722 0.233416 0.072272 0.052496 0.072272 0.458412 0.867384 0.823062 0.458412 0.299784 0.072272 0.178006 0.098722 0.037910 0.072272 0.375772 0.625942 0.767890 0.375772 0.072272,0 0 0 0 0 0 0 0 0 0 0 0 0 0 0 0 0 0 0 0 0 0 0 0 0 0 1 0 1 0 0 0 0 0 0 0 0 0 0 0 0 0 0 0 0 0 0 1 1 0 0 0 0 0 0 0 1 1 1 0 0 0 0 0 0 0 1 1 0 0 0 0 0 0 0 0 0 1 0 0
20,frames/frame_000020.pgm,124,3.265049,13099212,2.714,53,0.823062,0.205772,44,0.178006,0,4,1,43,37,largest,1,8,2,9,3,none,-1,-1,37 32 31 32 33 32 31 34 37 40 41 38 35 32 32 37 42 44 47 47 42 37 35 36 37 42 49 50 53 48 43 38 35 38 39 43 46 48 49 48 42 39 40 42 43 44 48 50 52 50 43 41 43 42 41 46 50 51 50 50 41 45 41 40 39 44 51 50 46 45 39 43 40 38 38 44 46 47 44 40,0.019542 0.003614 0.002573 0.003614 0.005073 0.003614 0.002573 0.007119 0.019542 0.052496 0.072272 0.027260 0.009981 0.003614 0.003614 0.019542 0.098722 0.178006 0.375772 0.375772 0.098722 0.019542 0.009981 0.013977 0.019542 0.098722 0.543404 0.625942 0.823062 0.458412 0.133460 0.027260 0.009981 0.027260 0.037910 0.133460 0.299784 0.458412 0.543404 0.458412 0.098722 0.037910 0.052496 0.098722 0.133460 0.178006 0.458412 0.625942 0.767890 0.625942 0.133460 0.072272 0.133460 0.098722 0.072272 0.299784 0.625942 0.701749 0.625942 0.625942 0.072272 0.233416 0.072272 0.052496 0.037910 0.178006 0.701749 0.625942 0.299784 0.233416 0.037910 0.133460 0.052496 0.027260 0.027260 0.178006 0.299784 0.375772 0.178006 0.052496,0 0 0 0 0 0 0 0 0 0 0 0 0 0 0 0 0 0 0 0 0 0 0 0 0 0 0 0 1 0 0 0 0 0 0 0 0 0 0 0 0 0 0 0 0 0 0 0 1 0 0 0 0 0 0 0 0 1 0 0 0 0 0 0 0 0 1 0 0 0 0 0 0 0 0 0 0 0 0 0
21,frames/frame_000021.pgm,125,3.300881,13132537,2.841,54,0.867384,0.273863,48,0.458412,0,11,8,47,46,largest,8,6,4,10,7,none,-1,-1,37 35 32 34 34 33 32 34 36 36 40 37 39 40 42 46 44 39 41 41 39 41 40 44 50 54 54 49 49 47 42 41 40 44 48 51 48 48 50 50 40 39 41 46 47 48 48 49 51 52 40 38 41 44 45 50 52 53 51 52 37 41 40 42 41 48 54 51 44 45 37 43 42 42 42 46 49 50 44 43,0.019542 0.009981 0.003614 0.007119 0.007119 0.005073 0.003614 0.007119 0.013977 0.013977 0.052496 0.019542 0.037910 0.052496 0.098722 0.299784 0.178006 0.037910 0.072272 0.072272 0.037910 0.072272 0.052496 0.178006 0.625942 0.867384 0.867384 0.543404 0.543404 0.375772 0.098722 0.072272 0.052496 0.178006 0.458412 0.701749 0.458412 0.458412 0.625942 0.625942 0.052496 0.037910 0.072272 0.299784 0.375772 0.458412 0.458412 0.543404 0.701749 0.767890 0.052496 0.027260 0.072272 0.178006 0.233416 0.625942 0.767890 0.823062 0.701749 0.767890 0.019542 0.072272 0.052496 0.098722 0.072272 0.458412 0.867384 0.701749 0.178006 0.233416 0.019542 0.133460 0.098722 0.098722 0.098722 0.299784 0.543404 0.625942 0.178006 0.133460,0 0 0 0 0 0 0 0 0 0 0 0 0 0 0 0 0 0 0 0 0 0 0 0 0 1 1 0 0 0 0 0 0 0 0 1 0 0 0 0 0 0 0 0 0 0 0 0 1 1 0 0 0 0 0 0 1 1 1 1 0 0 0 0 0 0 1 1 0 0 0 0 0 0 0 0 0 0 0 0
22,frames/frame_000022.pgm,126,3.750863,13165893,11.459,57,0.947867,0.411359,49,0.543404,0,24,24,61,61,largest,24,3,2,10,8,none,-1,-1,38 35 33 36 36 33 33 36 38 40 41 40 46 49 50 49 46 44 49 46 44 44 46 52 56 56 57 53 53 50 45 46 46 52 53 51 50 52 53 48 42 43 46 52 52 49 53 53 55 51 41 42 42 44 46 49 54 56 55 50 40 44 40 41 42 46 55 53 49 46 38 45 42 39 41 47 53 54 49 42,0.027260 0.009981 0.005073 0.013977 0.013977 0.005073 0.005073 0.013977 0.027260 0.052496 0.072272 0.052496 0.299784 0.543404 0.625942 0.543404 0.299784 0.178006 0.543404 0.299784 0.178006 0.178006 0.299784 0.767890 0.928217 0.928217 0.947867 0.823062 0.823062 0.625942 0.233416 0.299784 0.299784 0.767890 0.823062 0.701749 0.625942 0.767890 0.823062 0.458412 0.098722 0.133460 0.299784 0.767890 0.767890 0.543404 0.823062 0.823062 0.901927 0.701749 0.072272 0.098722 0.098722 0.178006 0.299784 0.543404 0.867384 0.928217 0.901927 0.625942 0.052496 0.178006 0.052496 0.072272 0.098722 0.299784 0.901927 0.823062 0.543404 0.299784 0.027260 0.233416 0.098722 0.037910 0.072272 0.375772 0.823062 0.867384 0.543404 0.098722,0 0 0 0 0 0 0 0 0 0 0 0 0 0 0 0 0 0 0 0 0 0 0 1 1 1 1 1 1 0 0 0 0 1 1 1 0 1 1 0 0 0 0 1 1 0 1 1 1 1 0 0 0 0 0 0 1 1 1 0 0 0 0 0 0 0 1 1 0 0 0 0 0 0 0 0 1 1 0 0
23,frames/frame_000023.pgm,127,7.431882,13199218,2.699,55,0.901927,0.289208,45,0.233416,0,6,4,62,62,largest,4,8,2,9,6,none,-1,-1,38 33 32 35 34 31 33 35 37 38 41 39 43 44 46 45 43 40 46 43 46 44 47 50 51 51 50 48 51 49 45 46 45 49 47 49 45 46 52 48 44 44 46 49 48 45 49 48 55 49 45 44 45 46 45 45 49 50 53 48 42 44 43 41 42 45 49 48 44 44 40 43 44 40 41 46 49 45 45 41,0.027260 0.005073 0.003614 0.009981 0.007119 0.002573 0.005073 0.009981 0.019542 0.027260 0.072272 0.037910 0.133460 0.178006 0.299784 0.233416 0.133460 0.052496 0.299784 0.133460 0.299784 0.178006 0.375772 0.625942 0.701749 0.701749 0.625942 0.458412 0.701749 0.543404 0.233416 0.299784 0.233416 0.543404 0.375772 0.543404 0.233416 0.299784 0.767890 0.458412 0.178006 0.178006 0.299784 0.543404 0.458412 0.233416 0.543404 0.458412 0.901927 0.543404 0.233416 0.178006 0.233416 0.299784 0.233416 0.233416 0.543404 0.625942 0.823062 0.458412 0.098722 0.178006 0.133460 0.072272 0.098722 0.233416 0.543404 0.458412 0.178006 0.178006 0.052496 0.133460 0.178006 0.052496 0.072272 0.299784 0.543404 0.233416 0.233416 0.072272,0 0 0 0 0 0 0 0 0 0 0 0 0 0 0 0 0 0 0 0 0 0 0 0 1 1 0 0 1 0 0 0 0 0 0 0 0 0 1 0 0 0 0 0 0 0 0 0 1 0 0 0 0 0 0 0 0 0 1 0 0 0 0 0 0 0 0 0 0 0 0 0 0 0 0 0 0 0 0 0
24,frames/frame_000024.pgm,128,7.603434,13232543,3.338,55,0.901927,0.206958,45,0.233416,0,9,9,35,33,largest,9,6,2,10,7,none,-1,-1,37 32 31 33 33 32 31 33 35 38 39 34 34 34 38 40 40 40 46 44 40 37 36 38 42 46 50 49 53 50 40 36 34 39 41 44 45 47 53 50 38 35 36 39 42 45 50 51 55 51 39 38 37 37 40 44 52 54 54 50 39 43 38 34 37 45 51 49 45 45 39 43 40 36 38 42 46 46 44 41,0.019542 0.003614 0.002573 0.005073 0.005073 0.003614 0.002573 0.005073 0.009981 0.027260 0.037910 0.007119 0.007119 0.007119 0.027260 0.052496 0.052496 0.052496 0.299784 0.178006 0.052496 0.019542 0.013977 0.027260 0.098722 0.299784 0.625942 0.543404 0.823062 0.625942 0.052496 0.013977 0.007119 0.037910 0.072272 0.178006 0.233416 0.375772 0.823062 0.625942 0.027260 0.009981 0.013977 0.037910 0.098722 0.233416 0.625942 0.701749 0.901927 0.701749 0.037910 0.027260 0.019542 0.019542 0.052496 0.178006 0.767890 0.867384 0.867384 0.625942 0.037910 0.133460 0.027260 0.007119 0.019542 0.233416 0.701749 0.543404 0.233416 0.233416 0.037910 0.133460 0.052496 0.013977 0.027260 0.098722 0.299784 0.299784 0.178006 0.072272,0 0 0 0 0 0 0 0 0 0 0 0 0 0 0 0 0 0 0 0 0 0 0 0 0 0 0 0 1 0 0 0 0 0 0 0 0 0 1 0 0 0 0 0 0 0 0 1 1 1 0 0 0 0 0 0 1 1 1 0 0 0 0 0 0 0 1 0 0 0 0 0 0 0 0 0 0 0 0 0
25,frames/frame_000025.pgm,136,7.840423,13499176,2.663,59,0.972933,0.382237,51,0.701749,1,19,19,60,58,target,19,4,2,10,7,left,4,64,36 33 32 36 36 33 36 37 40 39 41 38 42 45 47 48 45 44 48 44 45 42 42 46 51 54 55 55 56 50 47 43 42 47 49 50 51 53 54 49 46 44 44 47 50 51 56 56 59 51 44 41 41 43 46 52 59 58 57 50 41 45 40 40 43 50 56 53 50 47 39 45 41 41 42 46 50 47 49 43,0.013977 0.005073 0.003614 0.013977 0.013977 0.005073 0.013977 0.019542 0.052496 0.037910 0.072272 0.027260 0.098722 0.233416 0.375772 0.458412 0.233416 0.178006 0.458412 0.178006 0.233416 0.098722 0.098722 0.299784 0.701749 0.867384 0.901927 0.901927 0.928217 0.625942 0.375772 0.133460 0.098722 0.375772 0.543404 0.625942 0.701749 0.823062 0.867384 0.543404 0.299784 0.178006 0.178006 0.375772 0.625942 0.701749 0.928217 0.928217 0.972933 0.701749 0.178006 0.072272 0.072272 0.133460 0.299784 0.767890 0.972933 0.962356 0.947867 0.625942 0.072272 0.233416 0.052496 0.052496 0.133460 0.625942 0.928217 0.823062 0.625942 0.375772 0.037910 0.233416 0.072272 0.072272 0.098722 0.299784 0.625942 0.375772 0.543404 0.133460,0 0 0 0 0 0 0 0 0 0 0 0 0 0 0 0 0 0 0 0 0 0 0 0 1 1 1 1 1 0 0 0 0 0 0 0 1 1 1 0 0 0 0 0 0 1 1 1 1 1 0 0 0 0 0 1 1 1 1 0 0 0 0 0 0 0 1 1 0 0 0 0 0 0 0 0 0 0 0 0
26,frames/frame_000026.pgm,202,7.989751,15698974,2.703,59,0.972933,0.379646,46,0.299784,0,26,26,47,45,largest,26,5,0,10,8,none,-1,-1,32 34 33 41 48 51 54 51 52 46 36 37 36 38 40 49 54 54 57 51 34 35 36 35 41 47 51 58 54 55 37 36 32 33 39 44 49 58 54 54 33 34 32 34 36 46 49 56 54 53 38 39 38 39 41 48 54 59 54 51 38 47 41 43 46 50 55 56 51 48 36 43 40 42 42 47 49 53 49 45,0.003614 0.007119 0.005073 0.072272 0.458412 0.701749 0.867384 0.701749 0.767890 0.299784 0.013977 0.019542 0.013977 0.027260 0.052496 0.543404 0.867384 0.867384 0.947867 0.701749 0.007119 0.009981 0.013977 0.009981 0.072272 0.375772 0.701749 0.962356 0.867384 0.901927 0.019542 0.013977 0.003614 0.005073 0.037910 0.178006 0.543404 0.962356 0.867384 0.867384 0.005073 0.007119 0.003614 0.007119 0.013977 0.299784 0.543404 0.928217 0.867384 0.823062 0.027260 0.037910 0.027260 0.037910 0.072272 0.458412 0.867384 0.972933 0.867384 0.701749 0.027260 0.375772 0.072272 0.133460 0.299784 0.625942 0.901927 0.928217 0.701749 0.458412 0.013977 0.133460 0.052496 0.098722 0.098722 0.375772 0.543404 0.823062 0.543404 0.233416,0 0 0 0 0 1 1 1 1 0 0 0 0 0 0 0 1 1 1 1 0 0 0 0 0 0 1 1 1 1 0 0 0 0 0 0 0 1 1 1 0 0 0 0 0 0 0 1 1 1 0 0 0 0 0 0 1 1 1 1 0 0 0 0 0 0 1 1 1 0 0 0 0 0 0 0 0 1 0 0
27,frames/frame_000027.pgm,248,8.358909,17232177,2.701,57,0.947867,0.247647,54,0.867384,1,12,12,39,39,target,12,2,2,7,7,right,7,112,34 31 31 31 35 36 39 34 39 36 40 42 43 41 40 41 42 38 40 37 47 48 50 51 51 50 49 41 36 33 45 48 49 49 51 56 52 43 41 33 44 45 52 52 53 54 47 43 39 32 41 44 53 57 49 47 45 39 35 36 38 41 49 55 47 40 39 37 38 36 36 38 43 48 42 42 40 37 41 36,0.007119 0.002573 0.002573 0.002573 0.009981 0.013977 0.037910 0.007119 0.037910 0.013977 0.052496 0.098722 0.133460 0.072272 0.052496 0.072272 0.098722 0.027260 0.052496 0.019542 0.375772 0.458412 0.625942 0.701749 0.701749 0.625942 0.543404 0.072272 0.013977 0.005073 0.233416 0.458412 0.543404 0.543404 0.701749 0.928217 0.767890 0.133460 0.072272 0.005073 0.178006 0.233416 0.767890 0.767890 0.823062 0.867384 0.375772 0.133460 0.037910 0.003614 0.072272 0.178006 0.823062 0.947867 0.543404 0.375772 0.233416 0.037910 0.009981 0.013977 0.027260 0.072272 0.543404 0.901927 0.375772 0.052496 0.037910 0.019542 0.027260 0.013977 0.013977 0.027260 0.133460 0.458412 0.098722 0.098722 0.052496 0.019542 0.072272 0.013977,0 0 0 0 0 0 0 0 0 0 0 0 0 0 0 0 0 0 0 0 0 0 0 1 1 0 0 0 0 0 0 0 0 0 1 1 1 0 0 0 0 0 1 1 1 1 0 0 0 0 0 0 1 1 0 0 0 0 0 0 0 0 0 1 0 0 0 0 0 0 0 0 0 0 0 0 0 0 0 0
28,frames/frame_000028.pgm,253,8.710940,17398834,3.262,62,0.990091,0.419671,61,0.986123,1,28,28,57,56,target,28,0,2,7,8,right,7,112,37 33 34 34 40 41 43 37 43 36 43 44 46 44 46 49 49 44 44 37 50 51 56 58 62 58 56 46 40 36 51 54 57 55 56 62 58 45 44 37 49 51 60 57 58 61 56 46 40 35 45 49 58 61 52 55 51 42 39 41 40 43 54 59 52 44 42 38 41 40 37 43 47 53 46 45 44 41 45 40,0.019542 0.005073 0.007119 0.007119 0.052496 0.072272 0.133460 0.019542 0.133460 0.013977 0.133460 0.178006 0.299784 0.178006 0.299784 0.543404 0.543404 0.178006 0.178006 0.019542 0.625942 0.701749 0.928217 0.962356 0.990091 0.962356 0.928217 0.299784 0.052496 0.013977 0.701749 0.867384 0.947867 0.901927 0.928217 0.990091 0.962356 0.233416 0.178006 0.019542 0.543404 0.701749 0.980598 0.947867 0.962356 0.986123 0.928217 0.299784 0.052496 0.009981 0.233416 0.543404 0.962356 0.986123 0.767890 0.901927 0.701749 0.098722 0.037910 0.072272 0.052496 0.133460 0.867384 0.972933 0.767890 0.178006 0.098722 0.027260 0.072272 0.052496 0.019542 0.133460 0.375772 0.823062 0.299784 0.233416 0.178006 0.072272 0.233416 0.052496,0 0 0 0 0 0 0 0 0 0 0 0 0 0 0 0 0 0 0 0 0 1 1 1 1 1 1 0 0 0 1 1 1 1 1 1 1 0 0 0 0 1 1 1 1 1 1 0 0 0 0 0 1 1 1 1 1 0 0 0 0 0 1 1 1 0 0 0 0 0 0 0 0 1 0 0 0 0 0 0
29,frames/frame_000029.pgm,3,9.286084,17598815,2.635,56,0.928217,0.238238,44,0.178006,0,14,14,36,36,largest,14,0,2,5,6,none,-1,-1,32 34 33 37 36 41 36 34 28 30 46 48 48 47 46 43 40 36 28 30 53 52 54 52 52 45 40 36 32 31 55 54 53 54 52 48 43 37 33 30 52 53 55 49 47 44 41 35 32 31 48 50 56 46 42 42 38 37 33 35 42 43 50 43 38 38 37 32 32 37 39 38 43 38 39 37 35 34 37 35,0.003614 0.007119 0.005073 0.019542 0.013977 0.072272 0.013977 0.007119 0.000927 0.001831 0.299784 0.458412 0.458412 0.375772 0.299784 0.133460 0.052496 0.013977 0.000927 0.001831 0.823062 0.767890 0.867384 0.767890 0.767890 0.233416 0.052496 0.013977 0.003614 0.002573 0.901927 0.867384 0.823062 0.867384 0.767890 0.458412 0.133460 0.019542 0.005073 0.001831 0.767890 0.823062 0.901927 0.543404 0.375772 0.178006 0.072272 0.009981 0.003614 0.002573 0.458412 0.625942 0.928217 0.299784 0.098722 0.098722 0.027260 0.019542 0.005073 0.009981 0.098722 0.133460 0.625942 0.133460 0.027260 0.027260 0.019542 0.003614 0.003614 0.019542 0.037910 0.027260 0.133460 0.027260 0.037910 0.019542 0.009981 0.007119 0.019542 0.009981,0 0 0 0 0 0 0 0 0 0 0 0 0 0 0 0 0 0 0 0 1 1 1 1 1 0 0 0 0 0 1 1 1 1 1 0 0 0 0 0 1 1 1 0 0 0 0 0 0 0 0 0 1 0 0 0 0 0 0 0 0 0 0 0 0 0 0 0 0 0 0 0 0 0 0 0 0 0 0 0
30,frames/frame_000030.pgm,10,9.780668,17832122,3.033,51,0.701749,0.156629,45,0.233416,0,2,1,35,35,largest,1,0,3,1,4,none,-1,-1,33 32 31 35 36 41 41 39 33 33 42 43 41 42 42 43 41 41 33 34 48 49 48 46 49 45 43 41 36 36 51 49 45 46 49 48 43 41 36 31 47 48 49 45 47 45 43 37 34 32 46 47 51 45 44 40 39 39 34 35 42 43 48 45 40 41 37 35 34 37 37 37 41 37 40 40 38 36 38 35,0.005073 0.003614 0.002573 0.009981 0.013977 0.072272 0.072272 0.037910 0.005073 0.005073 0.098722 0.133460 0.072272 0.098722 0.098722 0.133460 0.072272 0.072272 0.005073 0.007119 0.458412 0.543404 0.458412 0.299784 0.543404 0.233416 0.133460 0.072272 0.013977 0.013977 0.701749 0.543404 0.233416 0.299784 0.543404 0.458412 0.133460 0.072272 0.013977 0.002573 0.375772 0.458412 0.543404 0.233416 0.375772 0.233416 0.133460 0.019542 0.007119 0.003614 0.299784 0.375772 0.701749 0.233416 0.178006 0.052496 0.037910 0.037910 0.007119 0.009981 0.098722 0.133460 0.458412 0.233416 0.052496 0.072272 0.019542 0.009981 0.007119 0.019542 0.019542 0.019542 0.072272 0.019542 0.052496 0.052496 0.027260 0.013977 0.027260 0.009981,0 0 0 0 0 0 0 0 0 0 0 0 0 0 0 0 0 0 0 0 0 0 0 0 0 0 0 0 0 0 1 0 0 0 0 0 0 0 0 0 0 0 0 0 0 0 0 0 0 0 0 0 1 0 0 0 0 0 0 0 0 0 0 0 0 0 0 0 0 0 0 0 0 0 0 0 0 0 0 0
31,frames/frame_000031.pgm,14,9.975228,17965454,2.992,54,0.867384,0.143072,47,0.375772,0,4,4,38,38,largest,4,4,2,6,5,none,-1,-1,34 30 30 35 38 42 40 39 32 33 40 39 37 41 44 45 43 41 35 37 43 43 42 46 51 49 45 43 36 40 46 44 42 46 54 51 46 42 37 36 44 46 44 45 51 47 42 41 36 34 45 45 45 42 46 44 40 41 36 36 44 45 46 42 41 41 38 37 36 39 42 41 41 38 41 41 39 36 38 36,0.007119 0.001831 0.001831 0.009981 0.027260 0.098722 0.052496 0.037910 0.003614 0.005073 0.052496 0.037910 0.019542 0.072272 0.178006 0.233416 0.133460 0.072272 0.009981 0.019542 0.133460 0.133460 0.098722 0.299784 0.701749 0.543404 0.233416 0.133460 0.013977 0.052496 0.299784 0.178006 0.098722 0.299784 0.867384 0.701749 0.299784 0.098722 0.019542 0.013977 0.178006 0.299784 0.178006 0.233416 0.701749 0.375772 0.098722 0.072272 0.013977 0.007119 0.233416 0.233416 0.233416 0.098722 0.299784 0.178006 0.052496 0.072272 0.013977 0.013977 0.178006 0.233416 0.299784 0.098722 0.072272 0.072272 0.027260 0.019542 0.013977 0.037910 0.098722 0.072272 0.072272 0.027260 0.072272 0.072272 0.037910 0.013977 0.027260 0.013977,0 0 0 0 0 0 0 0 0 0 0 0 0 0 0 0 0 0 0 0 0 0 0 0 1 0 0 0 0 0 0 0 0 0 1 1 0 0 0 0 0 0 0 0 1 0 0 0 0 0 0 0 0 0 0 0 0 0 0 0 0 0 0 0 0 0 0 0 0 0 0 0 0 0 0 0 0 0 0 0
32,frames/frame_000032.pgm,25,10.047119,18332092,2.737,56,0.928217,0.314506,45,0.233416,0,12,8,62,61,largest,8,3,1,5,6,none,-1,-1,40 38 36 39 42 41 39 37 36 36 46 44 45 51 49 46 44 41 40 38 50 48 48 56 55 47 46 44 41 43 53 47 49 52 53 48 44 43 40 41 54 45 48 53 52 45 45 41 37 43 54 46 50 51 48 42 44 42 42 46 51 48 47 47 45 43 43 41 43 45 42 45 44 46 47 49 49 46 46 45,0.052496 0.027260 0.013977 0.037910 0.098722 0.072272 0.037910 0.019542 0.013977 0.013977 0.299784 0.178006 0.233416 0.701749 0.543404 0.299784 0.178006 0.072272 0.052496 0.027260 0.625942 0.458412 0.458412 0.928217 0.901927 0.375772 0.299784 0.178006 0.072272 0.133460 0.823062 0.375772 0.543404 0.767890 0.823062 0.458412 0.178006 0.133460 0.052496 0.072272 0.867384 0.233416 0.458412 0.823062 0.767890 0.233416 0.233416 0.072272 0.019542 0.133460 0.867384 0.299784 0.625942 0.701749 0.458412 0.098722 0.178006 0.098722 0.098722 0.299784 0.701749 0.458412 0.375772 0.375772 0.233416 0.133460 0.133460 0.072272 0.133460 0.233416 0.098722 0.233416 0.178006 0.299784 0.375772 0.543404 0.543404 0.299784 0.299784 0.233416,0 0 0 0 0 0 0 0 0 0 0 0 0 1 0 0 0 0 0 0 0 0 0 1 1 0 0 0 0 0 1 0 0 1 1 0 0 0 0 0 1 0 0 1 1 0 0 0 0 0 1 0 0 1 0 0 0 0 0 0 1 0 0 0 0 0 0 0 0 0 0 0 0 0 0 0 0 0 0 0
33,frames/frame_000033.pgm,36,10.253681,18698699,3.089,52,0.767890,0.162196,43,0.133460,0,2,2,49,49,largest,2,4,2,5,4,none,-1,-1,37 34 35 38 41 42 40 38 36 36 42 39 40 45 46 45 43 41 40 40 45 42 41 49 51 45 45 43 40 45 48 41 44 49 52 46 43 41 41 43 48 41 43 47 48 43 42 40 37 44 49 43 44 45 44 40 44 41 41 44 44 45 42 42 43 41 41 40 40 42 38 42 37 42 45 44 44 42 44 42,0.019542 0.007119 0.009981 0.027260 0.072272 0.098722 0.052496 0.027260 0.013977 0.013977 0.098722 0.037910 0.052496 0.233416 0.299784 0.233416 0.133460 0.072272 0.052496 0.052496 0.233416 0.098722 0.072272 0.543404 0.701749 0.233416 0.233416 0.133460 0.052496 0.233416 0.458412 0.072272 0.178006 0.543404 0.767890 0.299784 0.133460 0.072272 0.072272 0.133460 0.458412 0.072272 0.133460 0.375772 0.458412 0.133460 0.098722 0.052496 0.019542 0.178006 0.543404 0.133460 0.178006 0.233416 0.178006 0.052496 0.178006 0.072272 0.072272 0.178006 0.178006 0.233416 0.098722 0.098722 0.133460 0.072272 0.072272 0.052496 0.052496 0.098722 0.027260 0.098722 0.019542 0.098722 0.233416 0.178006 0.178006 0.098722 0.178006 0.098722,0 0 0 0 0 0 0 0 0 0 0 0 0 0 0 0 0 0 0 0 0 0 0 0 1 0 0 0 0 0 0 0 0 0 1 0 0 0 0 0 0 0 0 0 0 0 0 0 0 0 0 0 0 0 0 0 0 0 0 0 0 0 0 0 0 0 0 0 0 0 0 0 0 0 0 0 0 0 0 0
34,frames/frame_000034.pgm,55,10.377790,19332000,2.831,64,0.994963,0.486352,59,0.972933,1,33,33,56,56,target,33,0,1,7,8,right,7,112,39 34 31 35 36 31 34 37 40 39 44 44 49 49 51 47 43 41 45 42 50 52 56 57 64 64 57 43 47 41 53 54 59 59 59 59 56 47 47 39 54 54 57 58 59 59 58 48 44 37 51 50 56 57 60 62 57 48 41 39 43 47 50 51 56 62 59 43 38 40 36 39 40 41 48 55 54 45 39 40,0.037910 0.007119 0.002573 0.009981 0.013977 0.002573 0.007119 0.019542 0.052496 0.037910 0.178006 0.178006 0.543404 0.543404 0.701749 0.375772 0.133460 0.072272 0.233416 0.098722 0.625942 0.767890 0.928217 0.947867 0.994963 0.994963 0.947867 0.133460 0.375772 0.072272 0.823062 0.867384 0.972933 0.972933 0.972933 0.972933 0.928217 0.375772 0.375772 0.037910 0.867384 0.867384 0.947867 0.962356 0.972933 0.972933 0.962356 0.458412 0.178006 0.019542 0.701749 0.625942 0.928217 0.947867 0.980598 0.990091 0.947867 0.458412 0.072272 0.037910 0.133460 0.375772 0.625942 0.701749 0.928217 0.990091 0.972933 0.133460 0.027260 0.052496 0.013977 0.037910 0.052496 0.072272 0.458412 0.901927 0.867384 0.233416 0.037910 0.052496,0 0 0 0 0 0 0 0 0 0 0 0 0 0 1 0 0 0 0 0 0 1 1 1 1 1 1 0 0 0 1 1 1 1 1 1 1 0 0 0 1 1 1 1 1 1 1 0 0 0 1 0 1 1 1 1 1 0 0 0 0 0 0 1 1 1 1 0 0 0 0 0 0 0 0 1 1 0 0 0
35,frames/frame_000035.pgm,67,10.440804,19731964,9.981,57,0.947867,0.269034,53,0.823062,1,15,15,37,37,target,15,5,1,10,6,left,5,80,31 24 21 24 29 36 40 39 40 36 32 28 24 26 34 47 51 54 52 47 30 30 29 28 35 48 50 51 54 49 32 30 31 27 31 49 54 56 57 51 34 29 31 30 33 53 56 56 54 50 35 30 31 34 41 50 56 53 48 46 34 35 36 41 44 48 49 48 44 42 35 37 36 43 47 48 46 43 42 40,0.002573 0.000237 0.000085 0.000237 0.001303 0.013977 0.052496 0.037910 0.052496 0.013977 0.003614 0.000927 0.000237 0.000469 0.007119 0.375772 0.701749 0.867384 0.767890 0.375772 0.001831 0.001831 0.001303 0.000927 0.009981 0.458412 0.625942 0.701749 0.867384 0.543404 0.003614 0.001831 0.002573 0.000659 0.002573 0.543404 0.867384 0.928217 0.947867 0.701749 0.007119 0.001303 0.002573 0.001831 0.005073 0.823062 0.928217 0.928217 0.867384 0.625942 0.009981 0.001831 0.002573 0.007119 0.072272 0.625942 0.928217 0.823062 0.458412 0.299784 0.007119 0.009981 0.013977 0.072272 0.178006 0.458412 0.543404 0.458412 0.178006 0.098722 0.009981 0.019542 0.013977 0.133460 0.375772 0.458412 0.299784 0.133460 0.098722 0.052496,0 0 0 0 0 0 0 0 0 0 0 0 0 0 0 0 1 1 1 0 0 0 0 0 0 0 0 1 1 0 0 0 0 0 0 0 1 1 1 1 0 0 0 0 0 1 1 1 1 0 0 0 0 0 0 0 1 1 0 0 0 0 0 0 0 0 0 0 0 0 0 0 0 0 0 0 0 0 0 0
36,frames/frame_000036.pgm,73,10.459233,19931945,2.810,53,0.823062,0.154414,35,0.009981,0,6,6,26,26,largest,6,8,2,10,6,none,-1,-1,35 33 33 31 29 31 33 34 38 39 35 36 35 34 32 33 36 43 44 48 35 34 36 37 33 34 38 44 49 52 39 34 33 37 34 31 37 47 52 53 39 37 35 38 36 35 40 50 53 51 40 36 37 38 39 41 41 49 53 48 38 39 37 39 44 44 45 47 50 45 40 37 35 37 42 44 46 46 47 38,0.009981 0.005073 0.005073 0.002573 0.001303 0.002573 0.005073 0.007119 0.027260 0.037910 0.009981 0.013977 0.009981 0.007119 0.003614 0.005073 0.013977 0.133460 0.178006 0.458412 0.009981 0.007119 0.013977 0.019542 0.005073 0.007119 0.027260 0.178006 0.543404 0.767890 0.037910 0.007119 0.005073 0.019542 0.007119 0.002573 0.019542 0.375772 0.767890 0.823062 0.037910 0.019542 0.009981 0.027260 0.013977 0.009981 0.052496 0.625942 0.823062 0.701749 0.052496 0.013977 0.019542 0.027260 0.037910 0.072272 0.072272 0.543404 0.823062 0.458412 0.027260 0.037910 0.019542 0.037910 0.178006 0.178006 0.233416 0.375772 0.625942 0.233416 0.052496 0.019542 0.009981 0.019542 0.098722 0.178006 0.299784 0.299784 0.375772 0.027260,0 0 0 0 0 0 0 0 0 0 0 0 0 0 0 0 0 0 0 0 0 0 0 0 0 0 0 0 0 1 0 0 0 0 0 0 0 0 1 1 0 0 0 0 0 0 0 0 1 1 0 0 0 0 0 0 0 0 1 0 0 0 0 0 0 0 0 0 0 0 0 0 0 0 0 0 0 0 0 0
37,frames/frame_000037.pgm,77,10.498208,20065246,2.872,43,0.133460,0.019260,33,0.005073,0,0,0,4,2,none,0,-1,-1,-1,-1,none,-1,-1,31 30 29 30 28 28 28 30 31 35 31 32 29 31 29 27 29 31 33 35 29 31 32 34 33 29 31 32 34 40 33 36 35 38 36 33 30 25 29 39 36 37 38 40 37 33 28 26 27 43 39 39 36 40 37 36 33 34 33 43 39 42 38 39 37 36 35 33 37 41 40 43 38 38 39 36 35 32 37 36,0.002573 0.001831 0.001303 0.001831 0.000927 0.000927 0.000927 0.001831 0.002573 0.009981 0.002573 0.003614 0.001303 0.002573 0.001303 0.000659 0.001303 0.002573 0.005073 0.009981 0.001303 0.002573 0.003614 0.007119 0.005073 0.001303 0.002573 0.003614 0.007119 0.052496 0.005073 0.013977 0.009981 0.027260 0.013977 0.005073 0.001831 0.000334 0.001303 0.037910 0.013977 0.019542 0.027260 0.052496 0.019542 0.005073 0.000927 0.000469 0.000659 0.133460 0.037910 0.037910 0.013977 0.052496 0.019542 0.013977 0.005073 0.007119 0.005073 0.133460 0.037910 0.098722 0.027260 0.037910 0.019542 0.013977 0.009981 0.005073 0.019542 0.072272 0.052496 0.133460 0.027260 0.027260 0.037910 0.013977 0.009981 0.003614 0.019542 0.013977,0 0 0 0 0 0 0 0 0 0 0 0 0 0 0 0 0 0 0 0 0 0 0 0 0 0 0 0 0 0 0 0 0 0 0 0 0 0 0 0 0 0 0 0 0 0 0 0 0 0 0 0 0 0 0 0 0 0 0 0 0 0 0 0 0 0 0 0 0 0 0 0 0 0 0 0 0 0 0 0
38,frames/frame_000038.pgm,83,10.516317,20265228,2.863,45,0.233416,0.045548,34,0.007119,0,0,0,14,7,none,0,-1,-1,-1,-1,none,-1,-1,36 34 32 29 27 26 26 27 29 33 38 37 35 37 31 26 29 29 33 40 36 33 35 37 36 31 31 30 36 44 39 36 37 38 37 32 29 26 34 44 39 37 37 40 36 34 33 31 36 45 42 38 39 40 40 40 41 38 38 44 41 44 42 42 41 42 43 39 42 44 42 41 41 41 40 41 41 39 44 41,0.013977 0.007119 0.003614 0.001303 0.000659 0.000469 0.000469 0.000659 0.001303 0.005073 0.027260 0.019542 0.009981 0.019542 0.002573 0.000469 0.001303 0.001303 0.005073 0.052496 0.013977 0.005073 0.009981 0.019542 0.013977 0.002573 0.002573 0.001831 0.013977 0.178006 0.037910 0.013977 0.019542 0.027260 0.019542 0.003614 0.001303 0.000469 0.007119 0.178006 0.037910 0.019542 0.019542 0.052496 0.013977 0.007119 0.005073 0.002573 0.013977 0.233416 0.098722 0.027260 0.037910 0.052496 0.052496 0.052496 0.072272 0.027260 0.027260 0.178006 0.072272 0.178006 0.098722 0.098722 0.072272 0.098722 0.133460 0.037910 0.098722 0.178006 0.098722 0.072272 0.072272 0.072272 0.052496 0.072272 0.072272 0.037910 0.178006 0.072272,0 0 0 0 0 0 0 0 0 0 0 0 0 0 0 0 0 0 0 0 0 0 0 0 0 0 0 0 0 0 0 0 0 0 0 0 0 0 0 0 0 0 0 0 0 0 0 0 0 0 0 0 0 0 0 0 0 0 0 0 0 0 0 0 0 0 0 0 0 0 0 0 0 0 0 0 0 0 0 0
39,frames/frame_000039.pgm,86,10.656296,20365234,4.734,47,0.375772,0.047170,33,0.005073,0,0,0,14,8,none,0,-1,-1,-1,-1,none,-1,-1,36 35 32 31 26 24 25 26 28 32 41 39 39 39 30 25 26 27 33 38 42 38 38 39 33 29 28 30 35 42 45 40 40 41 38 32 27 26 32 39 47 43 44 44 35 33 33 29 35 42 44 41 43 41 38 37 38 37 36 42 41 43 41 42 39 39 38 36 40 41 42 41 40 39 38 37 36 36 41 39,0.013977 0.009981 0.003614 0.002573 0.000469 0.000237 0.000334 0.000469 0.000927 0.003614 0.072272 0.037910 0.037910 0.037910 0.001831 0.000334 0.000469 0.000659 0.005073 0.027260 0.098722 0.027260 0.027260 0.037910 0.005073 0.001303 0.000927 0.001831 0.009981 0.098722 0.233416 0.052496 0.052496 0.072272 0.027260 0.003614 0.000659 0.000469 0.003614 0.037910 0.375772 0.133460 0.178006 0.178006 0.009981 0.005073 0.005073 0.001303 0.009981 0.098722 0.178006 0.072272 0.133460 0.072272 0.027260 0.019542 0.027260 0.019542 0.013977 0.098722 0.072272 0.133460 0.072272 0.098722 0.037910 0.037910 0.027260 0.013977 0.052496 0.072272 0.098722 0.072272 0.052496 0.037910 0.027260 0.019542 0.013977 0.013977 0.072272 0.037910,0 0 0 0 0 0 0 0 0 0 0 0 0 0 0 0 0 0 0 0 0 0 0 0 0 0 0 0 0 0 0 0 0 0 0 0 0 0 0 0 0 0 0 0 0 0 0 0 0 0 0 0 0 0 0 0 0 0 0 0 0 0 0 0 0 0 0 0 0 0 0 0 0 0 0 0 0 0 0 0
40,frames/frame_000040.pgm,88,10.665802,20431884,2.745,49,0.543404,0.110354,37,0.019542,0,0,0,38,38,none,0,-1,-1,-1,-1,none,-1,-1,38 34 33 32 31 29 28 27 30 31 42 38 37 39 34 28 31 33 36 39 43 37 38 40 37 32 33 33 37 43 47 41 41 41 40 35 32 33 38 43 49 46 45 45 40 37 37 36 41 43 49 43 45 44 43 43 42 43 42 46 46 47 46 47 43 43 44 43 45 45 43 44 43 44 42 42 40 41 45 42,0.027260 0.007119 0.005073 0.003614 0.002573 0.001303 0.000927 0.000659 0.001831 0.002573 0.098722 0.027260 0.019542 0.037910 0.007119 0.000927 0.002573 0.005073 0.013977 0.037910 0.133460 0.019542 0.027260 0.052496 0.019542 0.003614 0.005073 0.005073 0.019542 0.133460 0.375772 0.072272 0.072272 0.072272 0.052496 0.009981 0.003614 0.005073 0.027260 0.133460 0.543404 0.299784 0.233416 0.233416 0.052496 0.019542 0.019542 0.013977 0.072272 0.133460 0.543404 0.133460 0.233416 0.178006 0.133460 0.133460 0.098722 0.133460 0.098722 0.299784 0.299784 0.375772 0.299784 0.375772 0.133460 0.133460 0.178006 0.133460 0.233416 0.233416 0.133460 0.178006 0.133460 0.178006 0.098722 0.098722 0.052496 0.072272 0.233416 0.098722,0 0 0 0 0 0 0 0 0 0 0 0 0 0 0 0 0 0 0 0 0 0 0 0 0 0 0 0 0 0 0 0 0 0 0 0 0 0 0 0 0 0 0 0 0 0 0 0 0 0 0 0 0 0 0 0 0 0 0 0 0 0 0 0 0 0 0 0 0 0 0 0 0 0 0 0 0 0 0 0
41,frames/frame_000041.pgm,89,10.683617,20465209,2.757,51,0.701749,0.138937,39,0.037910,0,1,1,42,42,largest,1,0,4,1,5,none,-1,-1,39 35 35 32 31 30 30 27 30 31 44 40 40 40 36 29 32 32 37 38 44 40 40 43 38 34 33 34 38 43 49 41 42 45 44 37 33 34 38 43 51 46 47 48 43 39 38 36 40 43 49 44 46 45 45 43 42 42 41 46 47 48 48 47 44 43 44 42 45 44 44 45 45 45 43 43 40 41 45 42,0.037910 0.009981 0.009981 0.003614 0.002573 0.001831 0.001831 0.000659 0.001831 0.002573 0.178006 0.052496 0.052496 0.052496 0.013977 0.001303 0.003614 0.003614 0.019542 0.027260 0.178006 0.052496 0.052496 0.133460 0.027260 0.007119 0.005073 0.007119 0.027260 0.133460 0.543404 0.072272 0.098722 0.233416 0.178006 0.019542 0.005073 0.007119 0.027260 0.133460 0.701749 0.299784 0.375772 0.458412 0.133460 0.037910 0.027260 0.013977 0.052496 0.133460 0.543404 0.178006 0.299784 0.233416 0.233416 0.133460 0.098722 0.098722 0.072272 0.299784 0.375772 0.458412 0.458412 0.375772 0.178006 0.133460 0.178006 0.098722 0.233416 0.178006 0.178006 0.233416 0.233416 0.233416 0.133460 0.133460 0.052496 0.072272 0.233416 0.098722,0 0 0 0 0 0 0 0 0 0 0 0 0 0 0 0 0 0 0 0 0 0 0 0 0 0 0 0 0 0 0 0 0 0 0 0 0 0 0 0 1 0 0 0 0 0 0 0 0 0 0 0 0 0 0 0 0 0 0 0 0 0 0 0 0 0 0 0 0 0 0 0 0 0 0 0 0 0 0 0
42,frames/frame_000042.pgm,93,10.701450,20598541,3.248,51,0.701749,0.144067,35,0.009981,0,1,1,39,39,largest,1,9,3,10,4,none,-1,-1,37 32 33 31 29 30 31 30 31 32 39 37 37 39 33 30 33 32 37 43 40 37 38 40 36 34 34 35 40 50 45 41 40 40 39 34 32 33 41 51 47 45 43 44 38 35 36 35 42 50 49 43 43 43 41 42 42 42 44 48 48 49 45 45 42 43 44 44 48 48 46 48 46 45 43 43 43 44 48 43,0.019542 0.003614 0.005073 0.002573 0.001303 0.001831 0.002573 0.001831 0.002573 0.003614 0.037910 0.019542 0.019542 0.037910 0.005073 0.001831 0.005073 0.003614 0.019542 0.133460 0.052496 0.019542 0.027260 0.052496 0.013977 0.007119 0.007119 0.009981 0.052496 0.625942 0.233416 0.072272 0.052496 0.052496 0.037910 0.007119 0.003614 0.005073 0.072272 0.701749 0.375772 0.233416 0.133460 0.178006 0.027260 0.009981 0.013977 0.009981 0.098722 0.625942 0.543404 0.133460 0.133460 0.133460 0.072272 0.098722 0.098722 0.098722 0.178006 0.458412 0.458412 0.543404 0.233416 0.233416 0.098722 0.133460 0.178006 0.178006 0.458412 0.458412 0.299784 0.458412 0.299784 0.233416 0.133460 0.133460 0.133460 0.178006 0.458412 0.133460,0 0 0 0 0 0 0 0 0 0 0 0 0 0 0 0 0 0 0 0 0 0 0 0 0 0 0 0 0 0 0 0 0 0 0 0 0 0 0 1 0 0 0 0 0 0 0 0 0 0 0 0 0 0 0 0 0 0 0 0 0 0 0 0 0 0 0 0 0 0 0 0 0 0 0 0 0 0 0 0
43,frames/frame_000043.pgm,94,10.765781,20631866,2.970,49,0.543404,0.108675,36,0.013977,0,0,0,32,32,none,0,-1,-1,-1,-1,none,-1,-1,37 32 31 30 28 28 28 27 28 31 41 37 36 37 33 28 32 29 33 40 43 36 34 38 36 33 35 33 37 45 46 39 37 38 39 35 31 30 35 44 45 43 41 43 37 36 35 33 38 45 47 42 44 44 41 40 40 39 39 44 47 49 47 47 43 43 42 40 43 44 45 49 49 47 46 45 43 43 45 42,0.019542 0.003614 0.002573 0.001831 0.000927 0.000927 0.000927 0.000659 0.000927 0.002573 0.072272 0.019542 0.013977 0.019542 0.005073 0.000927 0.003614 0.001303 0.005073 0.052496 0.133460 0.013977 0.007119 0.027260 0.013977 0.005073 0.009981 0.005073 0.019542 0.233416 0.299784 0.037910 0.019542 0.027260 0.037910 0.009981 0.002573 0.001831 0.009981 0.178006 0.233416 0.133460 0.072272 0.133460 0.019542 0.013977 0.009981 0.005073 0.027260 0.233416 0.375772 0.098722 0.178006 0.178006 0.072272 0.052496 0.052496 0.037910 0.037910 0.178006 0.375772 0.543404 0.375772 0.375772 0.133460 0.133460 0.098722 0.052496 0.133460 0.178006 0.233416 0.543404 0.543404 0.375772 0.299784 0.233416 0.133460 0.133460 0.233416 0.098722,0 0 0 0 0 0 0 0 0 0 0 0 0 0 0 0 0 0 0 0 0 0 0 0 0 0 0 0 0 0 0 0 0 0 0 0 0 0 0 0 0 0 0 0 0 0 0 0 0 0 0 0 0 0 0 0 0 0 0 0 0 0 0 0 0 0 0 0 0 0 0 0 0 0 0 0 0 0 0 0
44,frames/frame_000044.pgm,95,10.809461,20665191,3.143,48,0.458412,0.097467,35,0.009981,0,0,0,29,29,none,0,-1,-1,-1,-1,none,-1,-1,37 32 32 30 28 27 28 26 28 34 41 37 35 36 31 26 31 28 34 41 42 37 35 36 33 29 31 30 36 44 47 40 39 38 37 33 27 27 34 43 46 43 43 43 37 35 34 32 38 46 47 41 43 44 41 39 38 38 39 46 45 47 46 45 41 41 41 40 44 45 45 48 47 46 44 44 42 42 46 44,0.019542 0.003614 0.003614 0.001831 0.000927 0.000659 0.000927 0.000469 0.000927 0.007119 0.072272 0.019542 0.009981 0.013977 0.002573 0.000469 0.002573 0.000927 0.007119 0.072272 0.098722 0.019542 0.009981 0.013977 0.005073 0.001303 0.002573 0.001831 0.013977 0.178006 0.375772 0.052496 0.037910 0.027260 0.019542 0.005073 0.000659 0.000659 0.007119 0.133460 0.299784 0.133460 0.133460 0.133460 0.019542 0.009981 0.007119 0.003614 0.027260 0.299784 0.375772 0.072272 0.133460 0.178006 0.072272 0.037910 0.027260 0.027260 0.037910 0.299784 0.233416 0.375772 0.299784 0.233416 0.072272 0.072272 0.072272 0.052496 0.178006 0.233416 0.233416 0.458412 0.375772 0.299784 0.178006 0.178006 0.098722 0.098722 0.299784 0.178006,0 0 0 0 0 0 0 0 0 0 0 0 0 0 0 0 0 0 0 0 0 0 0 0 0 0 0 0 0 0 0 0 0 0 0 0 0 0 0 0 0 0 0 0 0 0 0 0 0 0 0 0 0 0 0 0 0 0 0 0 0 0 0 0 0 0 0 0 0 0 0 0 0 0 0 0 0 0 0 0
45,frames/frame_000045.pgm,96,10.872655,20698547,2.930,51,0.701749,0.138236,36,0.013977,0,2,2,34,21,largest,2,9,3,10,5,none,-1,-1,36 32 32 31 28 30 31 29 31 32 39 37 36 36 32 29 35 34 38 44 39 35 35 36 34 32 34 35 40 49 44 37 37 37 37 33 32 35 43 51 44 43 38 41 38 36 37 37 43 51 47 42 41 42 41 42 44 44 47 49 45 47 43 44 41 43 46 46 50 50 46 47 44 41 41 43 45 46 49 46,0.013977 0.003614 0.003614 0.002573 0.000927 0.001831 0.002573 0.001303 0.002573 0.003614 0.037910 0.019542 0.013977 0.013977 0.003614 0.001303 0.009981 0.007119 0.027260 0.178006 0.037910 0.009981 0.009981 0.013977 0.007119 0.003614 0.007119 0.009981 0.052496 0.543404 0.178006 0.019542 0.019542 0.019542 0.019542 0.005073 0.003614 0.009981 0.133460 0.701749 0.178006 0.133460 0.027260 0.072272 0.027260 0.013977 0.019542 0.019542 0.133460 0.701749 0.375772 0.098722 0.072272 0.098722 0.072272 0.098722 0.178006 0.178006 0.375772 0.543404 0.233416 0.375772 0.133460 0.178006 0.072272 0.133460 0.299784 0.299784 0.625942 0.625942 0.299784 0.375772 0.178006 0.072272 0.072272 0.133460 0.233416 0.299784 0.543404 0.299784,0 0 0 0 0 0 0 0 0 0 0 0 0 0 0 0 0 0 0 0 0 0 0 0 0 0 0 0 0 0 0 0 0 0 0 0 0 0 0 1 0 0 0 0 0 0 0 0 0 1 0 0 0 0 0 0 0 0 0 0 0 0 0 0 0 0 0 0 0 0 0 0 0 0 0 0 0 0 0 0
46,frames/frame_000046.pgm,97,10.884471,20731872,2.988,54,0.867384,0.159664,37,0.019542,0,3,3,47,47,largest,3,9,2,10,5,none,-1,-1,37 34 36 34 30 28 33 31 32 36 44 39 37 40 36 31 38 35 38 45 42 40 39 40 39 35 38 37 42 51 47 42 40 42 42 38 36 35 43 54 48 47 44 47 41 37 39 37 46 52 49 42 44 44 42 42 43 42 45 50 45 47 46 45 42 43 45 44 47 46 45 46 44 43 42 42 43 44 47 42,0.019542 0.007119 0.013977 0.007119 0.001831 0.000927 0.005073 0.002573 0.003614 0.013977 0.178006 0.037910 0.019542 0.052496 0.013977 0.002573 0.027260 0.009981 0.027260 0.233416 0.098722 0.052496 0.037910 0.052496 0.037910 0.009981 0.027260 0.019542 0.098722 0.701749 0.375772 0.098722 0.052496 0.098722 0.098722 0.027260 0.013977 0.009981 0.133460 0.867384 0.458412 0.375772 0.178006 0.375772 0.072272 0.019542 0.037910 0.019542 0.299784 0.767890 0.543404 0.098722 0.178006 0.178006 0.098722 0.098722 0.133460 0.098722 0.233416 0.625942 0.233416 0.375772 0.299784 0.233416 0.098722 0.133460 0.233416 0.178006 0.375772 0.299784 0.233416 0.299784 0.178006 0.133460 0.098722 0.098722 0.133460 0.178006 0.375772 0.098722,0 0 0 0 0 0 0 0 0 0 0 0 0 0 0 0 0 0 0 0 0 0 0 0 0 0 0 0 0 1 0 0 0 0 0 0 0 0 0 1 0 0 0 0 0 0 0 0 0 1 0 0 0 0 0 0 0 0 0 0 0 0 0 0 0 0 0 0 0 0 0 0 0 0 0 0 0 0 0 0
47,frames/frame_000047.pgm,98,10.963468,20765197,2.932,49,0.543404,0.080022,33,0.005073,0,0,0,20,11,none,0,-1,-1,-1,-1,none,-1,-1,36 31 32 32 27 25 27 26 29 34 40 37 34 37 31 26 32 30 36 42 38 33 34 36 34 30 30 32 42 47 44 37 36 37 37 32 29 29 41 48 43 40 39 40 37 33 36 33 43 49 45 41 40 40 37 38 39 38 43 47 45 46 42 40 36 38 40 39 46 46 46 47 43 40 38 38 40 40 46 40,0.013977 0.002573 0.003614 0.003614 0.000659 0.000334 0.000659 0.000469 0.001303 0.007119 0.052496 0.019542 0.007119 0.019542 0.002573 0.000469 0.003614 0.001831 0.013977 0.098722 0.027260 0.005073 0.007119 0.013977 0.007119 0.001831 0.001831 0.003614 0.098722 0.375772 0.178006 0.019542 0.013977 0.019542 0.019542 0.003614 0.001303 0.001303 0.072272 0.458412 0.133460 0.052496 0.037910 0.052496 0.019542 0.005073 0.013977 0.005073 0.133460 0.543404 0.233416 0.072272 0.052496 0.052496 0.019542 0.027260 0.037910 0.027260 0.133460 0.375772 0.233416 0.299784 0.098722 0.052496 0.013977 0.027260 0.052496 0.037910 0.299784 0.299784 0.299784 0.375772 0.133460 0.052496 0.027260 0.027260 0.052496 0.052496 0.299784 0.052496,0 0 0 0 0 0 0 0 0 0 0 0 0 0 0 0 0 0 0 0 0 0 0 0 0 0 0 0 0 0 0 0 0 0 0 0 0 0 0 0 0 0 0 0 0 0 0 0 0 0 0 0 0 0 0 0 0 0 0 0 0 0 0 0 0 0 0 0 0 0 0 0 0 0 0 0 0 0 0 0
48,frames/frame_000048.pgm,99,10.996595,20798522,2.972,47,0.375772,0.084802,37,0.019542,0,0,0,32,31,none,0,-1,-1,-1,-1,none,-1,-1,37 33 32 30 27 26 27 27 32 34 42 36 35 35 31 26 30 31 37 40 39 34 35 36 33 32 31 35 42 45 40 38 38 38 38 33 31 32 43 45 40 40 42 43 39 37 37 37 44 44 44 39 42 42 42 42 43 43 44 44 43 45 43 41 41 44 45 44 46 44 46 44 41 40 41 43 47 45 47 39,0.019542 0.005073 0.003614 0.001831 0.000659 0.000469 0.000659 0.000659 0.003614 0.007119 0.098722 0.013977 0.009981 0.009981 0.002573 0.000469 0.001831 0.002573 0.019542 0.052496 0.037910 0.007119 0.009981 0.013977 0.005073 0.003614 0.002573 0.009981 0.098722 0.233416 0.052496 0.027260 0.027260 0.027260 0.027260 0.005073 0.002573 0.003614 0.133460 0.233416 0.052496 0.052496 0.098722 0.133460 0.037910 0.019542 0.019542 0.019542 0.178006 0.178006 0.178006 0.037910 0.098722 0.098722 0.098722 0.098722 0.133460 0.133460 0.178006 0.178006 0.133460 0.233416 0.133460 0.072272 0.072272 0.178006 0.233416 0.178006 0.299784 0.178006 0.299784 0.178006 0.072272 0.052496 0.072272 0.133460 0.375772 0.233416 0.375772 0.037910,0 0 0 0 0 0 0 0 0 0 0 0 0 0 0 0 0 0 0 0 0 0 0 0 0 0 0 0 0 0 0 0 0 0 0 0 0 0 0 0 0 0 0 0 0 0 0 0 0 0 0 0 0 0 0 0 0 0 0 0 0 0 0 0 0 0 0 0 0 0 0 0 0 0 0 0 0 0 0 0
49,frames/frame_000049.pgm,100,11.086246,20831848,2.739,49,0.543404,0.116157,39,0.037910,0,0,0,35,34,none,0,-1,-1,-1,-1,none,-1,-1,36 33 31 29 27 27 31 29 31 32 39 35 34 34 31 30 35 34 36 39 37 37 36 36 34 35 34 36 41 42 41 39 37 36 38 34 33 33 42 40 42 43 43 42 39 39 38 38 42 41 48 41 46 45 45 44 45 43 43 42 46 48 48 46 45 47 47 45 44 42 47 46 43 43 45 47 49 46 45 38,0.013977 0.005073 0.002573 0.001303 0.000659 0.000659 0.002573 0.001303 0.002573 0.003614 0.037910 0.009981 0.007119 0.007119 0.002573 0.001831 0.009981 0.007119 0.013977 0.037910 0.019542 0.019542 0.013977 0.013977 0.007119 0.009981 0.007119 0.013977 0.072272 0.098722 0.072272 0.037910 0.019542 0.013977 0.027260 0.007119 0.005073 0.005073 0.098722 0.052496 0.098722 0.133460 0.133460 0.098722 0.037910 0.037910 0.027260 0.027260 0.098722 0.072272 0.458412 0.072272 0.299784 0.233416 0.233416 0.178006 0.233416 0.133460 0.133460 0.098722 0.299784 0.458412 0.458412 0.299784 0.233416 0.375772 0.375772 0.233416 0.178006 0.098722 0.375772 0.299784 0.133460 0.133460 0.233416 0.375772 0.543404 0.299784 0.233416 0.027260,0 0 0 0 0 0 0 0 0 0 0 0 0 0 0 0 0 0 0 0 0 0 0 0 0 0 0 0 0 0 0 0 0 0 0 0 0 0 0 0 0 0 0 0 0 0 0 0 0 0 0 0 0 0 0 0 0 0 0 0 0 0 0 0 0 0 0 0 0 0 0 0 0 0 0 0 0 0 0 0
50,frames/frame_000050.pgm,101,11.105777,20865173,2.811,50,0.625942,0.097472,39,0.037910,0,0,0,30,26,none,0,-1,-1,-1,-1,none,-1,-1,38 34 32 31 29 28 30 29 29 29 42 37 36 35 32 30 35 34 36 38 39 37 38 36 34 33 32 35 43 40 42 41 39 37 38 34 34 33 42 39 41 42 44 41 40 39 37 36 41 39 46 41 45 44 43 42 44 40 41 40 46 47 47 44 44 46 46 43 42 40 46 44 42 43 46 47 50 46 44 36,0.027260 0.007119 0.003614 0.002573 0.001303 0.000927 0.001831 0.001303 0.001303 0.001303 0.098722 0.019542 0.013977 0.009981 0.003614 0.001831 0.009981 0.007119 0.013977 0.027260 0.037910 0.019542 0.027260 0.013977 0.007119 0.005073 0.003614 0.009981 0.133460 0.052496 0.098722 0.072272 0.037910 0.019542 0.027260 0.007119 0.007119 0.005073 0.098722 0.037910 0.072272 0.098722 0.178006 0.072272 0.052496 0.037910 0.019542 0.013977 0.072272 0.037910 0.299784 0.072272 0.233416 0.178006 0.133460 0.098722 0.178006 0.052496 0.072272 0.052496 0.299784 0.375772 0.375772 0.178006 0.178006 0.299784 0.299784 0.133460 0.098722 0.052496 0.299784 0.178006 0.098722 0.133460 0.299784 0.375772 0.625942 0.299784 0.178006 0.013977,0 0 0 0 0 0 0 0 0 0 0 0 0 0 0 0 0 0 0 0 0 0 0 0 0 0 0 0 0 0 0 0 0 0 0 0 0 0 0 0 0 0 0 0 0 0 0 0 0 0 0 0 0 0 0 0 0 0 0 0 0 0 0 0 0 0 0 0 0 0 0 0 0 0 0 0 0 0 0 0
51,frames/frame_000051.pgm,103,11.422619,20931854,2.698,49,0.543404,0.067910,33,0.005073,0,0,0,20,15,none,0,-1,-1,-1,-1,none,-1,-1,37 31 29 28 25 23 26 28 31 34 38 35 33 31 25 26 29 33 39 44 37 36 34 33 30 28 30 36 44 46 38 36 34 33 32 25 26 35 45 46 38 39 39 34 33 33 34 39 49 47 44 39 40 38 38 39 37 40 46 45 46 44 42 38 38 42 39 40 43 41 45 41 37 38 39 42 42 43 44 35,0.019542 0.002573 0.001303 0.000927 0.000334 0.000169 0.000469 0.000927 0.002573 0.007119 0.027260 0.009981 0.005073 0.002573 0.000334 0.000469 0.001303 0.005073 0.037910 0.178006 0.019542 0.013977 0.007119 0.005073 0.001831 0.000927 0.001831 0.013977 0.178006 0.299784 0.027260 0.013977 0.007119 0.005073 0.003614 0.000334 0.000469 0.009981 0.233416 0.299784 0.027260 0.037910 0.037910 0.007119 0.005073 0.005073 0.007119 0.037910 0.543404 0.375772 0.178006 0.037910 0.052496 0.027260 0.027260 0.037910 0.019542 0.052496 0.299784 0.233416 0.299784 0.178006 0.098722 0.027260 0.027260 0.098722 0.037910 0.052496 0.133460 0.072272 0.233416 0.072272 0.019542 0.027260 0.037910 0.098722 0.098722 0.133460 0.178006 0.009981,0 0 0 0 0 0 0 0 0 0 0 0 0 0 0 0 0 0 0 0 0 0 0 0 0 0 0 0 0 0 0 0 0 0 0 0 0 0 0 0 0 0 0 0 0 0 0 0 0 0 0 0 0 0 0 0 0 0 0 0 0 0 0 0 0 0 0 0 0 0 0 0 0 0 0 0 0 0 0 0
52,frames/frame_000052.pgm,104,11.489548,20965179,2.734,49,0.543404,0.082588,37,0.019542,0,0,0,29,18,none,0,-1,-1,-1,-1,none,-1,-1,39 36 32 30 26 26 28 29 32 33 42 40 40 37 29 29 30 32 36 39 40 41 41 39 32 31 32 35 43 45 43 44 42 41 37 32 31 35 44 45 40 43 46 40 39 37 35 39 49 45 43 41 44 41 41 42 41 42 46 44 42 44 42 41 42 43 41 41 45 44 41 39 38 39 40 42 42 42 45 36,0.037910 0.013977 0.003614 0.001831 0.000469 0.000469 0.000927 0.001303 0.003614 0.005073 0.098722 0.052496 0.052496 0.019542 0.001303 0.001303 0.001831 0.003614 0.013977 0.037910 0.052496 0.072272 0.072272 0.037910 0.003614 0.002573 0.003614 0.009981 0.133460 0.233416 0.133460 0.178006 0.098722 0.072272 0.019542 0.003614 0.002573 0.009981 0.178006 0.233416 0.052496 0.133460 0.299784 0.052496 0.037910 0.019542 0.009981 0.037910 0.543404 0.233416 0.133460 0.072272 0.178006 0.072272 0.072272 0.098722 0.072272 0.098722 0.299784 0.178006 0.098722 0.178006 0.098722 0.072272 0.098722 0.133460 0.072272 0.072272 0.233416 0.178006 0.072272 0.037910 0.027260 0.037910 0.052496 0.098722 0.098722 0.098722 0.233416 0.013977,0 0 0 0 0 0 0 0 0 0 0 0 0 0 0 0 0 0 0 0 0 0 0 0 0 0 0 0 0 0 0 0 0 0 0 0 0 0 0 0 0 0 0 0 0 0 0 0 0 0 0 0 0 0 0 0 0 0 0 0 0 0 0 0 0 0 0 0 0 0 0 0 0 0 0 0 0 0 0 0
53,frames/frame_000053.pgm,106,11.532916,21031829,4.617,50,0.625942,0.089236,40,0.052496,0,0,0,31,30,none,0,-1,-1,-1,-1,none,-1,-1,39 35 33 32 31 29 31 32 34 33 40 37 38 36 32 33 36 38 40 43 39 39 37 37 35 36 37 40 45 46 42 40 38 39 39 36 37 39 44 46 40 41 41 39 40 40 39 42 50 47 44 40 41 42 42 42 44 43 46 45 43 43 43 42 42 44 42 42 45 42 41 39 38 39 41 43 44 43 45 35,0.037910 0.009981 0.005073 0.003614 0.002573 0.001303 0.002573 0.003614 0.007119 0.005073 0.052496 0.019542 0.027260 0.013977 0.003614 0.005073 0.013977 0.027260 0.052496 0.133460 0.037910 0.037910 0.019542 0.019542 0.009981 0.013977 0.019542 0.052496 0.233416 0.299784 0.098722 0.052496 0.027260 0.037910 0.037910 0.013977 0.019542 0.037910 0.178006 0.299784 0.052496 0.072272 0.072272 0.037910 0.052496 0.052496 0.037910 0.098722 0.625942 0.375772 0.178006 0.052496 0.072272 0.098722 0.098722 0.098722 0.178006 0.133460 0.299784 0.233416 0.133460 0.133460 0.133460 0.098722 0.098722 0.178006 0.098722 0.098722 0.233416 0.098722 0.072272 0.037910 0.027260 0.037910 0.072272 0.133460 0.178006 0.133460 0.233416 0.009981,0 0 0 0 0 0 0 0 0 0 0 0 0 0 0 0 0 0 0 0 0 0 0 0 0 0 0 0 0 0 0 0 0 0 0 0 0 0 0 0 0 0 0 0 0 0 0 0 0 0 0 0 0 0 0 0 0 0 0 0 0 0 0 0 0 0 0 0 0 0 0 0 0 0 0 0 0 0 0 0
54,frames/frame_000054.pgm,109,11.636383,21131835,2.904,51,0.701749,0.115973,37,0.019542,0,2,1,26,23,largest,1,9,3,10,4,none,-1,-1,37 34 35 36 34 34 32 34 37 37 38 37 40 39 33 35 36 35 40 42 39 39 40 38 34 36 36 41 48 49 41 40 37 40 37 36 37 43 49 51 40 42 37 39 39 37 38 47 51 49 41 42 39 39 40 40 41 45 50 45 41 41 40 40 43 43 42 43 47 43 42 39 40 41 43 43 44 45 46 36,0.019542 0.007119 0.009981 0.013977 0.007119 0.007119 0.003614 0.007119 0.019542 0.019542 0.027260 0.019542 0.052496 0.037910 0.005073 0.009981 0.013977 0.009981 0.052496 0.098722 0.037910 0.037910 0.052496 0.027260 0.007119 0.013977 0.013977 0.072272 0.458412 0.543404 0.072272 0.052496 0.019542 0.052496 0.019542 0.013977 0.019542 0.133460 0.543404 0.701749 0.052496 0.098722 0.019542 0.037910 0.037910 0.019542 0.027260 0.375772 0.701749 0.543404 0.072272 0.098722 0.037910 0.037910 0.052496 0.052496 0.072272 0.233416 0.625942 0.233416 0.072272 0.072272 0.052496 0.052496 0.133460 0.133460 0.098722 0.133460 0.375772 0.133460 0.098722 0.037910 0.052496 0.072272 0.133460 0.133460 0.178006 0.233416 0.299784 0.013977,0 0 0 0 0 0 0 0 0 0 0 0 0 0 0 0 0 0 0 0 0 0 0 0 0 0 0 0 0 0 0 0 0 0 0 0 0 0 0 1 0 0 0 0 0 0 0 0 1 0 0 0 0 0 0 0 0 0 0 0 0 0 0 0 0 0 0 0 0 0 0 0 0 0 0 0 0 0 0 0
55,frames/frame_000055.pgm,117,11.664243,21398468,2.767,49,0.543404,0.075200,34,0.007119,0,0,0,16,15,none,0,-1,-1,-1,-1,none,-1,-1,37 34 31 30 28 28 29 32 38 38 37 34 36 33 28 29 32 36 41 45 36 34 36 34 29 29 34 39 45 49 38 35 35 36 32 29 33 41 47 49 37 36 33 35 36 34 36 46 48 45 39 37 34 33 36 37 37 41 45 41 37 36 37 37 41 41 42 43 47 39 39 35 38 37 43 41 44 45 48 36,0.019542 0.007119 0.002573 0.001831 0.000927 0.000927 0.001303 0.003614 0.027260 0.027260 0.019542 0.007119 0.013977 0.005073 0.000927 0.001303 0.003614 0.013977 0.072272 0.233416 0.013977 0.007119 0.013977 0.007119 0.001303 0.001303 0.007119 0.037910 0.233416 0.543404 0.027260 0.009981 0.009981 0.013977 0.003614 0.001303 0.005073 0.072272 0.375772 0.543404 0.019542 0.013977 0.005073 0.009981 0.013977 0.007119 0.013977 0.299784 0.458412 0.233416 0.037910 0.019542 0.007119 0.005073 0.013977 0.019542 0.019542 0.072272 0.233416 0.072272 0.019542 0.013977 0.019542 0.019542 0.072272 0.072272 0.098722 0.133460 0.375772 0.037910 0.037910 0.009981 0.027260 0.019542 0.133460 0.072272 0.178006 0.233416 0.458412 0.013977,0 0 0 0 0 0 0 0 0 0 0 0 0 0 0 0 0 0 0 0 0 0 0 0 0 0 0 0 0 0 0 0 0 0 0 0 0 0 0 0 0 0 0 0 0 0 0 0 0 0 0 0 0 0 0 0 0 0 0 0 0 0 0 0 0 0 0 0 0 0 0 0 0 0 0 0 0 0 0 0
56,frames/frame_000056.pgm,119,12.679400,21465118,2.737,53,0.823062,0.116807,30,0.001831,0,3,2,24,24,largest,2,7,4,9,5,none,-1,-1,36 30 28 26 24 26 26 31 36 37 36 32 31 29 23 27 30 39 43 46 33 31 32 30 25 26 35 44 49 50 35 32 32 33 28 26 37 45 50 52 34 32 30 32 31 30 41 52 53 49 34 33 32 32 35 37 39 48 48 45 34 35 34 37 42 41 42 47 48 42 38 33 34 36 42 42 44 46 46 36,0.013977 0.001831 0.000927 0.000469 0.000237 0.000469 0.000469 0.002573 0.013977 0.019542 0.013977 0.003614 0.002573 0.001303 0.000169 0.000659 0.001831 0.037910 0.133460 0.299784 0.005073 0.002573 0.003614 0.001831 0.000334 0.000469 0.009981 0.178006 0.543404 0.625942 0.009981 0.003614 0.003614 0.005073 0.000927 0.000469 0.019542 0.233416 0.625942 0.767890 0.007119 0.003614 0.001831 0.003614 0.002573 0.001831 0.072272 0.767890 0.823062 0.543404 0.007119 0.005073 0.003614 0.003614 0.009981 0.019542 0.037910 0.458412 0.458412 0.233416 0.007119 0.009981 0.007119 0.019542 0.098722 0.072272 0.098722 0.375772 0.458412 0.098722 0.027260 0.005073 0.007119 0.013977 0.098722 0.098722 0.178006 0.299784 0.299784 0.013977,0 0 0 0 0 0 0 0 0 0 0 0 0 0 0 0 0 0 0 0 0 0 0 0 0 0 0 0 0 0 0 0 0 0 0 0 0 0 0 1 0 0 0 0 0 0 0 1 1 0 0 0 0 0 0 0 0 0 0 0 0 0 0 0 0 0 0 0 0 0 0 0 0 0 0 0 0 0 0 0
57,frames/frame_000057.pgm,120,19.195777,21498474,2.676,51,0.701749,0.102695,34,0.007119,0,1,1,23,23,largest,1,8,4,9,5,none,-1,-1,39 34 33 31 31 32 29 31 36 36 38 35 36 35 30 31 32 35 41 44 39 34 37 36 31 31 34 40 48 46 41 37 37 38 33 30 35 42 48 50 41 38 35 36 36 34 38 48 51 46 39 38 37 38 39 39 40 44 48 44 38 40 39 40 43 43 44 44 49 43 40 38 39 39 42 43 45 46 48 37,0.037910 0.007119 0.005073 0.002573 0.002573 0.003614 0.001303 0.002573 0.013977 0.013977 0.027260 0.009981 0.013977 0.009981 0.001831 0.002573 0.003614 0.009981 0.072272 0.178006 0.037910 0.007119 0.019542 0.013977 0.002573 0.002573 0.007119 0.052496 0.458412 0.299784 0.072272 0.019542 0.019542 0.027260 0.005073 0.001831 0.009981 0.098722 0.458412 0.625942 0.072272 0.027260 0.009981 0.013977 0.013977 0.007119 0.027260 0.458412 0.701749 0.299784 0.037910 0.027260 0.019542 0.027260 0.037910 0.037910 0.052496 0.178006 0.458412 0.178006 0.027260 0.052496 0.037910 0.052496 0.133460 0.133460 0.178006 0.178006 0.543404 0.133460 0.052496 0.027260 0.037910 0.037910 0.098722 0.133460 0.233416 0.299784 0.458412 0.019542,0 0 0 0 0 0 0 0 0 0 0 0 0 0 0 0 0 0 0 0 0 0 0 0 0 0 0 0 0 0 0 0 0 0 0 0 0 0 0 0 0 0 0 0 0 0 0 0 1 0 0 0 0 0 0 0 0 0 0 0 0 0 0 0 0 0 0 0 0 0 0 0 0 0 0 0 0 0 0 0
58,frames/frame_000058.pgm,123,19.197030,21598449,2.813,51,0.701749,0.100947,26,0.000469,0,2,2,20,20,largest,2,7,4,9,5,none,-1,-1,33 29 25 25 23 27 26 31 35 38 31 27 28 27 20 25 33 38 41 46 28 27 31 27 22 27 36 42 48 48 30 24 29 28 23 23 39 46 47 48 29 26 25 29 26 26 44 51 51 47 30 27 26 31 34 35 40 49 49 42 31 32 31 36 39 38 42 48 49 39 33 32 30 34 39 39 42 47 47 36,0.005073 0.001303 0.000334 0.000334 0.000169 0.000659 0.000469 0.002573 0.009981 0.027260 0.002573 0.000659 0.000927 0.000659 0.000061 0.000334 0.005073 0.027260 0.072272 0.299784 0.000927 0.000659 0.002573 0.000659 0.000120 0.000659 0.013977 0.098722 0.458412 0.458412 0.001831 0.000237 0.001303 0.000927 0.000169 0.000169 0.037910 0.299784 0.375772 0.458412 0.001303 0.000469 0.000334 0.001303 0.000469 0.000469 0.178006 0.701749 0.701749 0.375772 0.001831 0.000659 0.000469 0.002573 0.007119 0.009981 0.052496 0.543404 0.543404 0.098722 0.002573 0.003614 0.002573 0.013977 0.037910 0.027260 0.098722 0.458412 0.543404 0.037910 0.005073 0.003614 0.001831 0.007119 0.037910 0.037910 0.098722 0.375772 0.375772 0.013977,0 0 0 0 0 0 0 0 0 0 0 0 0 0 0 0 0 0 0 0 0 0 0 0 0 0 0 0 0 0 0 0 0 0 0 0 0 0 0 0 0 0 0 0 0 0 0 1 1 0 0 0 0 0 0 0 0 0 0 0 0 0 0 0 0 0 0 0 0 0 0 0 0 0 0 0 0 0 0 0
59,frames/frame_000059.pgm,124,22.025638,21631774,2.732,48,0.458412,0.052405,32,0.003614,0,0,0,14,14,none,0,-1,-1,-1,-1,none,-1,-1,33 31 28 29 26 28 27 28 30 33 32 30 29 29 23 31 34 34 34 36 28 28 30 29 27 30 39 39 42 39 30 26 28 30 29 29 40 42 43 41 30 26 28 30 34 32 44 45 45 41 30 30 27 32 37 38 41 45 44 38 32 33 32 36 39 40 45 46 48 37 33 33 30 33 38 41 45 47 47 36,0.005073 0.002573 0.000927 0.001303 0.000469 0.000927 0.000659 0.000927 0.001831 0.005073 0.003614 0.001831 0.001303 0.001303 0.000169 0.002573 0.007119 0.007119 0.007119 0.013977 0.000927 0.000927 0.001831 0.001303 0.000659 0.001831 0.037910 0.037910 0.098722 0.037910 0.001831 0.000469 0.000927 0.001831 0.001303 0.001303 0.052496 0.098722 0.133460 0.072272 0.001831 0.000469 0.000927 0.001831 0.007119 0.003614 0.178006 0.233416 0.233416 0.072272 0.001831 0.001831 0.000659 0.003614 0.019542 0.027260 0.072272 0.233416 0.178006 0.027260 0.003614 0.005073 0.003614 0.013977 0.037910 0.052496 0.233416 0.299784 0.458412 0.019542 0.005073 0.005073 0.001831 0.005073 0.027260 0.072272 0.233416 0.375772 0.375772 0.013977,0 0 0 0 0 0 0 0 0 0 0 0 0 0 0 0 0 0 0 0 0 0 0 0 0 0 0 0 0 0 0 0 0 0 0 0 0 0 0 0 0 0 0 0 0 0 0 0 0 0 0 0 0 0 0 0 0 0 0 0 0 0 0 0 0 0 0 0 0 0 0 0 0 0 0 0 0 0 0 0
