step,t,k,x,y,z,vx,vy,vz
0,0.000000000,0,0.000000000,0.000000000,1.100000024,0.000000000,0.000000000,0.000000000
0,0.000000000,1,0.000048164,0.000003559,1.100185394,0.009645415,0.000660096,0.018538008
0,0.000000000,2,0.000777216,0.000052329,1.100715280,0.078544103,0.005088442,0.034448735
0,0.000000000,3,0.003989014,0.000249756,1.101539254,0.266685158,0.015751872,0.047937319
0,0.000000000,4,0.012490087,0.000723869,1.102610469,0.611275733,0.032574464,0.059176166
0,0.000000000,5,0.029540295,0.001581456,1.103885412,1.120999098,0.053727105,0.068319596
0,0.000000000,6,0.058339812,0.002885671,1.105323672,1.782608628,0.076848648,0.075511605
0,0.000000000,7,0.101673320,0.004653758,1.106887698,2.569081545,0.099794284,0.080890208
0,0.000000000,8,0.161703542,0.006864960,1.108542442,3.446175814,0.120932274,0.084589623
0,0.000000000,9,0.239875332,0.009471399,1.110255837,4.376961231,0.139175892,0.086741567
0,0.000000000,10,0.336893082,0.012408255,1.111998081,5.324697018,0.153899506,0.087475769
0,0.000000000,11,0.452743351,0.015601852,1.113741994,6.254552841,0.164824456,0.086920261
0,0.000000000,12,0.586743534,0.018975519,1.115463257,7.134570122,0.171914011,0.085201830
0,0.000000000,13,0.737604976,0.022453556,1.117139697,7.936160564,0.175289899,0.082445949
0,0.000000000,14,0.903503120,0.025963753,1.118751884,8.634318352,0.175171047,0.078776866
0,0.000000000,15,1.082149386,0.029438883,1.120282888,9.207664490,0.171830267,0.074317664
0,0.000000000,16,1.270863652,0.032817446,1.121717930,9.638413429,0.165563121,0.069190390
0,0.000000000,17,1.466645122,0.036043879,1.123044968,9.912285805,0.156664401,0.063515879
0,0.000000000,18,1.666242480,0.039068338,1.124254227,10.018434525,0.145407498,0.057413887
0,0.000000000,19,1.866220832,0.041846063,1.125338316,9.949426651,0.132023439,0.051002707
0,0.000000000,20,2.063031912,0.044336293,1.126292348,9.701354980,0.116677918,0.044398908
0,0.000000000,21,2.253087521,0.046500754,1.127113461,9.274228096,0.099449486,0.037716087
0,0.000000000,22,2.432845354,0.048301786,1.127801299,8.672920227,0.080324508,0.031063437
0,0.000000000,23,2.598925352,0.049700953,1.128357410,7.909209251,0.059256017,0.024541859
0,0.000000000,24,2.748284578,0.050660312,1.128785133,7.005976200,0.036411077,0.018237280
1,0.050000000,0,0.000068655,0.000043157,1.100342870,0.005069927,0.003183933,0.012612731
1,0.050000000,1,0.000364342,0.000203251,1.100833297,0.034497742,0.016426345,0.036427177
1,0.050000000,2,0.002153506,0.000927290,1.101742148,0.167541295,0.061808858,0.054456055
1,0.050000000,3,0.008100806,0.002860926,1.103002310,0.455070436,0.134747073,0.071561143
1,0.050000000,4,0.021459950,0.006375034,1.104526758,0.908172011,0.216685608,0.080883920
1,0.050000000,5,0.045438152,0.011477505,1.106216669,1.513325214,0.291293651,0.088107318
1,0.050000000,6,0.082823791,0.017905874,1.108036399,2.243713856,0.347954124,0.093862340
1,0.050000000,7,0.135796651,0.025239764,1.109972119,3.066166878,0.381310105,0.099717259
1,0.050000000,8,0.205844656,0.032993425,1.112016201,3.945216179,0.389935046,0.104691945
1,0.050000000,9,0.293746591,0.040679891,1.114141226,4.845772266,0.374921292,0.107812434
1,0.050000000,10,0.399597645,0.047850393,1.116304994,5.734773636,0.338858366,0.108565688
1,0.050000000,11,0.522859812,0.054116998,1.118464470,6.582068920,0.285136104,0.107382849
1,0.050000000,12,0.662424564,0.059162952,1.120581150,7.360774517,0.217411622,0.104282379
1,0.050000000,13,0.816679597,0.062744699,1.122620463,8.047433853,0.139315963,0.099648729
1,0.050000000,14,0.983578026,0.064689957,1.124558091,8.622005463,0.054335378,0.094112962
1,0.050000000,15,1.160705090,0.064894453,1.126377225,9.067742348,-0.034219213,0.087798461
1,0.050000000,16,1.345343351,0.063317969,1.128063440,9.371090889,-0.123267613,0.080828406
1,0.050000000,17,1.534535050,0.059979156,1.129605055,9.521594048,-0.210004255,0.073326692
1,0.050000000,18,1.725144029,0.054949805,1.130992413,9.511806488,-0.291926265,0.065417722
1,0.050000000,19,1.913914680,0.048348557,1.132218838,9.337263107,-0.366857231,0.057226583
1,0.050000000,20,2.097532988,0.040334065,1.133279920,8.996596336,-0.432975739,0.048878379
1,0.050000000,21,2.272690773,0.031097563,1.134173632,8.491908073,-0.488854855,0.040497612
1,0.050000000,22,2.436163902,0.020854458,1.134900570,7.829670906,-0.533512712,0.032206073
1,0.050000000,23,2.584915876,0.009834956,1.135463834,7.022666931,-0.566457152,0.024119407
1,0.050000000,24,2.716260433,-0.001725988,1.135911584,6.094135761,-0.587719321,0.020656759
2,0.100000000,0,0.001227810,0.000658577,1.101530671,0.047147144,0.021404715,0.032393947
2,0.100000000,1,0.002662477,0.001141994,1.102252483,0.111333668,0.025904924,0.039789021
2,0.100000000,2,0.006677824,0.001636126,1.103199244,0.319846392,0.021682709,0.054887153
2,0.100000000,3,0.016638249,0.001930717,1.104487538,0.704768062,0.005668528,0.073934719
2,0.100000000,4,0.035878751,0.001777829,1.106109738,1.241704226,-0.023008648,0.088280171
2,0.100000000,5,0.067042895,0.000935438,1.108002901,1.889927387,-0.062919647,0.101033255
2,0.100000000,6,0.111934498,-0.000797657,1.110135436,2.607675076,-0.111638471,0.112214625
2,0.100000000,7,0.171558425,-0.003570685,1.112477660,3.357213020,-0.166447207,0.122011319
2,0.100000000,8,0.246215418,-0.007477777,1.114991307,4.105899811,-0.224593207,0.129354849
2,0.100000000,9,0.335603714,-0.012559672,1.117628336,4.826056957,-0.283528477,0.134353593
2,0.100000000,10,0.438912898,-0.018809803,1.120340228,5.494396687,-0.341086835,0.136831522
2,0.100000000,11,0.554906189,-0.026182303,1.123075843,6.091488361,-0.395499676,0.136729047
2,0.100000000,12,0.681993127,-0.034599628,1.125784636,6.601329803,-0.445362270,0.134153351
2,0.100000000,13,0.818294585,-0.043959368,1.128426790,7.010984898,-0.489573210,0.130066112
2,0.100000000,14,0.961699903,-0.054138921,1.130973339,7.310205460,-0.527198553,0.124593072
2,0.100000000,15,1.109918714,-0.064998373,1.133397818,7.491200447,-0.557441115,0.117861092
2,0.100000000,16,1.260527611,-0.076383248,1.135676503,7.548468113,-0.579640806,0.110005356
2,0.100000000,17,1.411014915,-0.088127211,1.137788296,7.478656769,-0.593275130,0.101172492
2,0.100000000,18,1.558822632,-0.100054920,1.139715195,7.280472755,-0.597963154,0.091521211
2,0.100000000,19,1.701387525,-0.111984879,1.141442657,6.954654694,-0.593476415,0.081222489
2,0.100000000,20,1.836181521,-0.123732731,1.142959476,6.504069328,-0.579760671,0.070459366
2,0.100000000,21,1.960758090,-0.135115057,1.144258261,5.934039116,-0.556971312,0.059426136
2,0.100000000,22,2.072807074,-0.145954043,1.145335793,5.253104210,-0.525523245,0.048326612
2,0.100000000,23,2.170233965,-0.156083211,1.146192789,4.474628925,-0.486144215,0.037370674
2,0.100000000,24,2.251285553,-0.165354282,1.146879315,3.620266199,-0.439951926,0.031281449
3,0.150000000,0,0.006316383,0.002096650,1.103842020,0.157735348,0.030663490,0.055903524
3,0.150000000,1,0.010130143,0.002574320,1.104588270,0.233715981,0.010715714,0.018724058
3,0.150000000,2,0.016346755,0.002136192,1.105192900,0.408538640,-0.064718954,0.041739300
3,0.150000000,3,0.027302051,-0.000347118,1.106207728,0.706991255,-0.189769834,0.059740931
3,0.150000000,4,0.045325246,-0.005592632,1.107598066,1.110496521,-0.335946679,0.079289258
3,0.150000000,5,0.072204366,-0.013747667,1.109350443,1.586911798,-0.476934701,0.095935889
3,0.150000000,6,0.109066978,-0.024514690,1.111398935,2.103609324,-0.594846189,0.108910292
3,0.150000000,7,0.156423122,-0.037322003,1.113675594,2.631796837,-0.679876983,0.118753776
3,0.150000000,8,0.214253247,-0.051466260,1.116118073,3.147305727,-0.728300750,0.125483215
3,0.150000000,9,0.282098621,-0.066213079,1.118665695,3.630309343,-0.740429997,0.129269779
3,0.150000000,10,0.359142751,-0.080861196,1.121261716,4.064761639,-0.719036877,0.130326360
3,0.150000000,11,0.444281459,-0.094780006,1.123853564,4.437850952,-0.668273985,0.128862932
3,0.150000000,12,0.536182821,-0.107429750,1.126397967,4.739539623,-0.592973888,0.125576481
3,0.150000000,13,0.633338392,-0.118369892,1.128862739,4.962151527,-0.498159111,0.120901585
3,0.150000000,14,0.734107018,-0.127259687,1.131221414,5.100058556,-0.388754606,0.114966959
3,0.150000000,15,0.836753845,-0.133854747,1.133450031,5.149473190,-0.269452929,0.107901275
3,0.150000000,16,0.939485133,-0.138001576,1.135527492,5.108283997,-0.144645825,0.099840231
3,0.150000000,17,1.040480733,-0.139631197,1.137435079,4.975925922,-0.018389471,0.090928607
3,0.150000000,18,1.137923717,-0.138752297,1.139157534,4.753290653,0.105611026,0.081320569
3,0.150000000,19,1.230029225,-0.135444060,1.140682459,4.442690849,0.224007383,0.071179986
3,0.150000000,20,1.315073371,-0.129849061,1.142001033,4.047924995,0.333813816,0.060680192
3,0.150000000,21,1.391424656,-0.122165807,1.143107772,3.574506283,0.432427019,0.050003540
3,0.150000000,22,1.457583308,-0.112640589,1.144001842,3.030213833,0.517686963,0.039405592
3,0.150000000,23,1.512237072,-0.101557672,1.144702673,2.426332712,0.587964535,0.030686848
3,0.150000000,24,1.554355502,-0.089228511,1.145270109,1.780412674,0.642173231,0.026059873
4,0.200000000,0,0.018208349,0.002989379,1.106796503,0.308870584,0.001583321,0.060467597
4,0.200000000,1,0.025051454,0.002829953,1.107525110,0.380104899,-0.019013073,0.012402434
4,0.200000000,2,0.033748340,0.002145055,1.107997060,0.500105917,-0.051260900,0.034784913
4,0.200000000,3,0.045493122,0.000749819,1.108900189,0.685077548,-0.087818295,0.055518828
4,0.200000000,4,0.061528899,-0.001300484,1.110179305,0.926738739,-0.114464931,0.072378315
4,0.200000000,5,0.082824200,-0.003687250,1.111793876,1.207855225,-0.119980462,0.089078911
4,0.200000000,6,0.109978147,-0.005917026,1.113705754,1.509478807,-0.098122045,0.102108449
4,0.200000000,7,0.143222868,-0.007419437,1.115828514,1.814213991,-0.047311872,0.110166200
4,0.200000000,8,0.182468712,-0.007630148,1.118087173,2.107322216,0.030518768,0.115700833
4,0.200000000,9,0.227356508,-0.006045523,1.120435715,2.376528740,0.131458536,0.119151652
4,0.200000000,10,0.277304024,-0.002251233,1.122833848,2.611766577,0.250612736,0.120665349
4,0.200000000,11,0.331547976,0.004064412,1.125244379,2.804964542,0.382690102,0.120385878
4,0.200000000,12,0.389181882,0.013106490,1.127632737,2.949842453,0.522368610,0.118454456
4,0.200000000,13,0.449189991,0.024975263,1.129967332,3.041722059,0.664516985,0.115008928
4,0.200000000,14,0.510477662,0.039671391,1.132219195,3.077364683,0.804322541,0.110183068
4,0.200000000,15,0.571898699,0.057103071,1.134362102,3.054830790,0.937359035,0.104109086
4,0.200000000,16,0.632279992,0.077094123,1.136372447,2.973360062,1.059619188,0.096925549
4,0.200000000,17,0.690444410,0.099392541,1.138229489,2.833276987,1.167526603,0.088782355
4,0.200000000,18,0.745231390,0.123679079,1.139915705,2.635927677,1.257936358,0.079841204
4,0.200000000,19,0.795517385,0.149575919,1.141416788,2.383659840,1.328135371,0.070275664
4,0.200000000,20,0.840236247,0.176655367,1.142722249,2.079875946,1.375850201,0.060271133
4,0.200000000,21,0.878401577,0.204448894,1.143825173,1.729214311,1.399283290,0.050024383
4,0.200000000,22,0.909135401,0.232457533,1.144722819,1.337966442,1.397210121,0.039742559
4,0.200000000,23,0.931708753,0.260165304,1.145416737,0.914946556,1.369214296,0.029641528
4,0.200000000,24,0.945607781,0.287059993,1.145912528,0.473248154,1.316216230,0.019942902
5,0.250000000,0,0.037852909,0.001878290,1.109489799,0.464973569,-0.041552741,0.047998399
5,0.250000000,1,0.047878217,0.000946927,1.110019088,0.544209361,-0.047853515,0.004933860
5,0.250000000,2,0.060061958,0.000202137,1.110338092,0.686218917,-0.020005921,0.026962562
5,0.250000000,3,0.075743183,0.000391415,1.111085534,0.890132189,0.044586573,0.047772687
5,0.250000000,4,0.095876850,0.002177229,1.112209201,1.125899911,0.138175949,0.064595692
5,0.250000000,5,0.120784104,0.006053836,1.113657832,1.362845659,0.252345085,0.080273017
5,0.250000000,6,0.150241137,0.012360395,1.115372896,1.577652693,0.380090803,0.091229215
5,0.250000000,7,0.183641151,0.021307895,1.117283106,1.755173922,0.515528679,0.099784657
5,0.250000000,8,0.220141202,0.032999698,1.119341850,1.886587501,0.653763473,0.106086858
5,0.250000000,9,0.258769274,0.047449287,1.121505499,1.967527747,0.790658236,0.110281579
5,0.250000000,10,0.298498541,0.064593181,1.123733401,1.996676445,0.922627449,0.112512097
5,0.250000000,11,0.338297695,0.084300712,1.125987649,1.974772930,1.046520829,0.112919278
5,0.250000000,12,0.377165109,0.106381975,1.128233314,1.903954387,1.159561872,0.111641422
5,0.250000000,13,0.414152175,0.130595028,1.130437851,1.787326097,1.259314775,0.108814187
5,0.250000000,14,0.448379636,0.156652421,1.132571697,1.628678560,1.343664289,0.104570702
5,0.250000000,15,0.479049265,0.184227481,1.134607792,1.432298899,1.410801053,0.099040955
5,0.250000000,16,0.505452454,0.212960303,1.136521697,1.202842832,1.459209085,0.092359550
5,0.250000000,17,0.526976585,0.242463499,1.138291955,0.945247710,1.487653494,0.084674202
5,0.250000000,18,0.543110132,0.272327751,1.139900088,0.664681852,1.495172739,0.076146081
5,0.250000000,19,0.553447247,0.302127153,1.141330957,0.366529197,1.481076956,0.066950127
5,0.250000000,20,0.557692051,0.331424862,1.142573118,0.056417156,1.444961309,0.057274908
5,0.250000000,21,0.555664182,0.359779119,1.143619061,-0.259690344,1.386749744,0.047322288
5,0.250000000,22,0.547307611,0.386750728,1.144465327,-0.575289369,1.306801915,0.037306689
5,0.250000000,23,0.532704949,0.411913812,1.145112872,-0.882928312,1.206146955,0.027454257
5,0.250000000,24,0.512103438,0.434873551,1.145567417,-1.173407078,1.086977601,0.018001329
6,0.300000000,0,0.065460175,-0.000844996,1.111306906,0.625583768,-0.058413357,0.026797650
6,0.300000000,1,0.078606859,-0.001848488,1.111308813,0.690146387,-0.032625798,-0.026603358
6,0.300000000,2,0.093152903,-0.001576024,1.111013532,0.766435504,0.074743569,-0.002929397
6,0.300000000,3,0.109299667,0.001621098,1.111207962,0.847858012,0.253885061,0.022362445
6,0.300000000,4,0.126995757,0.008783650,1.111876965,0.918773293,0.464408904,0.044532899
6,0.300000000,5,0.145893678,0.020164488,1.112917781,0.966337562,0.670632005,0.059552513
6,0.300000000,6,0.165445194,0.035418384,1.114233136,0.983311474,0.848651826,0.071981221
6,0.300000000,7,0.185002640,0.053834941,1.115772843,0.966686308,0.985443115,0.081989072
6,0.300000000,8,0.203888208,0.074527524,1.117489934,0.916262448,1.075881243,0.089721516
6,0.300000000,9,0.221439570,0.096562020,1.119340420,0.833643317,1.119923830,0.095320873
6,0.300000000,10,0.237038583,0.119036444,1.121282935,0.721554697,1.120541096,0.098926745
6,0.300000000,11,0.250129193,0.141126424,1.123278975,0.583419383,1.082341790,0.100676283
6,0.300000000,12,0.260228455,0.162108719,1.125292778,0.423097700,1.010711789,0.100704111
6,0.300000000,13,0.266933650,0.181370988,1.127291203,0.244728193,0.911294580,0.099142641
6,0.300000000,14,0.269926697,0.198413715,1.129243851,0.052624118,0.789686799,0.096122041
6,0.300000000,15,0.268976957,0.212847337,1.131122828,-0.148798421,0.651265383,0.091769055
6,0.300000000,16,0.263942689,0.224386752,1.132902622,-0.355073512,0.501092553,0.086214423
6,0.300000000,17,0.254771650,0.232844561,1.134560704,-0.561723828,0.343866915,0.079602286
6,0.300000000,18,0.241500989,0.238123506,1.136077642,-0.764285505,0.183901295,0.072091475
6,0.300000000,19,0.224256873,0.240208656,1.137437105,-0.958320022,0.025115941,0.063855574
6,0.300000000,20,0.203254059,0.239159554,1.138626456,-1.139413238,-0.128959760,0.055082746
6,0.300000000,21,0.178795353,0.235102504,1.139636993,-1.303164959,-0.275182068,0.045975350
6,0.300000000,22,0.151271641,0.228222817,1.140464187,-1.445173025,-0.410789013,0.036749221
6,0.300000000,23,0.121161886,0.218757212,1.141107917,-1.561022282,-0.533404350,0.027632711
6,0.300000000,24,0.089033492,0.206985950,1.141572833,-1.646294117,-0.641061544,0.018865779
7,0.350000000,0,0.100669973,-0.002936366,1.112208009,0.764723897,-0.019598331,0.011698747
7,0.350000000,1,0.116383784,-0.003043873,1.111957192,0.804876149,0.009115679,-0.036778763
7,0.350000000,2,0.132790104,-0.002582829,1.111212730,0.834011257,0.036459543,-0.037667025
7,0.350000000,3,0.149688289,-0.001609632,1.110427260,0.854661584,0.060224533,-0.040888473
7,0.350000000,4,0.166941628,-0.000198404,1.109598160,0.869938791,0.080286823,-0.042025670
7,0.350000000,5,0.184461251,0.001578097,1.108776927,0.881430149,0.096755981,-0.040092655
7,0.350000000,6,0.202176407,0.003647751,1.107991219,0.889527619,0.109609768,-0.038480438
7,0.350000000,7,0.220021561,0.005939689,1.107237816,0.894470990,0.119028702,-0.036862157
7,0.350000000,8,0.237935975,0.008388042,1.106516838,0.896491230,0.125303522,-0.035243314
7,0.350000000,9,0.255863339,0.010933080,1.105828047,0.895797610,0.128750920,-0.033629056
7,0.350000000,10,0.273751318,0.013521441,1.105171561,0.892587781,0.129689053,-0.032024018
7,0.350000000,11,0.291551530,0.016106043,1.104547024,0.887052417,0.128425837,-0.030432569
7,0.350000000,12,0.309219301,0.018645814,1.103954077,0.879377782,0.125253648,-0.028858649
7,0.350000000,13,0.326713711,0.021105351,1.103392363,0.869746387,0.120447092,-0.027305834
7,0.350000000,14,0.343997419,0.023454556,1.102861524,0.858337283,0.114262119,-0.025777385
7,0.350000000,15,0.361036628,0.025668265,1.102360964,0.845326185,0.106935948,-0.024276227
7,0.350000000,16,0.377801061,0.027725874,1.101890087,0.830885053,0.098687306,-0.022804987
7,0.350000000,17,0.394263774,0.029610967,1.101448417,0.815181911,0.089716874,-0.021365985
7,0.350000000,18,0.410401136,0.031310972,1.101035118,0.798380494,0.080207877,-0.019961294
7,0.350000000,19,0.426192820,0.032816805,1.100649595,0.780640006,0.070326686,-0.018592671
7,0.350000000,20,0.441621602,0.034122560,1.100291133,0.762114942,0.060223557,-0.017261615
7,0.350000000,21,0.456673265,0.035225168,1.099958777,0.742954791,0.050033398,-0.015969468
7,0.350000000,22,0.471336633,0.036124114,1.099651933,0.723304093,0.039876703,-0.014717236
7,0.350000000,23,0.485603213,0.036821157,1.099369764,0.703302443,0.029860672,-0.013505828
7,0.350000000,24,0.499467343,0.037320089,1.099111319,0.683085322,0.020080792,-0.012335897
8,0.400000000,0,0.141531169,-0.001947202,1.112454176,0.853169203,0.056488778,0.000263380
8,0.400000000,1,0.158738703,-0.000466429,1.112482905,0.862010360,0.091742776,0.002609473
8,0.400000000,2,0.175673693,0.001714545,1.112745643,0.822180033,0.124795407,0.023661494
8,0.400000000,3,0.191285223,0.004387137,1.113412380,0.731439412,0.137077183,0.043004099
8,0.400000000,4,0.204690114,0.006918054,1.114441991,0.604256630,0.107613705,0.059950557
8,0.400000000,5,0.215318084,0.008326092,1.115753651,0.456168950,0.023416791,0.071214765
8,0.400000000,6,0.222883269,0.007466693,1.117264032,0.299785525,-0.119065732,0.079822920
8,0.400000000,7,0.227314189,0.003199082,1.118924856,0.143945426,-0.316390991,0.086263359
8,0.400000000,8,0.228683159,-0.005500551,1.120694280,-0.005661933,-0.560687125,0.090672553
8,0.400000000,9,0.227152646,-0.019471077,1.122532845,-0.145553514,-0.841613352,0.093182020
8,0.400000000,10,0.222939402,-0.039331798,1.124403834,-0.273672879,-1.147743344,0.093922220
8,0.400000000,11,0.216291845,-0.065470472,1.126274824,-0.388831377,-1.467469692,0.093167797
8,0.400000000,12,0.207476869,-0.098045662,1.128117323,-0.490321547,-1.789547443,0.091078125
8,0.400000000,13,0.196772754,-0.136997491,1.129905820,-0.577680826,-2.103420496,0.087776758
8,0.400000000,14,0.184465736,-0.182063460,1.131617427,-0.650555134,-2.399406672,0.083385572
8,0.400000000,15,0.170848787,-0.232797027,1.133231521,-0.708620787,-2.668793440,0.078024700
8,0.400000000,16,0.156221345,-0.288587421,1.134729862,-0.751541615,-2.903875828,0.071814708
8,0.400000000,17,0.140890002,-0.348679990,1.136096835,-0.778945446,-3.097966194,0.064881794
8,0.400000000,18,0.125169188,-0.412196398,1.137319207,-0.790410936,-3.245388031,0.057360809
8,0.400000000,19,0.109382369,-0.478154987,1.138386846,-0.785460293,-3.341477633,0.049395308
8,0.400000000,20,0.093863100,-0.545490980,1.139292121,-0.763563335,-3.382609844,0.041137289
8,0.400000000,21,0.078955844,-0.613078237,1.140030980,-0.724167287,-3.366289377,0.032746971
8,0.400000000,22,0.065015659,-0.679753780,1.140602350,-0.666789830,-3.291382074,0.024391895
8,0.400000000,23,0.052404795,-0.744349480,1.141008735,-0.591251671,-3.158619165,0.016246155
8,0.400000000,24,0.041482013,-0.805738389,1.141256094,-0.498211384,-2.971663713,0.008488609
9,0.450000000,0,0.185395956,0.003193671,1.112747669,0.890980005,0.139747977,0.011536751
9,0.450000000,1,0.203260705,0.006196241,1.113184690,0.893859684,0.155835330,0.032161940
9,0.450000000,2,0.221044824,0.009119379,1.113956928,0.881163657,0.126822487,0.045060433
9,0.450000000,3,0.238355011,0.010851336,1.114968896,0.845742941,0.035434540,0.056128565
9,0.450000000,4,0.254710495,0.010113874,1.116176486,0.785696149,-0.119474329,0.064623669
9,0.450000000,5,0.269628286,0.005696985,1.117524147,0.702373087,-0.330930591,0.070147857
9,0.450000000,6,0.282671422,-0.003426956,1.118965149,0.598843038,-0.588215113,0.073944353
9,0.450000000,7,0.293474555,-0.018055316,1.120466113,0.479088068,-0.879316926,0.076150663
9,0.450000000,8,0.301756412,-0.038743109,1.121996641,0.347454578,-1.192150831,0.076902479
9,0.450000000,9,0.307323217,-0.065808125,1.123528957,0.208311781,-1.515149951,0.076333575
9,0.450000000,10,0.310067266,-0.099344589,1.125038147,0.065865912,-1.837555528,0.074575812
9,0.450000000,11,0.309962392,-0.139240786,1.126501560,-0.075933903,-2.149548769,0.071759112
9,0.450000000,12,0.307058573,-0.185198486,1.127899289,-0.213437214,-2.442298174,0.068011694
9,0.450000000,13,0.301475704,-0.236752763,1.129213929,-0.343304694,-2.707966089,0.063460052
9,0.450000000,14,0.293397248,-0.293291748,1.130430818,-0.462505102,-2.939691067,0.058229100
9,0.450000000,15,0.283064425,-0.354075849,1.131537437,-0.568304420,-3.131559610,0.052442186
9,0.450000000,16,0.270770222,-0.418256491,1.132524014,-0.658251405,-3.278573751,0.046220858
9,0.450000000,17,0.256853998,-0.484893978,1.133383155,-0.730161190,-3.376619101,0.039683774
9,0.450000000,18,0.241696209,-0.552974880,1.134109497,-0.782098830,-3.422441244,0.032946117
9,0.450000000,19,0.225713715,-0.621429384,1.134700060,-0.812365592,-3.413640261,0.026119614
9,0.450000000,20,0.209354937,-0.689148307,1.135154366,-0.819499671,-3.348703146,0.019312626
9,0.450000000,21,0.193094954,-0.755001843,1.135473728,-0.802315414,-3.227117777,0.012630301
9,0.450000000,22,0.177428782,-0.817862213,1.135661721,-0.760033190,-3.049647331,0.006174543
9,0.450000000,23,0.162860543,-0.876634181,1.135723948,-0.692605793,-2.818930149,0.000043878
9,0.450000000,24,0.149882346,-0.930303514,1.135667682,-0.601459324,-2.540721893,-0.005667052
10,0.500000000,0,0.230173677,0.011692270,1.113683820,0.893611908,0.187066436,0.025632571
10,0.500000000,1,0.247867048,0.015337111,1.114373088,0.868569732,0.167166293,0.043293573
10,0.500000000,2,0.264474154,0.017733099,1.115315080,0.780466616,0.054743830,0.050906986
10,0.500000000,3,0.278694183,0.016896714,1.116390467,0.633817315,-0.151873574,0.056633104
10,0.500000000,4,0.289625108,0.011253557,1.117562890,0.456376493,-0.419858783,0.060615949
10,0.500000000,5,0.296916336,-0.000078663,1.118799090,0.273498863,-0.715700150,0.063000701
10,0.500000000,6,0.300646901,-0.017386438,1.120068431,0.102599032,-1.013813853,0.063931733
10,0.500000000,7,0.301168859,-0.040528852,1.121343255,-0.046135385,-1.296810269,0.063551761
10,0.500000000,8,0.298982620,-0.069083795,1.122598767,-0.167695582,-1.553607106,0.062001556
10,0.500000000,9,0.294652820,-0.102454007,1.123812914,-0.260402799,-1.777472019,0.059419837
10,0.500000000,10,0.288755864,-0.139938220,1.124966502,-0.324578971,-1.964528441,0.055943273
10,0.500000000,11,0.281849205,-0.180777431,1.126043081,-0.361679882,-2.112742662,0.051706631
10,0.500000000,12,0.274454504,-0.224184781,1.127028584,-0.373758644,-2.221276283,0.046842761
10,0.500000000,13,0.267049193,-0.269365132,1.127911806,-0.363142878,-2.290082693,0.041482788
10,0.500000000,14,0.260063112,-0.315528095,1.128684282,-0.332242787,-2.319658518,0.035756238
10,0.500000000,15,0.253878057,-0.361897349,1.129339814,-0.283437282,-2.310889959,0.029791079
10,0.500000000,16,0.248829097,-0.407717407,1.129874825,-0.219006479,-2.264954805,0.023713948
10,0.500000000,17,0.245207056,-0.452258587,1.130288482,-0.141090661,-2.183261871,0.017644355
10,0.500000000,18,0.243261620,-0.494821548,1.130581737,-0.051665142,-2.067415714,0.011687725
10,0.500000000,19,0.243204713,-0.534740865,1.130757928,0.047474053,-1.919211388,0.005934488
10,0.500000000,20,0.245214134,-0.571388960,1.130821943,0.154709548,-1.740663052,0.000460359
10,0.500000000,21,0.249436945,-0.604181647,1.130779743,0.268571436,-1.534097075,-0.004672923
10,0.500000000,22,0.255991489,-0.632585943,1.130638838,0.387638628,-1.302361488,-0.009416879
10,0.500000000,23,0.264966369,-0.656134307,1.130407333,0.510295510,-1.049263716,-0.013735488
10,0.500000000,24,0.276411831,-0.674451709,1.130093932,0.634184361,-0.780457258,-0.017604422
11,0.550000000,0,0.273810446,0.020825770,1.115578055,0.848153651,0.169498876,0.047396861
11,0.550000000,1,0.290495723,0.023940904,1.116277099,0.817348480,0.135504201,0.022507157
11,0.550000000,2,0.306318611,0.025829371,1.116808414,0.760374367,0.042019244,0.030619990
11,0.550000000,3,0.320778161,0.025226500,1.117426038,0.683557510,-0.110519655,0.031140583
11,0.550000000,4,0.333638728,0.021174844,1.118069172,0.603130281,-0.298553854,0.033167060
11,0.550000000,5,0.344970375,0.013208842,1.118775487,0.532545805,-0.498337120,0.037458144
11,0.550000000,6,0.355064332,0.001286880,1.119538665,0.480398774,-0.691604137,0.038860992
11,0.550000000,7,0.364335388,-0.014331116,1.120316982,0.450604022,-0.866364658,0.038969621
11,0.550000000,8,0.373241991,-0.033196423,1.121086001,0.443889499,-1.015430212,0.037934393
11,0.550000000,9,0.382236302,-0.054751545,1.121824384,0.459063470,-1.134892583,0.035903335
11,0.550000000,10,0.391734630,-0.078384086,1.122513652,0.493849903,-1.223012686,0.033022188
11,0.550000000,11,0.402101576,-0.103462011,1.123138189,0.545424521,-1.279463053,0.029434636
11,0.550000000,12,0.413642675,-0.129356608,1.123685360,0.610744536,-1.304837823,0.025282238
11,0.550000000,13,0.426602095,-0.155457616,1.124145269,0.686748087,-1.300346017,0.020704553
11,0.550000000,14,0.441163659,-0.181183383,1.124510765,0.770473182,-1.267618775,0.015839312
11,0.550000000,15,0.457453579,-0.205988109,1.124777317,0.859129429,-1.208586812,0.010822553
11,0.550000000,16,0.475544333,-0.229366884,1.124943495,0.950141072,-1.125403047,0.005788618
11,0.550000000,17,0.495459229,-0.250859678,1.125010014,1.041172743,-1.020389676,0.000864831
11,0.550000000,18,0.517177522,-0.270054191,1.124980211,1.130145192,-0.896004021,-0.003839137
11,0.550000000,19,0.540639341,-0.286588609,1.124859452,1.215243340,-0.754819751,-0.008236019
11,0.550000000,20,0.565751255,-0.300153583,1.124654412,1.294915676,-0.599525869,-0.012260398
11,0.550000000,21,0.592391312,-0.310495019,1.124373078,1.367852330,-0.432958275,-0.015867587
11,0.550000000,22,0.620413184,-0.317417592,1.124024034,1.432917595,-0.258190930,-0.019032599
11,0.550000000,23,0.649648428,-0.320791572,1.123616219,1.488982320,-0.078747518,-0.021748651
11,0.550000000,24,0.679903150,-0.320565552,1.123158455,1.534545302,0.100945622,-0.024025453
12,0.600000000,0,0.314391643,0.027864529,1.117744207,0.779868841,0.113391228,0.039408352
12,0.600000000,1,0.329776615,0.029852131,1.118386388,0.760517001,0.084184386,0.024807604
12,0.600000000,2,0.344923377,0.031149048,1.118966460,0.757041752,0.043230627,0.033198606
12,0.600000000,3,0.360154420,0.031504240,1.119725943,0.767985642,-0.009145422,0.042747788
12,0.600000000,4,0.375697106,0.030753134,1.120683312,0.787219644,-0.066079870,0.052984297
12,0.600000000,5,0.391665041,0.028881056,1.121788859,0.809813917,-0.120128207,0.057573386
12,0.600000000,6,0.408088803,0.026003264,1.122954130,0.832348704,-0.165938422,0.058958251
12,0.600000000,7,0.424945474,0.022320334,1.124133348,0.852898359,-0.200222537,0.058961894
12,0.600000000,8,0.442186892,0.018083273,1.125300288,0.870786667,-0.221137583,0.057730228
12,0.600000000,9,0.459759682,0.013568846,1.126431704,0.886087060,-0.227897525,0.055407044
12,0.600000000,10,0.477616042,0.009061437,1.127507091,0.899225891,-0.220482692,0.052133866
12,0.600000000,11,0.495717973,0.004840100,1.128508925,0.910737693,-0.199413121,0.048049942
12,0.600000000,12,0.514038205,0.001169499,1.129422307,0.921129346,-0.165584445,0.043292306
12,0.600000000,13,0.532558560,-0.001706379,1.130235195,0.930814505,-0.120152697,0.037995867
12,0.600000000,14,0.551268101,-0.003568584,1.130938172,0.940090597,-0.064453967,0.032293573
12,0.600000000,15,0.570160687,-0.004226197,1.131524324,0.949140310,0.000052406,0.026316479
12,0.600000000,16,0.589232802,-0.003518373,1.131989360,0.958045542,0.071824580,0.020193961
12,0.600000000,17,0.608481646,-0.001315674,1.132331848,0.966807067,0.149267823,0.014051015
12,0.600000000,18,0.627903819,0.002479096,1.132552266,0.975367188,0.230755299,0.008001672
12,0.600000000,19,0.647494376,0.007930383,1.132653713,0.983631909,0.314640462,0.002145406
12,0.600000000,20,0.667246342,0.015069531,1.132640839,0.991488576,0.399258375,-0.003432443
12,0.600000000,21,0.687150300,0.023894278,1.132519841,0.998807132,0.482908547,-0.008660145
12,0.600000000,22,0.707193792,0.034367617,1.132298470,1.005401373,0.563803434,-0.013478646
12,0.600000000,23,0.727359176,0.046415009,1.131985307,1.010901093,0.639948726,-0.017840600
12,0.600000000,24,0.747617066,0.059917979,1.131589770,1.014438748,0.708886325,-0.021709133
13,0.650000000,0,0.351702422,0.031803943,1.119203806,0.718008816,0.047443911,0.020289849
13,0.650000000,1,0.365764946,0.032336317,1.119793653,0.684591770,-0.000869250,0.038697049
13,0.650000000,2,0.378858775,0.031355944,1.120629787,0.619167805,-0.107353076,0.044918355
13,0.650000000,3,0.390368342,0.027750114,1.121572852,0.529287636,-0.257504761,0.049390364
13,0.650000000,4,0.400001973,0.021022657,1.122589111,0.434812963,-0.413246125,0.052243903
13,0.650000000,5,0.407840401,0.011396948,1.123647690,0.351985455,-0.543008089,0.053616483
13,0.650000000,6,0.414226234,-0.000394404,1.124720335,0.290758878,-0.627522767,0.053647824
13,0.650000000,7,0.419646114,-0.013344663,1.125781655,0.255840987,-0.658145487,0.052477404
13,0.650000000,8,0.424642026,-0.026354007,1.126808882,0.248326913,-0.633685470,0.050243650
13,0.650000000,9,0.429753244,-0.038349643,1.127782106,0.267040849,-0.557631195,0.047083355
13,0.650000000,10,0.435480803,-0.048358120,1.128684163,0.309461087,-0.436153024,0.043131307
13,0.650000000,11,0.442267001,-0.055544846,1.129500628,0.372311562,-0.276791275,0.038520508
13,0.650000000,12,0.450484246,-0.059232619,1.130219698,0.451928794,-0.087639146,0.033382118
13,0.650000000,13,0.460429758,-0.058907367,1.130831957,0.544489443,0.123147719,0.027845582
13,0.650000000,14,0.472323984,-0.054216255,1.131330848,0.646154225,0.347637504,0.022038665
13,0.650000000,15,0.486311138,-0.044961423,1.131712079,0.753162801,0.578284264,0.016087880
13,0.650000000,16,0.502461672,-0.031091288,1.131974101,0.861898661,0.808017075,0.010118729
13,0.650000000,17,0.520775616,-0.012690524,1.132117867,0.968937576,1.030287147,0.004251783
13,0.650000000,18,0.541186571,0.010030658,1.132146239,1.071087122,1.239092469,-0.001405973
13,0.650000000,19,0.563567102,0.036747616,1.132064462,1.165423632,1.428994775,-0.006765698
13,0.650000000,20,0.587734222,0.067032747,1.131879210,1.249331594,1.595141649,-0.011756223
13,0.650000000,21,0.613456070,0.100367583,1.131598473,1.320548177,1.733308554,-0.016323399
13,0.650000000,22,0.640459478,0.136156127,1.131230950,1.377215385,1.839987755,-0.020428848
13,0.650000000,23,0.668438852,0.173740804,1.130786180,1.417945743,1.912570596,-0.024048600
13,0.650000000,24,0.697066009,0.212423638,1.130273938,1.441913724,1.949714422,-0.027171291
14,0.700000000,0,0.385718524,0.031815983,1.119660974,0.647709787,-0.044187088,-0.001269630
14,0.700000000,1,0.398424834,0.030430319,1.119690299,0.624157727,-0.098846503,0.004199964
14,0.700000000,2,0.410759389,0.027598027,1.119893432,0.611697555,-0.189841524,0.016103324
14,0.700000000,3,0.423003107,0.022751736,1.120340347,0.615681767,-0.293480754,0.028577838
14,0.700000000,4,0.435509294,0.016047914,1.120995641,0.637974858,-0.369343638,0.036945499
14,0.700000000,5,0.448635578,0.008362279,1.121777773,0.677311718,-0.387963504,0.041272070
14,0.700000000,6,0.462696493,0.001008718,1.122631431,0.730942965,-0.334767431,0.044094078
14,0.700000000,7,0.477948427,-0.004531926,1.123527765,0.795929492,-0.206959605,0.045541782
14,0.700000000,8,0.494590610,-0.006808263,1.124440670,0.869533598,-0.009675099,0.045745935
14,0.700000000,9,0.512770176,-0.004523845,1.125346541,0.949267387,0.247186035,0.044836909
14,0.700000000,10,0.532586575,0.003391646,1.126224279,1.032848358,0.551222980,0.042943981
14,0.700000000,11,0.554095149,0.017748397,1.127055645,1.118136644,0.889021575,0.040195230
14,0.700000000,12,0.577309549,0.039086234,1.127824783,1.203085899,1.247081161,0.036717270
14,0.700000000,13,0.602203071,0.067678951,1.128518343,1.285716176,1.612369061,0.032635476
14,0.700000000,14,0.628709972,0.103547141,1.129125357,1.364104986,1.972639561,0.028073963
14,0.700000000,15,0.656726718,0.146475926,1.129637599,1.436393023,2.316608906,0.023155667
14,0.700000000,16,0.686113358,0.196035117,1.130049229,1.500797272,2.634044647,0.018002385
14,0.700000000,17,0.716695070,0.251600772,1.130356550,1.555629969,2.915807486,0.012733640
14,0.700000000,18,0.748264551,0.312377304,1.130558491,1.599321008,3.153869152,0.007460962
14,0.700000000,19,0.780584455,0.377419800,1.130656004,1.630444050,3.341331244,0.002283994
14,0.700000000,20,0.813390613,0.445656866,1.130651712,1.647750974,3.472464561,-0.002709248
14,0.700000000,21,0.846395969,0.515915155,1.130550146,1.650213599,3.542814732,-0.007441527
14,0.700000000,22,0.879295647,0.586946666,1.130357385,1.637081027,3.549442291,-0.011845493
14,0.700000000,23,0.911773145,0.657463729,1.130080342,1.607966304,3.491433859,-0.015862085
14,0.700000000,24,0.943509042,0.726188838,1.129727364,1.562998891,3.370953083,-0.019437877
15,0.750000000,0,0.416458637,0.026639551,1.118806720,0.591754496,-0.154992417,-0.030220123
15,0.750000000,1,0.428266555,0.023069741,1.118360519,0.595562875,-0.202256262,-0.014403397
15,0.750000000,2,0.440677941,0.018547414,1.118228555,0.655890703,-0.248317912,0.001197674
15,0.750000000,3,0.454839706,0.013302011,1.118403912,0.766566277,-0.269628614,0.016333867
15,0.750000000,4,0.471487850,0.008106799,1.118831992,0.899753094,-0.239516616,0.026477862
15,0.750000000,5,0.490811795,0.004173395,1.119431615,1.030656934,-0.141690835,0.033487007
15,0.750000000,6,0.512589335,0.002923414,1.120154977,1.143092513,0.028873654,0.038854994
15,0.750000000,7,0.536355615,0.005788288,1.120970607,1.228635788,0.268656671,0.042699721
15,0.750000000,8,0.561536789,0.014068360,1.121849060,1.284450412,0.568524420,0.045141570
15,0.750000000,9,0.587540865,0.028845416,1.122763395,1.311252594,0.916098654,0.046301454
15,0.750000000,10,0.613812506,0.050935861,1.123689413,1.311779618,1.297453523,0.046300210
15,0.750000000,11,0.639862537,0.080871843,1.124605060,1.289758563,1.698239803,0.045258231
15,0.750000000,12,0.665280461,0.118900448,1.125490546,1.249263406,2.104392052,0.043294936
15,0.750000000,13,0.689737499,0.164993972,1.126328826,1.194336414,2.502550840,0.040529121
15,0.750000000,14,0.712983608,0.218866676,1.127104998,1.128781080,2.880303860,0.037078805
15,0.750000000,15,0.734841406,0.279995203,1.127806425,1.056058288,3.226311684,0.033061545
15,0.750000000,16,0.755198896,0.347640604,1.128422976,0.979244769,3.530367851,0.028594464
15,0.750000000,17,0.774001896,0.420871437,1.128946781,0.901025116,3.783420801,0.023793206
15,0.750000000,18,0.791245937,0.498586774,1.129372478,0.823702276,3.977588654,0.018769806
15,0.750000000,19,0.806968927,0.579540014,1.129696488,0.749216616,4.106186867,0.013631469
15,0.750000000,20,0.821244061,0.662363470,1.129917622,0.679163694,4.163806438,0.008480963
15,0.750000000,21,0.834173322,0.745595336,1.130036592,0.614800215,4.146502018,0.003417306
15,0.750000000,22,0.845879912,0.827712595,1.130056143,0.557017684,4.052189827,-0.001463070
15,0.750000000,23,0.856500804,0.907175541,1.129980922,0.506256282,3.881467819,-0.006064351
15,0.750000000,24,0.866175711,0.982495725,1.129817486,0.462314457,3.639242649,-0.010287642
16,0.800000000,0,0.445446849,0.015862869,1.117116213,0.575814426,-0.263148397,-0.035859667
16,0.800000000,1,0.457030475,0.010315052,1.116636515,0.584614217,-0.286331773,-0.012121012
16,0.800000000,2,0.468949378,0.004759914,1.116603374,0.609592438,-0.257927835,0.008805301
16,0.800000000,3,0.481446117,0.000498854,1.116964698,0.639342189,-0.154652327,0.027323877
16,0.800000000,4,0.494436234,-0.000886612,1.117656469,0.656329274,0.029643234,0.041857921
16,0.800000000,5,0.507534266,0.002193560,1.118593097,0.648766458,0.290538639,0.051799718
16,0.800000000,6,0.520191669,0.011172067,1.119708896,0.611971378,0.617339134,0.059772678
16,0.800000000,7,0.531821966,0.027232038,1.120965600,0.546461880,0.996201038,0.065896533
16,0.800000000,8,0.541884124,0.051264320,1.122327566,0.455968827,1.411971450,0.070291147
16,0.800000000,9,0.549930871,0.083853133,1.123761296,0.345914245,1.849284768,0.073076114
16,0.800000000,10,0.555631220,0.125279143,1.125235796,0.222366527,2.293240309,0.074370220
16,0.800000000,11,0.558776379,0.175533146,1.126722336,0.091389596,2.729804277,0.074291311
16,0.800000000,12,0.559275448,0.234335959,1.128194809,-0.041330285,3.146037340,0.072956331
16,0.800000000,13,0.557145774,0.301161617,1.129629135,-0.170677856,3.530209541,0.070481509
16,0.800000000,14,0.552500486,0.375261933,1.131003737,-0.292192131,3.871847868,0.066982344
16,0.800000000,15,0.545535326,0.455692112,1.132299304,-0.402085781,4.161742210,0.062573582
16,0.800000000,16,0.536514997,0.541335523,1.133498669,-0.497229159,4.391927242,0.057369649
16,0.800000000,17,0.525760651,0.630928397,1.134587169,-0.575116396,4.555661678,0.051486157
16,0.800000000,18,0.513637602,0.723084450,1.135552526,-0.633824706,4.647407055,0.045044411
16,0.800000000,19,0.500544071,0.816318572,1.136384726,-0.671974003,4.662844658,0.038174711
16,0.800000000,20,0.486900777,0.909072101,1.137076616,-0.688696861,4.598946095,0.031016476
16,0.800000000,21,0.473140687,0.999740124,1.137624025,-0.683634520,4.454175472,0.023718731
16,0.800000000,22,0.459698588,1.086705327,1.138025522,-0.656986833,4.228930473,0.016440839
16,0.800000000,23,0.446998507,1.168384671,1.138283372,-0.609663427,3.926460028,0.009354124
16,0.800000000,24,0.435436636,1.243302703,1.138403296,-0.543615401,3.554694653,0.002645333
17,0.850000000,0,0.474430710,0.000611345,1.115818262,0.583877563,-0.330444872,-0.016298981
17,0.850000000,1,0.486100465,-0.005939144,1.115750909,0.579882383,-0.313042074,0.009565258
17,0.850000000,2,0.497418076,-0.011170356,1.116094708,0.545438409,-0.188857749,0.024809968
17,0.850000000,3,0.507647634,-0.012682562,1.116729736,0.470726788,0.056440130,0.038699165
17,0.850000000,4,0.515997052,-0.008280175,1.117604136,0.358520418,0.397154629,0.048731163
17,0.850000000,5,0.521795809,0.003615757,1.118659019,0.217310950,0.800388396,0.056757551
17,0.850000000,6,0.524563849,0.023952482,1.119855762,0.057136647,1.236746311,0.062916778
17,0.850000000,7,0.524019659,0.053146664,1.121158361,-0.112381227,1.682617545,0.067342237
17,0.850000000,8,0.520062983,0.091197230,1.122533441,-0.282807946,2.119670630,0.070163958
17,0.850000000,9,0.512748301,0.137780070,1.123950243,-0.447109759,2.533741713,0.071509488
17,0.850000000,10,0.502257049,0.192320734,1.125380397,-0.599619269,2.913809776,0.071504392
17,0.850000000,11,0.488871276,0.254049182,1.126798153,-0.735905707,3.251225948,0.070272483
17,0.850000000,12,0.472950667,0.322041482,1.128180265,-0.852621377,3.539176226,0.067936063
17,0.850000000,13,0.454912245,0.395252645,1.129505754,-0.947353363,3.772319317,0.064616017
17,0.850000000,14,0.435213029,0.472543508,1.130756259,-1.018491387,3.946543455,0.060431853
17,0.850000000,15,0.414335161,0.552703500,1.131915569,-1.065112829,4.058801174,0.055501983
17,0.850000000,16,0.392773271,0.634470820,1.132970095,-1.086884856,4.106992245,0.049943849
17,0.850000000,17,0.371023357,0.716550291,1.133908272,-1.083979368,4.089885712,0.043874756
17,0.850000000,18,0.349573642,0.797630548,1.134721160,-1.057001710,4.007066727,0.037413724
17,0.850000000,19,0.328896344,0.876399875,1.135402083,-1.006927729,3.858926535,0.030683015
17,0.850000000,20,0.309440941,0.951562762,1.135946989,-0.935058713,3.646708250,0.023808174
17,0.850000000,21,0.291627795,1.021858335,1.136354208,-0.842999518,3.372664213,0.016918615
17,0.850000000,22,0.275842011,1.086083293,1.136624813,-0.732685328,3.040416002,0.010148415
17,0.850000000,23,0.262425750,1.143126607,1.136762738,-0.606495142,2.655714750,0.003638015
17,0.850000000,24,0.251667231,1.192025185,1.136774421,-0.467517853,2.227967024,-0.002462808
18,0.900000000,0,0.503652513,-0.015992379,1.115903616,0.582046568,-0.322484076,0.016818702
18,0.900000000,1,0.515230119,-0.022191476,1.116133928,0.573537827,-0.290351570,0.006211536
18,0.900000000,2,0.526449084,-0.027146749,1.116371155,0.543783545,-0.191952616,0.017507141
18,0.900000000,3,0.536786258,-0.029365379,1.116850615,0.484996617,-0.018308539,0.030440759
18,0.900000000,4,0.545666277,-0.027494133,1.117573261,0.398828208,0.213413924,0.041823290
18,0.900000000,5,0.552598059,-0.020589672,1.118511319,0.291385710,0.481432080,0.051978573
18,0.900000000,6,0.557231486,-0.008127272,1.119626403,0.170307741,0.766226053,0.059523590
18,0.900000000,7,0.559370041,0.010065511,1.120864272,0.043107543,1.052149415,0.064271621
18,0.900000000,8,0.558959484,0.033885427,1.122172713,-0.083567493,1.327168941,0.066572644
18,0.900000000,9,0.556067944,0.063018478,1.123506308,-0.204150230,1.582113981,0.066786520
18,0.900000000,10,0.550863862,0.096989997,1.124826431,-0.314158857,1.809984565,0.065230049
18,0.900000000,11,0.543594956,0.135202587,1.126101613,-0.410121620,2.005433798,0.062281072
18,0.900000000,12,0.534569383,0.176965222,1.127308846,-0.489456058,2.164391518,0.058446724
18,0.900000000,13,0.524139225,0.221515819,1.128431916,-0.550327897,2.283785820,0.053857461
18,0.900000000,14,0.512686610,0.268039465,1.129456878,-0.591556013,2.361383677,0.048641939
18,0.900000000,15,0.500611305,0.315684050,1.130372643,-0.612530947,2.395683527,0.042927243
18,0.900000000,16,0.488320410,0.363574088,1.131170273,-0.613136888,2.385836124,0.036838874
18,0.900000000,17,0.476218849,0.410823107,1.131843686,-0.593681931,2.331584454,0.030500745
18,0.900000000,18,0.464701712,0.456545085,1.132388949,-0.554836810,2.233227968,0.024032168
18,0.900000000,19,0.454147398,0.499865443,1.132804751,-0.497583658,2.091614246,0.017545421
18,0.900000000,20,0.444912016,0.539932430,1.133091688,-0.423179567,1.908182979,0.011146259
18,0.900000000,21,0.437323838,0.575929821,1.133252501,-0.333145916,1.685098648,0.004934548
18,0.900000000,22,0.431677788,0.607094407,1.133291960,-0.229308814,1.425550461,-0.000994573
18,0.900000000,23,0.428228050,0.632741690,1.133220673,-0.113952711,1.134392500,-0.006128789
18,0.900000000,24,0.427175432,0.652311563,1.133067369,0.009738521,0.819513857,-0.009205502
19,0.950000000,0,0.532429457,-0.030709224,1.117238164,0.570903003,-0.266501039,0.034618404
19,0.950000000,1,0.543885171,-0.035772473,1.117882133,0.577968657,-0.238103390,0.029784918
19,0.950000000,2,0.555736125,-0.040107787,1.118613362,0.611173034,-0.191431597,0.043332107
19,0.950000000,3,0.568413854,-0.043259025,1.119600415,0.656618893,-0.119269080,0.055372946
19,0.950000000,4,0.581923008,-0.044711784,1.120826364,0.690756917,-0.022041477,0.067215770
19,0.950000000,5,0.595857739,-0.044001244,1.122258306,0.697192907,0.096217826,0.075971574
19,0.950000000,6,0.609576285,-0.040759776,1.123832583,0.668544114,0.230080709,0.081453636
19,0.950000000,7,0.622362733,-0.034733634,1.125492573,0.604344308,0.373681068,0.084536828
19,0.950000000,8,0.633540273,-0.025787506,1.127197504,0.508579135,0.521083832,0.085957110
19,0.950000000,9,0.642539263,-0.013903614,1.128915668,0.387690812,0.666505814,0.085856281
19,0.950000000,10,0.648931026,0.000823424,1.130617976,0.249148101,0.804521620,0.084373921
19,0.950000000,11,0.652438760,0.018195299,1.132278204,0.100543573,0.930205107,0.081647217
19,0.950000000,12,0.652934134,0.037920866,1.133872747,-0.050923675,1.039207101,0.077810876
19,0.950000000,13,0.650426507,0.059628054,1.135380745,-0.198718116,1.127788305,0.072997250
19,0.950000000,14,0.645048141,0.082876161,1.136784077,-0.337087542,1.192823172,0.067336336
19,0.950000000,15,0.637038410,0.107168011,1.138067007,-0.461096197,1.231784344,0.060955949
19,0.950000000,16,0.626727164,0.131961659,1.139216423,-0.566610873,1.242718339,0.053981975
19,0.950000000,17,0.614519179,0.156681567,1.140221596,-0.650264561,1.224219561,0.046538293
19,0.950000000,18,0.600879252,0.180729449,1.141074538,-0.709414184,1.175412297,0.038749862
19,0.950000000,19,0.586318195,0.203494802,1.141769409,-0.742103815,1.095954299,0.030745715
19,0.950000000,20,0.571379185,0.224365920,1.142303467,-0.747048795,0.986082494,0.022659648
19,0.950000000,21,0.556624234,0.242742583,1.142676353,-0.723668337,0.846741021,0.014630594
19,0.950000000,22,0.542618811,0.258052677,1.142890692,-0.672215581,0.679860532,0.006803472
19,0.950000000,23,0.529912770,0.269776940,1.142951965,-0.594100237,0.488923430,-0.000669327
19,0.950000000,24,0.519010723,0.277489781,1.142868996,-0.492580384,0.280071944,-0.007624798
20,1.000000000,0,0.561074257,-0.042244542,1.119104624,0.577048898,-0.198181123,0.039271925
20,1.000000000,1,0.572634161,-0.045799050,1.120084405,0.577514708,-0.150403738,0.058696777
20,1.000000000,2,0.584069073,-0.047822230,1.121377468,0.561932743,-0.040115025,0.070602678
20,1.000000000,3,0.594903290,-0.047001168,1.122881770,0.515383244,0.130270630,0.079831444
20,1.000000000,4,0.604424357,-0.042398538,1.124547839,0.429996431,0.333052456,0.086776137
20,1.000000000,5,0.611844957,-0.033646505,1.126332521,0.305889487,0.541183591,0.091690719
20,1.000000000,6,0.616439283,-0.020849926,1.128196716,0.148600280,0.734783351,0.094731651
20,1.000000000,7,0.617624402,-0.004437340,1.130104542,-0.033503313,0.901150763,0.096050151
20,1.000000000,8,0.614996970,0.014966982,1.132022977,-0.231062382,1.033106327,0.095793135
20,1.000000000,9,0.608340979,0.036636010,1.133921862,-0.434843540,1.127295136,0.094103828
20,1.000000000,10,0.597618759,0.059802644,1.135774136,-0.636340439,1.182881713,0.091122150
20,1.000000000,11,0.582952738,0.083700508,1.137555242,-0.828052998,1.200649738,0.086984903
20,1.000000000,12,0.564604402,0.107590012,1.139243364,-1.003580093,1.182414532,0.081825987
20,1.000000000,13,0.542952359,0.130774915,1.140819311,-1.157611370,1.130648613,0.075776577
20,1.000000000,14,0.518471062,0.152612969,1.142266750,-1.285868049,1.048243284,0.068965301
20,1.000000000,15,0.491710812,0.172522604,1.143571496,-1.385022521,0.938356578,0.061518349
20,1.000000000,16,0.463279605,0.189987242,1.144722223,-1.452611566,0.804313719,0.053559706
20,1.000000000,17,0.433826894,0.204557896,1.145709991,-1.486952424,0.649542093,0.045211345
20,1.000000000,18,0.404028505,0.215854794,1.146528006,-1.487068653,0.477531135,0.036596026
20,1.000000000,19,0.374573290,0.223568410,1.147172332,-1.452630639,0.291814774,0.027840797
20,1.000000000,20,0.346150517,0.227460414,1.147641540,-1.383924246,0.095982760,0.019077592
20,1.000000000,21,0.319437474,0.227365226,1.147936821,-1.281871915,-0.106265903,0.010443680
20,1.000000000,22,0.295085698,0.223193273,1.148061991,-1.148158550,-0.310996801,0.002082146
20,1.000000000,23,0.273702949,0.214938045,1.148024201,-0.985564768,-0.513784409,-0.005857131
20,1.000000000,24,0.255824745,0.202690199,1.147833467,-0.798705280,-0.709220767,-0.013215343
21,1.050000000,0,0.590151429,-0.049603585,1.121059656,0.582642496,-0.095887996,0.037261281
21,1.050000000,1,0.601673543,-0.050821207,1.121914983,0.562969804,-0.014105676,0.048275292
21,1.050000000,2,0.612247646,-0.049443327,1.122982383,0.482108533,0.169992775,0.058463953
21,1.050000000,3,0.620476723,-0.043486658,1.124247909,0.329653174,0.433892459,0.068082020
21,1.050000000,4,0.625061154,-0.031996801,1.125676155,0.121222906,0.712382734,0.074739635
21,1.050000000,5,0.625105500,-0.015271895,1.127211571,-0.120531134,0.949640989,0.078800008
21,1.050000000,6,0.620160639,0.005476702,1.128807068,-0.374452412,1.110482812,0.080751002
21,1.050000000,7,0.610160887,0.028526718,1.130425930,-0.623528600,1.178223848,0.081133902
21,1.050000000,8,0.595336914,0.051964354,1.132038236,-0.855068147,1.149511933,0.080099829
21,1.050000000,9,0.576134682,0.073901795,1.133617282,-1.060110807,1.029594064,0.077794284
21,1.050000000,10,0.553148448,0.092611872,1.135138869,-1.232676625,0.828797162,0.074358262
21,1.050000000,11,0.527067840,0.106604174,1.136581659,-1.369082093,0.560145020,0.069929264
21,1.050000000,12,0.498638064,0.114662483,1.137927294,-1.467392802,0.237833172,0.064641722
21,1.050000000,13,0.468628943,0.115858041,1.139159918,-1.527004004,-0.123712569,0.058627196
21,1.050000000,14,0.437811852,0.109547958,1.140266299,-1.548328042,-0.510401726,0.052014664
21,1.050000000,15,0.406941831,0.095364913,1.141235828,-1.532558084,-0.908811092,0.044930771
21,1.050000000,16,0.376743644,0.073201716,1.142060161,-1.481488824,-1.306374669,0.037500098
21,1.050000000,17,0.347901404,0.043192994,1.142733574,-1.397377372,-1.691489577,0.029845079
21,1.050000000,18,0.321050316,0.005695293,1.143252850,-1.282835126,-2.053574085,0.022086272
21,1.050000000,19,0.296770573,-0.038733721,1.143617034,-1.140744925,-2.383102894,0.014341733
21,1.050000000,20,0.275582522,-0.089356706,1.143827677,-0.974205554,-2.671643019,0.006727182
21,1.050000000,21,0.257942498,-0.145279095,1.143888593,-0.786517084,-2.911916971,-0.000643853
21,1.050000000,22,0.244238406,-0.205473363,1.143805504,-0.581245899,-3.097939491,-0.007660039
21,1.050000000,23,0.234782487,-0.268807441,1.143586755,-0.362445801,-3.225319624,-0.014211768
21,1.050000000,24,0.229796946,-0.334082365,1.143242717,-0.135201722,-3.291900635,-0.020191299
22,1.100000000,0,0.618794203,-0.050311070,1.122233987,0.560600460,0.062938988,0.008955609
22,1.100000000,1,0.629855156,-0.048207331,1.122308969,0.543910563,0.154029354,-0.001458403
22,1.100000000,2,0.640436471,-0.043761611,1.122486949,0.510209024,0.298358381,0.019259948
22,1.100000000,3,0.650071919,-0.036168352,1.122912288,0.448158145,0.458283693,0.023280304
22,1.100000000,4,0.658159614,-0.025747065,1.123407006,0.355850697,0.571558714,0.026194002
22,1.100000000,5,0.664142191,-0.013923733,1.124025106,0.238989532,0.592733979,0.035613801
22,1.100000000,6,0.667617440,-0.002805511,1.124822855,0.106775463,0.498853624,0.044156417
22,1.100000000,7,0.668376386,0.005234637,1.125739574,-0.031097075,0.285403311,0.047518719
22,1.100000000,8,0.666391969,0.007872937,1.126708746,-0.166287124,-0.039139409,0.049400777
22,1.100000000,9,0.661788821,0.003038816,1.127702117,-0.291933835,-0.458727688,0.049940895
22,1.100000000,10,0.654814184,-0.010973681,1.128694296,-0.402642816,-0.953433335,0.049274113
22,1.100000000,11,0.645809114,-0.035453252,1.129662395,-0.494405895,-1.501768947,0.047532804
22,1.100000000,12,0.635182440,-0.071255818,1.130586267,-0.564436972,-2.082132339,0.044846926
22,1.100000000,13,0.623387635,-0.118811652,1.131448150,-0.610989988,-2.673669100,0.041344441
22,1.100000000,14,0.610904515,-0.178145736,1.132233024,-0.633186638,-3.256769419,0.037151389
22,1.100000000,15,0.598222911,-0.248905674,1.132928610,-0.630864322,-3.813336372,0.032403003
22,1.100000000,16,0.585829854,-0.330393523,1.133524537,-0.604445577,-4.326925278,0.027199874
22,1.100000000,17,0.574199021,-0.421599478,1.134013176,-0.554824054,-4.782806396,0.021674084
22,1.100000000,18,0.563782394,-0.521236539,1.134389281,-0.483272523,-5.167996407,0.015945176
22,1.100000000,19,0.555003107,-0.627775848,1.134649992,-0.391369432,-5.471285820,0.010130298
22,1.100000000,20,0.548250377,-0.739482462,1.134794712,-0.280948967,-5.683308125,0.004343234
22,1.100000000,21,0.543874085,-0.854453921,1.134825110,-0.154092625,-5.796712875,-0.001305623
22,1.100000000,22,0.542179704,-0.970663846,1.134745002,-0.013204637,-5.806563377,-0.006709661
22,1.100000000,23,0.543419302,-1.086017966,1.134560227,0.138734564,-5.711183071,-0.011766749
22,1.100000000,24,0.547774971,-1.198433995,1.134278774,0.297535390,-5.513905048,-0.016380820
23,1.150000000,0,0.646012902,-0.042214170,1.121229887,0.532518148,0.247463629,-0.045296799
23,1.150000000,1,0.656619430,-0.036455158,1.120268941,0.531710386,0.329410940,-0.050793450
23,1.150000000,2,0.667479932,-0.029010518,1.119420290,0.558493078,0.412356913,-0.034069713
23,1.150000000,3,0.679033577,-0.020266574,1.118821859,0.596609116,0.449687988,-0.025777392
23,1.150000000,4,0.691251516,-0.011673045,1.118488431,0.621313930,0.390100628,-0.007561471
23,1.150000000,5,0.703690886,-0.005516654,1.118494511,0.617075562,0.202693090,0.008168587
23,1.150000000,6,0.715707719,-0.004473707,1.118743062,0.578858018,-0.121073596,0.016694831
23,1.150000000,7,0.726629615,-0.011208487,1.119145274,0.508229196,-0.572607040,0.023523552
23,1.150000000,8,0.735858798,-0.028100492,1.119668365,0.410739869,-1.133064628,0.028777810
23,1.150000000,9,0.742930710,-0.057092261,1.120281935,0.293818235,-1.778247118,0.032578904
23,1.150000000,10,0.747535408,-0.099616036,1.120958209,0.165336221,-2.481747389,0.035046916
23,1.150000000,11,0.749517977,-0.156571016,1.121671677,0.032813575,-3.216925621,0.036300853
23,1.150000000,12,0.748866677,-0.228331506,1.122399211,-0.096977398,-3.958086014,0.036458593
23,1.150000000,13,0.745696485,-0.314773262,1.123120189,-0.218172431,-4.681140900,0.035637271
23,1.150000000,14,0.740229964,-0.415309370,1.123816133,-0.325846255,-5.363963127,0.033953086
23,1.150000000,15,0.732779384,-0.528931558,1.124470830,-0.415976375,-5.986555099,0.031521458
23,1.150000000,16,0.723728716,-0.654253423,1.125070572,-0.485375315,-6.531109333,0.028457133
23,1.150000000,17,0.713518262,-0.789554477,1.125603795,-0.531612158,-6.982018471,0.024874223
23,1.150000000,18,0.702629745,-0.932823896,1.126061320,-0.552935719,-7.325867176,0.020886140
23,1.150000000,19,0.691573799,-1.081804633,1.126436234,-0.548209488,-7.551450729,0.016606409
23,1.150000000,20,0.680877984,-1.234038353,1.126723766,-0.516872883,-7.649871826,0.012149556
23,1.150000000,21,0.671075284,-1.386913896,1.126921535,-0.458957553,-7.614806175,0.007630953
23,1.150000000,22,0.662691116,-1.537724018,1.127029419,-0.375221431,-7.443122864,0.003165915
23,1.150000000,23,0.656225562,-1.683740973,1.127049685,-0.267538935,-7.136199951,-0.001131769
23,1.150000000,24,0.652123094,-1.822330117,1.126986861,-0.139837995,-6.702631950,-0.005152836
24,1.200000000,0,0.672486126,-0.024744770,1.118059158,0.534096837,0.431028634,-0.076995477
24,1.200000000,1,0.683373868,-0.015519598,1.116633296,0.563101053,0.486822069,-0.065591462
24,1.200000000,2,0.695493758,-0.005605335,1.115449429,0.659641922,0.491755664,-0.052799139
24,1.200000000,3,0.709998250,0.003469316,1.114509940,0.791988432,0.395111024,-0.041160084
24,1.200000000,4,0.727027476,0.009292749,1.113911390,0.903358400,0.162847623,-0.018695312
24,1.200000000,5,0.745714009,0.009007038,1.113666534,0.952609539,-0.215827882,-0.005784330
24,1.200000000,6,0.764585555,-0.000254720,1.113660216,0.920105934,-0.732076406,0.005139936
24,1.200000000,7,0.781953871,-0.021051075,1.113867760,0.802825928,-1.365151048,0.015612933
24,1.200000000,8,0.796186626,-0.055456031,1.114281774,0.608446598,-2.088099241,0.025790181
24,1.200000000,9,0.805871010,-0.104974426,1.114888787,0.350580275,-2.871467829,0.034908865
24,1.200000000,10,0.809896946,-0.170517966,1.115663409,0.045417320,-3.685704947,0.042552248
24,1.200000000,11,0.807485759,-0.252418399,1.116574168,-0.290340453,-4.502539635,0.048529271
24,1.200000000,12,0.798187852,-0.350461215,1.117587328,-0.640644848,-5.295701981,0.052787192
24,1.200000000,13,0.781862497,-0.463929653,1.118668675,-0.990707994,-6.041266441,0.055355106
24,1.200000000,14,0.758649826,-0.591653049,1.119785309,-1.327278733,-6.717786789,0.056308527
24,1.200000000,15,0.728938639,-0.732056797,1.120905876,-1.638732314,-7.306313992,0.055748485
24,1.200000000,16,0.693334103,-0.883212149,1.122001290,-1.915059090,-7.790363789,0.053788163
24,1.200000000,17,0.652625799,-1.042884827,1.123044610,-2.147805929,-8.155864716,0.050543621
24,1.200000000,18,0.607757449,-1.208582878,1.124011636,-2.330006361,-8.391126633,0.046154976
24,1.200000000,19,0.559797823,-1.377604365,1.124885321,-2.456106901,-8.486840248,0.041207068
24,1.200000000,20,0.509913385,-1.547085285,1.125655532,-2.521880627,-8.436134338,0.035824798
24,1.200000000,21,0.459341645,-1.714051127,1.126315236,-2.524486542,-8.234914780,0.030146644
24,1.200000000,22,0.409360975,-1.875479341,1.126859903,-2.462735415,-7.882647991,0.024323264
24,1.200000000,23,0.361251980,-2.028385162,1.127288342,-2.337766171,-7.384023190,0.018515350
24,1.200000000,24,0.316237003,-2.169955969,1.127625108,-2.154704094,-6.752454758,0.015160281
25,1.250000000,0,0.700572729,0.001035731,1.114789844,0.592482328,0.575440824,-0.053137790
25,1.250000000,1,0.712747991,0.012770092,1.113817573,0.628227413,0.586636603,-0.044090286
25,1.250000000,2,0.725851357,0.023745291,1.113027096,0.683287203,0.486963868,-0.034958400
25,1.250000000,3,0.739950955,0.031205708,1.112455964,0.719146311,0.231730044,-0.022157183
25,1.250000000,4,0.754168868,0.031956166,1.112220883,0.688372493,-0.182355300,-0.001356203
25,1.250000000,5,0.766846955,0.022980016,1.112340927,0.562118173,-0.736677825,0.013367039
25,1.250000000,6,0.775962710,0.001752459,1.112725258,0.332169861,-1.402211547,0.025054019
25,1.250000000,7,0.779488921,-0.033632204,1.113340497,0.005196233,-2.146956444,0.036469899
25,1.250000000,8,0.775631726,-0.084438555,1.114180446,-0.403005719,-2.939133406,0.047521140
25,1.250000000,9,0.762966454,-0.151310995,1.115227103,-0.871947408,-3.748693705,0.057142589
25,1.250000000,10,0.740498245,-0.234317482,1.116446257,-1.379563570,-4.548128128,0.064768352
25,1.250000000,11,0.707672656,-0.333003908,1.117795348,-1.904114127,-5.312756538,0.070145778
25,1.250000000,12,0.664357364,-0.446450979,1.119228959,-2.425242424,-6.020747662,0.073208809
25,1.250000000,13,0.610808790,-0.573330700,1.120700955,-2.924514532,-6.653029919,0.073998369
25,1.250000000,14,0.547630370,-0.711960375,1.122167110,-3.385662794,-7.193182468,0.072614670
25,1.250000000,15,0.475728869,-0.860354185,1.123594403,-3.794630051,-7.627291203,0.070115164
25,1.250000000,16,0.396271229,-1.016271114,1.124961615,-4.139415264,-7.943712234,0.066615559
25,1.250000000,17,0.310644746,-1.177259088,1.126250029,-4.409981728,-8.132963181,0.062230021
25,1.250000000,18,0.220418423,-1.340697408,1.127442956,-4.598175049,-8.187676430,0.057072416
25,1.250000000,19,0.127306163,-1.503839135,1.128526211,-4.697652817,-8.102590561,0.051260911
25,1.250000000,20,0.033130810,-1.663853884,1.129488111,-4.703868866,-7.874671459,0.044928275
25,1.250000000,21,-0.060212597,-1.817875743,1.130319715,-4.614188671,-7.503460407,0.038227409
25,1.250000000,22,-0.150798455,-1.963061213,1.131015182,-4.428292751,-6.991895676,0.031329926
25,1.250000000,23,-0.236725405,-2.096673250,1.131572723,-4.149171352,-6.348069668,0.024423938
25,1.250000000,24,-0.316201955,-2.216216326,1.131999373,-3.785360098,-5.588871002,0.018240344
26,1.300000000,0,0.732598007,0.031706210,1.113937616,0.682273984,0.626828611,0.015010891
26,1.300000000,1,0.746545255,0.043919563,1.114038467,0.710624218,0.575987399,-0.004920106
26,1.300000000,2,0.760854125,0.053551409,1.114124417,0.712660909,0.352874577,0.013501110
26,1.300000000,3,0.774605870,0.056718431,1.114552021,0.647929847,-0.066671208,0.029257443
26,1.300000000,4,0.786097825,0.049862586,1.115129113,0.482555598,-0.640210032,0.028452273
26,1.300000000,5,0.793146133,0.030469587,1.115705013,0.202830747,-1.310980916,0.029138772
26,1.300000000,6,0.793471158,-0.002877665,1.116311789,-0.188155994,-2.027852058,0.031537026
26,1.300000000,7,0.784977615,-0.050675716,1.116984248,-0.675877392,-2.750014782,0.035702754
26,1.300000000,8,0.765936553,-0.112702899,1.117731571,-1.238943458,-3.446188688,0.039025117
26,1.300000000,9,0.735084176,-0.188193113,1.118528366,-1.852740526,-4.092905045,0.040658798
26,1.300000000,10,0.691658676,-0.275973797,1.119337797,-2.492052555,-4.672703743,0.040289592
26,1.300000000,11,0.635394216,-0.374570638,1.120123744,-3.132701635,-5.172641277,0.038309880
26,1.300000000,12,0.566490412,-0.482285768,1.120862722,-3.752399921,-5.583147526,0.035593823
26,1.300000000,13,0.485570788,-0.597256362,1.121541381,-4.331105232,-5.897181034,0.032264583
26,1.300000000,14,0.393635482,-0.717499793,1.122148395,-4.851203918,-6.109724998,0.028444448
26,1.300000000,15,0.292012215,-0.840950251,1.122675300,-5.297545910,-6.217463970,0.024254508
26,1.300000000,16,0.182307601,-0.965491116,1.123116016,-5.657382011,-6.218555450,0.019814920
26,1.300000000,17,0.066360109,-1.088981867,1.123466611,-5.920252800,-6.112467766,0.015244844
26,1.300000000,18,-0.053804506,-1.209283829,1.123725772,-6.077869892,-5.899882317,0.010662710
26,1.300000000,19,-0.176015645,-1.324283481,1.123894215,-6.124030590,-5.582659245,0.006186079
26,1.300000000,20,-0.297999382,-1.431917191,1.123975396,-6.054612637,-5.163918495,0.001935439
26,1.300000000,21,-0.417421341,-1.530197859,1.123974919,-5.867744923,-4.648314953,-0.001984488
26,1.300000000,22,-0.531936109,-1.617252588,1.123896480,-5.564329147,-4.042719364,-0.005860251
26,1.300000000,23,-0.639253318,-1.691378951,1.123736620,-5.149270535,-3.357669830,-0.010131069
26,1.300000000,24,-0.737242579,-1.751144052,1.123466372,-4.634381771,-2.610328436,-0.016893806
27,1.350000000,0,0.769089699,0.061360408,1.116596937,0.767518282,0.544938505,0.083095215
27,1.350000000,1,0.784584820,0.071545266,1.117750049,0.775168598,0.459404349,0.032228045
27,1.350000000,2,0.799617469,0.078819774,1.118618965,0.712136269,0.242248535,0.054663882
27,1.350000000,3,0.812341690,0.080284826,1.119655967,0.540384233,-0.116511062,0.049034633
27,1.350000000,4,0.820436180,0.073523782,1.120597720,0.249030292,-0.571367562,0.045141317
27,1.350000000,5,0.821551204,0.057141703,1.121510744,-0.155445173,-1.070412397,0.046162482
27,1.350000000,6,0.813579381,0.030704286,1.122478127,-0.656237543,-1.570607185,0.050569456
27,1.350000000,7,0.794811666,-0.005478228,1.123558402,-1.230988979,-2.040542126,0.057453565
27,1.350000000,8,0.764013886,-0.050573844,1.124746561,-1.855014443,-2.459041834,0.061360076
27,1.350000000,9,0.720450282,-0.103406787,1.125973940,-2.503416300,-2.812488794,0.061371688
27,1.350000000,10,0.663875878,-0.162587568,1.127177835,-3.152162552,-3.092833042,0.059027519
27,1.350000000,11,0.594510138,-0.226607099,1.128321886,-3.778963566,-3.295906305,0.055382870
27,1.350000000,12,0.512996197,-0.293901175,1.129384518,-4.363806725,-3.420207500,0.050882488
27,1.350000000,13,0.420352876,-0.362895608,1.130353332,-4.889161587,-3.466142416,0.046000402
27,1.350000000,14,0.317924172,-0.432039052,1.131219745,-5.340018749,-3.435489416,0.040641457
27,1.350000000,15,0.207329959,-0.499825835,1.131976366,-5.703781605,-3.331012487,0.035011236
27,1.350000000,16,0.090418942,-0.564813614,1.132619143,-5.970144272,-3.156235456,0.029266225
27,1.350000000,17,-0.030775839,-0.625636816,1.133147120,-6.130956173,-2.915299177,0.023533966
27,1.350000000,18,-0.154078841,-0.681018054,1.133561611,-6.180095673,-2.612864494,0.017924413
27,1.350000000,19,-0.277211547,-0.729777992,1.133866191,-6.113380909,-2.254068613,0.012535721
27,1.350000000,20,-0.397831172,-0.770844758,1.134066105,-5.928583622,-1.844551921,0.007455593
27,1.350000000,21,-0.513571441,-0.803265631,1.134168386,-5.625635624,-1.390611172,0.002766167
27,1.350000000,22,-0.622090638,-0.826223314,1.134181499,-5.207228661,-0.899587870,-0.001453770
27,1.350000000,23,-0.721139908,-0.839064538,1.134089947,-4.680324554,-0.380797684,-0.007703172
27,1.350000000,24,-0.808679461,-0.841359675,1.133821368,-4.059736252,0.152158752,-0.019157743
28,1.400000000,0,0.808960557,0.084135011,1.121393085,0.814375281,0.367973655,0.103487872
28,1.400000000,1,0.825081944,0.090565771,1.122747421,0.785258532,0.265693903,0.031958461
28,1.400000000,2,0.839551747,0.094151698,1.123495102,0.637383103,0.076600358,0.042800859
28,1.400000000,3,0.849607110,0.093085460,1.124281168,0.344790697,-0.193575144,0.035806037
28,1.400000000,4,0.852525055,0.086168893,1.124978781,-0.071078494,-0.500363052,0.033955336
28,1.400000000,5,0.846173704,0.073126607,1.125719428,-0.576290905,-0.799490690,0.040107910
28,1.400000000,6,0.829101562,0.054463357,1.126619458,-1.137953997,-1.057936907,0.049897280
28,1.400000000,7,0.800472438,0.031218780,1.127630353,-1.727468610,-1.255141139,0.051197466
28,1.400000000,8,0.759986222,0.004729372,1.128683805,-2.319682598,-1.381516337,0.054137401
28,1.400000000,9,0.707814872,-0.023556607,1.129794478,-2.892516136,-1.434862494,0.056921892
28,1.400000000,10,0.644540489,-0.052195363,1.130934596,-3.427076817,-1.417412758,0.057084266
28,1.400000000,11,0.571090043,-0.079814643,1.132060528,-3.907736540,-1.333842278,0.055512581
28,1.400000000,12,0.488673359,-0.105151467,1.133143663,-4.321767807,-1.190289974,0.052809604
28,1.400000000,13,0.398729086,-0.127075404,1.134165645,-4.658971310,-0.993789256,0.049387980
28,1.400000000,14,0.302876920,-0.144602269,1.135115027,-4.911384106,-0.751882732,0.045545347
28,1.400000000,15,0.202875584,-0.156901643,1.135985494,-5.073038101,-0.472363740,0.041509174
28,1.400000000,16,0.100584961,-0.163299978,1.136775255,-5.139742374,-0.163105592,0.037465252
28,1.400000000,17,-0.002067346,-0.163281038,1.137485743,-5.108889103,0.168046400,0.033575259
28,1.400000000,18,-0.103116021,-0.156484678,1.138119221,-4.979292393,0.513339937,0.029773049
28,1.400000000,19,-0.200585559,-0.142704308,1.138671041,-4.751122475,0.865188539,0.025406584
28,1.400000000,20,-0.292518258,-0.121882491,1.139131069,-4.426015377,1.216272712,0.020591864
28,1.400000000,21,-0.377005368,-0.094105706,1.139491200,-4.007286072,1.559502840,0.015422017
28,1.400000000,22,-0.452225566,-0.059601031,1.139745355,-3.500514507,1.887873530,0.010002881
28,1.400000000,23,-0.516501904,-0.018737419,1.139891982,-2.914865494,2.194117308,0.004661212
28,1.400000000,24,-0.568398118,0.027961589,1.139910102,-2.265943289,2.469797850,-0.002847466
29,1.450000000,0,0.849382102,0.096633188,1.126102448,0.793238223,0.145626962,0.083808973
29,1.450000000,1,0.864922583,0.098577917,1.127218246,0.753137290,0.044688728,0.027780455
29,1.450000000,2,0.878991604,0.098150507,1.127995372,0.637720048,-0.093681172,0.049928904
29,1.450000000,3,0.889760494,0.094687253,1.128986239,0.422392309,-0.253197521,0.049155209
29,1.450000000,4,0.895277739,0.088135719,1.130006075,0.115339383,-0.396130621,0.052823573
29,1.450000000,5,0.893897533,0.079174645,1.131104469,-0.263593972,-0.489630461,0.057014868
29,1.450000000,6,0.884412527,0.069012873,1.132284164,-0.691129386,-0.513933241,0.060948178
29,1.450000000,7,0.866086781,0.059131417,1.133522511,-1.143834949,-0.461045086,0.062887959
29,1.450000000,8,0.838634729,0.051080797,1.134780407,-1.600392222,-0.331464380,0.062905051
29,1.450000000,9,0.802169859,0.046341907,1.136030674,-2.042186737,-0.131214872,0.062116012
29,1.450000000,10,0.757152081,0.046238773,1.137259841,-2.453195810,0.130345196,0.060804881
29,1.450000000,11,0.704336703,0.051887695,1.138452053,-2.819854021,0.442012310,0.058422986
29,1.450000000,12,0.644726515,0.064171538,1.139583230,-3.130990028,0.791789532,0.054690551
29,1.450000000,13,0.579524636,0.083731115,1.140625238,-3.377707720,1.167556047,0.049511552
29,1.450000000,14,0.510090649,0.110967070,1.141553283,-3.553216457,1.557464480,0.043295600
29,1.450000000,15,0.437900901,0.146047503,1.142351627,-3.652593136,1.950127959,0.036543462
29,1.450000000,16,0.364513576,0.188918188,1.143010974,-3.672545195,2.334714651,0.029389955
29,1.450000000,17,0.291537821,0.239314601,1.143524528,-3.611242533,2.701040745,0.021967072
29,1.450000000,18,0.220605835,0.296775669,1.143888116,-3.468191385,3.039645672,0.014404472
29,1.450000000,19,0.153347030,0.360658795,1.144100428,-3.244159937,3.341852665,0.006829727
29,1.450000000,20,0.091362730,0.430156201,1.144162416,-2.941203356,3.599833488,-0.000630942
29,1.450000000,21,0.036198780,0.504312873,1.144077539,-2.562874079,3.806697369,-0.007851784
29,1.450000000,22,-0.010689233,0.582046330,1.143851995,-2.114782333,3.956628799,-0.014705883
29,1.450000000,23,-0.047987882,0.662170291,1.143494368,-1.605826616,4.045114994,-0.021062274
29,1.450000000,24,-0.074614085,0.743423998,1.143019915,-1.050745606,4.069293499,-0.026376452
30,1.500000000,0,0.887384832,0.098045781,1.128775954,0.727841854,-0.068754949,0.028313899
30,1.500000000,1,0.901614130,0.095853776,1.128984928,0.692497909,-0.148478150,-0.007411802
30,1.500000000,2,0.914879799,0.092228062,1.129018307,0.626131892,-0.209477156,0.010739431
30,1.500000000,3,0.926254690,0.087726556,1.129331350,0.499692708,-0.232473075,0.020565568
30,1.500000000,4,0.934386253,0.083317779,1.129820228,0.301205307,-0.197256684,0.028325276
30,1.500000000,5,0.937841952,0.080310911,1.130478382,0.033537872,-0.090833999,0.037489511
30,1.500000000,6,0.935351372,0.080187067,1.131305814,-0.290787697,0.091114499,0.045254439
30,1.500000000,7,0.925948501,0.084437191,1.132239223,-0.654651940,0.345523566,0.048086561
30,1.500000000,8,0.909024179,0.094432004,1.133211851,-1.039860845,0.663818896,0.049173489
30,1.500000000,9,0.884331405,0.111336060,1.134192705,-1.428578377,1.034318089,0.048914023
30,1.500000000,10,0.851968288,0.136063084,1.135156274,-1.804250240,1.443823695,0.047447573
30,1.500000000,11,0.812346041,0.169256061,1.136079788,-2.152173519,1.878585935,0.044910919
30,1.500000000,12,0.766149402,0.211282790,1.136943340,-2.459742069,2.324918509,0.041438036
30,1.500000000,13,0.714293718,0.262241304,1.137729287,-2.716490507,2.769584656,0.037160344
30,1.500000000,14,0.657882690,0.321971476,1.138422847,-2.914023161,3.200033903,0.032206763
30,1.500000000,15,0.598168433,0.390070289,1.139011860,-3.045880556,3.604544878,0.026703861
30,1.500000000,16,0.536514103,0.465909272,1.139486670,-3.107381344,3.972310305,0.020776082
30,1.500000000,17,0.474360049,0.548653483,1.139839888,-3.095462561,4.293491840,0.014546009
30,1.500000000,18,0.413192868,0.637281239,1.140066624,-3.008540869,4.559263706,0.008134756
30,1.500000000,19,0.354516894,0.730604887,1.140164614,-2.846421957,4.761864185,0.001662134
30,1.500000000,20,0.299826592,0.827292919,1.140133739,-2.610300303,4.894686222,-0.004752609
30,1.500000000,21,0.250577390,0.925894380,1.139976382,-2.302928209,4.952444077,-0.010989521
30,1.500000000,22,0.208150491,1.024868488,1.139697194,-1.929099679,4.931496620,-0.016926385
30,1.500000000,23,0.173802376,1.122622490,1.139310360,-1.496761799,4.830433369,-0.021759424
30,1.500000000,24,0.148580596,1.217565417,1.138848901,-1.019426584,4.651041031,-0.024386359
31,1.550000000,0,0.921783209,0.089549795,1.128833413,0.656110704,-0.247665152,-0.018410172
31,1.550000000,1,0.934696317,0.084114298,1.128352404,0.637349904,-0.287532210,-0.029687256
31,1.550000000,2,0.947359264,0.078570969,1.127850890,0.628244162,-0.251688004,-0.020457825
31,1.550000000,3,0.959642410,0.074641079,1.127548575,0.592090487,-0.126667231,-0.009780759
31,1.550000000,4,0.970623434,0.074042737,1.127501965,0.493598998,0.079586446,0.005114582
31,1.550000000,5,0.978859425,0.078281596,1.127693534,0.316321850,0.354816616,0.014044163
31,1.550000000,6,0.982750595,0.088601246,1.128035784,0.060179483,0.685317636,0.020187879
31,1.550000000,7,0.980815649,0.105969228,1.128492117,-0.263778895,1.057368755,0.025442736
31,1.550000000,8,0.971864402,0.131083369,1.129039645,-0.638229609,1.457753778,0.029305611
31,1.550000000,9,0.955083549,0.164383516,1.129653692,-1.043327332,1.873903155,0.032094181
31,1.550000000,10,0.930061340,0.206064701,1.130307794,-1.459066272,2.293909311,0.033306122
31,1.550000000,11,0.896775246,0.256091237,1.130969763,-1.866715431,2.706625223,0.032887157
31,1.550000000,12,0.855557919,0.314212650,1.131611586,-2.249552727,3.101724625,0.031287014
31,1.550000000,13,0.807054102,0.379980028,1.132212758,-2.593121290,3.469682455,0.028831655
31,1.550000000,14,0.752174497,0.452761889,1.132757425,-2.885264397,3.801767349,0.025641251
31,1.550000000,15,0.692050576,0.531760156,1.133232236,-3.116061926,4.090057850,0.021834444
31,1.550000000,16,0.627990723,0.616026700,1.133625865,-3.277704954,4.327460766,0.017528733
31,1.550000000,17,0.561439812,0.704479694,1.133929610,-3.364344358,4.507720470,0.012840431
31,1.550000000,18,0.493941098,0.795920849,1.134136796,-3.371948004,4.625441551,0.007885134
31,1.550000000,19,0.427101344,0.889052927,1.134243488,-3.298199177,4.676129818,0.002777940
31,1.550000000,20,0.362556636,0.982498407,1.134247541,-3.142486572,4.656284809,-0.002365825
31,1.550000000,21,0.301937163,1.074821115,1.134149551,-2.906064749,4.563588142,-0.007429538
31,1.550000000,22,0.246825740,1.164553404,1.133952379,-2.592535973,4.397274494,-0.012293373
31,1.550000000,23,0.198701277,1.250233293,1.133661151,-2.208945036,4.158847809,-0.016831033
31,1.550000000,24,0.158850089,1.330461860,1.133283734,-1.768039107,3.853435993,-0.020902976
32,1.600000000,0,0.953159988,0.073551603,1.127955675,0.610411942,-0.371121615,-0.013697693
32,1.600000000,1,0.965399444,0.065834224,1.127385736,0.619632244,-0.396793664,-0.043287948
32,1.600000000,2,0.978263676,0.057931300,1.126646519,0.671953917,-0.385323107,-0.030624837
32,1.600000000,3,0.992263079,0.050792594,1.126205683,0.722168386,-0.318085581,-0.013457566
32,1.600000000,4,1.006723642,0.045644499,1.126026988,0.709304035,-0.185238898,-0.004405849
32,1.600000000,5,1.019957423,0.043835625,1.126011848,0.595343173,0.015694162,0.002885326
32,1.600000000,6,1.029777646,0.046700515,1.126149535,0.367583245,0.281084239,0.010878926
32,1.600000000,7,1.033944845,0.055451527,1.126444936,0.032264277,0.602595210,0.018663557
32,1.600000000,8,1.030472517,0.071100935,1.126885295,-0.392747581,0.968828321,0.025377907
32,1.600000000,9,1.017797589,0.094414622,1.127447486,-0.883742332,1.366744637,0.030841390
32,1.600000000,10,0.994856477,0.125889838,1.128102779,-1.415004253,1.782662630,0.034690123
32,1.600000000,11,0.961099267,0.165749922,1.128818393,-1.961192012,2.202971458,0.036870029
32,1.600000000,12,0.916467309,0.213950723,1.129562140,-2.498678446,2.614589930,0.037496429
32,1.600000000,13,0.861351490,0.270194173,1.130304217,-3.006221771,3.005238295,0.036704656
32,1.600000000,14,0.796540856,0.333945900,1.131017447,-3.465241194,3.363602400,0.034616716
32,1.600000000,15,0.723169208,0.404455900,1.131677389,-3.859874487,3.679426193,0.031369887
32,1.600000000,16,0.642660856,0.480780005,1.132262111,-4.176909447,3.943565369,0.027106358
32,1.600000000,17,0.556678653,0.561802626,1.132752895,-4.405662060,4.148017883,0.021964595
32,1.600000000,18,0.467074931,0.646259665,1.133133650,-4.537856579,4.285958290,0.016116187
32,1.600000000,19,0.375844359,0.732762694,1.133396029,-4.567526340,4.351781845,0.010120989
32,1.600000000,20,0.285078377,0.819823861,1.133538246,-4.490973949,4.341161728,0.004097420
32,1.600000000,21,0.196918130,0.905883312,1.133560777,-4.306976795,4.251275539,-0.001834486
32,1.600000000,22,0.113500111,0.989343166,1.133466840,-4.017378330,4.081266403,-0.007550740
32,1.600000000,23,0.036882941,1.068615437,1.133277774,-3.628460407,3.833191633,-0.011356086
32,1.600000000,24,-0.031068195,1.142197847,1.133050084,-3.153998375,3.514062643,-0.011412654
33,1.650000000,0,0.983699203,0.052792609,1.127872348,0.618956745,-0.447656304,0.009088208
33,1.650000000,1,0.996243179,0.043609485,1.128081560,0.637159050,-0.469789177,0.011830491
33,1.650000000,2,1.009229541,0.034078754,1.128384709,0.658903599,-0.479208291,0.018477611
33,1.650000000,3,1.022294283,0.024702616,1.128885150,0.635075808,-0.449347228,0.031561881
33,1.650000000,4,1.033982396,0.016542356,1.129617453,0.514377415,-0.354083866,0.041668650
33,1.650000000,5,1.042041183,0.011070386,1.130494356,0.269768506,-0.179192737,0.046016045
33,1.650000000,6,1.043927670,0.009919999,1.131441236,-0.101760976,0.077642962,0.048671171
33,1.650000000,7,1.037217855,0.014677909,1.132447481,-0.586564064,0.409975439,0.051953971
33,1.650000000,8,1.019870281,0.026737725,1.133520842,-1.161023855,0.805384338,0.055383988
33,1.650000000,9,0.990371048,0.047206197,1.134653091,-1.796761036,1.247993588,0.057836793
33,1.650000000,10,0.947790146,0.076854996,1.135820270,-2.464250088,1.720445037,0.058880087
33,1.650000000,11,0.891780496,0.116104960,1.136991739,-3.134992361,2.205181360,0.058270786
33,1.650000000,12,0.822544098,0.165030703,1.138134003,-3.782722950,2.685241461,0.055958409
33,1.650000000,13,0.740780532,0.223377705,1.139213443,-4.384005070,3.144731760,0.051993404
33,1.650000000,14,0.647627771,0.290586621,1.140198231,-4.918467522,3.569098949,0.046480983
33,1.650000000,15,0.544600129,0.365821719,1.141061068,-5.368827820,3.945275068,0.039808661
33,1.650000000,16,0.433527708,0.448001176,1.141786575,-5.720769405,4.261711597,0.032736134
33,1.650000000,17,0.316498965,0.535827041,1.142367721,-5.962729931,4.508338451,0.025384553
33,1.650000000,18,0.195807308,0.627814829,1.142800331,-6.085769176,4.676591873,0.017874248
33,1.650000000,19,0.073899321,0.722324491,1.143082380,-6.083497047,4.759482384,0.010325020
33,1.650000000,20,-0.046676267,0.817592859,1.143214107,-5.952116489,4.751727104,0.002857097
33,1.650000000,21,-0.163322687,0.911770403,1.143198609,-5.690691948,4.650032043,-0.004407282
33,1.650000000,22,-0.273458481,1.002965927,1.143041134,-5.301869869,4.453669071,-0.011341216
33,1.650000000,23,-0.374602944,1.089308143,1.142749548,-4.793451309,4.165604591,-0.017807962
33,1.650000000,24,-0.464508265,1.169039130,1.142366409,-4.181744099,3.794804811,-0.020502517
34,1.700000000,0,1.015670538,0.028924298,1.128494501,0.658888280,-0.498446256,0.015512411
34,1.700000000,1,1.028997302,0.018915778,1.128953815,0.670579553,-0.496073335,0.030413646
34,1.700000000,2,1.042229772,0.009500431,1.129516721,0.641455352,-0.432321370,0.025869649
34,1.700000000,3,1.054031372,0.002187635,1.130096197,0.519159734,-0.284069389,0.032076467
34,1.700000000,4,1.062121987,-0.001281380,1.130830288,0.266206026,-0.048485402,0.041326083
34,1.700000000,5,1.063733459,0.000780105,1.131708145,-0.128629789,0.267174602,0.046459109
34,1.700000000,6,1.056099892,0.009850488,1.132671237,-0.655298650,0.649910033,0.049848504
34,1.700000000,7,1.036800861,0.027116448,1.133696318,-1.290529490,1.083935857,0.052662473
34,1.700000000,8,1.003959060,0.053435165,1.134778023,-2.004166365,1.552277803,0.055505857
34,1.700000000,9,0.956331611,0.089320615,1.135905385,-2.763557673,2.037737370,0.057231147
34,1.700000000,10,0.893327951,0.134947494,1.137050152,-3.536510229,2.523698330,0.057243325
34,1.700000000,11,0.814981461,0.190168470,1.138175130,-4.293014526,2.994640112,0.055258770
34,1.700000000,12,0.721896112,0.254539311,1.139239788,-5.006136417,3.436425447,0.051204950
34,1.700000000,13,0.615180373,0.327348113,1.140213966,-5.652380943,3.836428404,0.046208926
34,1.700000000,14,0.496378392,0.407644928,1.141081572,-6.211641312,4.183460712,0.040543359
34,1.700000000,15,0.367403597,0.494270265,1.141830325,-6.667091370,4.467751503,0.034334548
34,1.700000000,16,0.230474293,0.585883379,1.142450690,-7.005039215,4.680948734,0.027707197
34,1.700000000,17,0.088052623,0.680990696,1.142935514,-7.214751720,4.816109657,0.020784669
34,1.700000000,18,-0.057212684,0.777973652,1.143280268,-7.288291931,4.867697716,0.013689303
34,1.700000000,19,-0.202541217,0.875117302,1.143482566,-7.220413208,4.831618309,0.006542954
34,1.700000000,20,-0.345074594,0.970640182,1.143542647,-7.008586884,4.705337048,-0.000532045
34,1.700000000,21,-0.481933087,1.062727928,1.143463254,-6.653285503,4.488155842,-0.007411302
34,1.700000000,22,-0.610282123,1.149574757,1.143249512,-6.158749104,4.181797028,-0.013965616
34,1.700000000,23,-0.727422535,1.229442477,1.142909288,-5.534678459,3.791551590,-0.020055275
34,1.700000000,24,-0.830930769,1.300752044,1.142451882,-4.799753189,3.328544140,-0.025675144
35,1.750000000,0,1.049692869,0.003586947,1.129560590,0.695298254,-0.503926456,0.026603904
35,1.750000000,1,1.063571811,-0.006199823,1.130094767,0.683672905,-0.462682813,0.026823357
35,1.750000000,2,1.076421738,-0.014150379,1.130528212,0.580768049,-0.310574859,0.016522948
35,1.750000000,3,1.085866928,-0.017808346,1.130934715,0.338281244,-0.036709245,0.024124259
35,1.750000000,4,1.088934064,-0.015011059,1.131500483,-0.056886811,0.328947514,0.032460440
35,1.750000000,5,1.082653403,-0.004277265,1.132216215,-0.593037486,0.751272500,0.039106112
35,1.750000000,6,1.064451456,0.015210775,1.133041382,-1.243831873,1.199758530,0.043411687
35,1.750000000,7,1.032359362,0.043725606,1.133921862,-1.976251841,1.650429845,0.044634312
35,1.750000000,8,0.985090256,0.081121236,1.134807467,-2.755763769,2.085198164,0.043936335
35,1.750000000,9,0.922038376,0.126936972,1.135670662,-3.549121618,2.490439892,0.042387944
35,1.750000000,10,0.843237400,0.180473462,1.136500955,-4.325783253,2.855726480,0.040638942
35,1.750000000,11,0.749299109,0.240846992,1.137298226,-5.058558941,3.172925949,0.039090451
35,1.750000000,12,0.641343713,0.307028890,1.138067365,-5.723802090,3.435591221,0.037825827
35,1.750000000,13,0.520928919,0.377875209,1.138792276,-6.301425934,3.638628244,0.034665000
35,1.750000000,14,0.389977247,0.452154100,1.139437079,-6.775019646,3.778331995,0.029808121
35,1.750000000,15,0.250704348,0.528572142,1.139979005,-7.131619453,3.852218390,0.024380542
35,1.750000000,16,0.105554298,0.605796337,1.140407801,-7.361299992,3.858753681,0.018509183
35,1.750000000,17,-0.042858504,0.682471335,1.140716076,-7.456906796,3.797253370,0.012319382
35,1.750000000,18,-0.191802576,0.757236421,1.140898585,-7.413861752,3.667852640,0.005935116
35,1.750000000,19,-0.338479459,0.828741729,1.140952706,-7.230034828,3.471518517,-0.000520348
35,1.750000000,20,-0.480072618,0.895665824,1.140878320,-6.905753613,3.210136890,-0.006923684
35,1.750000000,21,-0.613798320,0.956735849,1.140677571,-6.444060802,2.886731386,-0.013149934
35,1.750000000,22,-0.736966431,1.010754228,1.140355349,-5.851449490,2.505923510,-0.019070165
35,1.750000000,23,-0.847063601,1.056638598,1.139919281,-5.139502525,2.074830055,-0.024546223
35,1.750000000,24,-0.941885531,1.093487978,1.139403701,-4.328363419,1.604867101,-0.027015269
36,1.800000000,0,1.084678888,-0.020045450,1.131627321,0.698460698,-0.435976952,0.052570146
36,1.800000000,1,1.098586559,-0.028297778,1.132500529,0.688567877,-0.382092744,0.034755234
36,1.800000000,2,1.111916900,-0.034865659,1.133206248,0.632042050,-0.261624843,0.035813101
36,1.800000000,3,1.123199344,-0.038282070,1.134019017,0.475823462,-0.069297165,0.045472667
36,1.800000000,4,1.130059481,-0.037298214,1.135016799,0.186590433,0.174315125,0.054306947
36,1.800000000,5,1.129739523,-0.031128865,1.136151671,-0.241182953,0.445477366,0.059176154
36,1.800000000,6,1.119587302,-0.019429311,1.137348652,-0.793017030,0.724420309,0.060522553
36,1.800000000,7,1.097368479,-0.002199822,1.138551950,-1.442872524,0.996336579,0.059803694
36,1.800000000,8,1.061431408,0.020305214,1.139733076,-2.159318686,1.250416756,0.058312427
36,1.800000000,9,1.010772467,0.047645453,1.140886664,-2.909581661,1.478695512,0.057046693
36,1.800000000,10,0.945035398,0.079241857,1.142022729,-3.661952257,1.675137162,0.056559797
36,1.800000000,11,0.864476085,0.114408545,1.143150568,-4.387103081,1.835018635,0.056221534
36,1.800000000,12,0.769906402,0.152376041,1.144243121,-5.058893681,1.954709172,0.053034332
36,1.800000000,13,0.662623405,0.192314550,1.145253658,-5.654975891,2.031805038,0.048021894
36,1.800000000,14,0.544333875,0.233356506,1.146148205,-6.156691551,2.064886332,0.041429460
36,1.800000000,15,0.417082638,0.274614215,1.146899104,-6.548862934,2.053339481,0.033662096
36,1.800000000,16,0.283185303,0.315194815,1.147490382,-6.819543839,1.997238040,0.025460672
36,1.800000000,17,0.145166472,0.354212672,1.147915840,-6.959727764,1.897216558,0.017087303
36,1.800000000,18,0.005703263,0.390800029,1.148173332,-6.963142395,1.754431486,0.008666316
36,1.800000000,19,-0.132427990,0.424117714,1.148263216,-6.826132774,1.570580363,0.000320494
36,1.800000000,20,-0.266404063,0.453366339,1.148188114,-6.547680378,1.347971439,-0.007827768
36,1.800000000,21,-0.393409520,0.477799922,1.147953272,-6.129664421,1.089679837,-0.015655272
36,1.800000000,22,-0.510701478,0.496744514,1.147578239,-5.577663422,0.799914241,-0.021840774
36,1.800000000,23,-0.615700424,0.509628356,1.147110820,-4.902912140,0.484901667,-0.024903828
36,1.800000000,24,-0.706137478,0.516035736,1.146570563,-4.126030445,0.154242694,-0.029121805
37,1.850000000,0,1.119363546,-0.038951986,1.134496927,0.691631079,-0.325794488,0.060735907
37,1.850000000,1,1.133257151,-0.044998564,1.135604382,0.699495912,-0.277174056,0.050008178
37,1.850000000,2,1.147369266,-0.049916554,1.136595130,0.707540333,-0.210900411,0.049072262
37,1.850000000,3,1.161137462,-0.053289946,1.137603283,0.652861118,-0.123029158,0.051744498
37,1.850000000,4,1.172652245,-0.054725699,1.138673425,0.474297941,-0.018194916,0.055278357
37,1.850000000,5,1.179082394,-0.053948015,1.139844060,0.142071888,0.097219773,0.061785232
37,1.850000000,6,1.177310348,-0.050808251,1.141155362,-0.343996674,0.216993079,0.069345005
37,1.850000000,7,1.164433002,-0.045277305,1.142607689,-0.963943899,0.335419387,0.075884417
37,1.850000000,8,1.138071418,-0.037434287,1.144167304,-1.686619401,0.447386146,0.080080025
37,1.850000000,9,1.096525908,-0.027454501,1.145778060,-2.476137877,0.548389316,0.080995582
37,1.850000000,10,1.038825750,-0.015596828,1.147371054,-3.296037197,0.634585261,0.078305677
37,1.850000000,11,0.964713752,-0.002189973,1.148877144,-4.111729145,0.702840626,0.072303616
37,1.850000000,12,0.874594271,0.012381836,1.150242805,-4.891781330,0.750724375,0.064254254
37,1.850000000,13,0.769464374,0.027691746,1.151441455,-5.608393669,0.776375532,0.055607811
37,1.850000000,14,0.650840044,0.043280050,1.152462482,-6.237464428,0.778358757,0.046498880
37,1.850000000,15,0.520682335,0.058662664,1.153298020,-6.758596420,0.755678356,0.037059072
37,1.850000000,16,0.381323904,0.073340230,1.153942704,-7.155000210,0.707804680,0.027417187
37,1.850000000,17,0.235398412,0.086807504,1.154393911,-7.413325787,0.634679973,0.017699562
37,1.850000000,18,0.085773662,0.098562822,1.154651165,-7.523491383,0.536721408,0.008030511
37,1.850000000,19,-0.064512588,0.108117752,1.154716730,-7.478568554,0.414839119,-0.001467187
37,1.850000000,20,-0.212315589,0.115007386,1.154595375,-7.274811745,0.270489663,-0.010671186
37,1.850000000,21,-0.354449689,0.118802339,1.154294133,-6.911965370,0.105797447,-0.019458547
37,1.850000000,22,-0.487765580,0.119124234,1.153822422,-6.394131184,-0.076206826,-0.027702851
37,1.850000000,23,-0.609254181,0.115667783,1.153193235,-5.731697083,-0.271147609,-0.035213504
37,1.850000000,24,-0.716209590,0.108236358,1.152502060,-4.945689678,-0.472195685,-0.033902936
38,1.900000000,0,1.154320955,-0.052145772,1.137236714,0.709025443,-0.210013524,0.049267307
38,1.900000000,1,1.168562531,-0.055752356,1.137993693,0.711793900,-0.144060686,0.026433919
38,1.900000000,2,1.182499290,-0.057494849,1.138407826,0.668871284,-0.019617587,0.014976715
38,1.900000000,3,1.194573522,-0.056213174,1.138839960,0.515047014,0.153311148,0.028234672
38,1.900000000,4,1.202044368,-0.051266953,1.139475465,0.203398630,0.341081142,0.035319582
38,1.900000000,5,1.201567292,-0.042674135,1.140215516,-0.279507518,0.513728917,0.038677279
38,1.900000000,6,1.189811945,-0.030949790,1.141005278,-0.920595109,0.651785851,0.040303219
38,1.900000000,7,1.163887024,-0.016901489,1.141839862,-1.690673828,0.744999945,0.043155111
38,1.900000000,8,1.121578574,-0.001472974,1.142731786,-2.552282333,0.789567411,0.046038743
38,1.900000000,9,1.061455965,0.014361218,1.143666148,-3.465325832,0.785887480,0.047402237
38,1.900000000,10,0.982885361,0.029662671,1.144604921,-4.390711308,0.736951709,0.046473037
38,1.900000000,11,0.885986805,0.043569546,1.145511985,-5.292333126,0.647268891,0.044228408
38,1.900000000,12,0.771565318,0.055318363,1.146361113,-6.137893200,0.522061586,0.040688112
38,1.900000000,13,0.641030669,0.064253598,1.147127390,-6.899253845,0.366856843,0.035941582
38,1.900000000,14,0.496313125,0.069831453,1.147787929,-7.552497864,0.187271550,0.030116240
38,1.900000000,15,0.339779943,0.071620211,1.148322701,-8.077805519,-0.011117272,0.023357987
38,1.900000000,16,0.174155518,0.069298610,1.148714542,-8.459247589,-0.222857475,0.015819641
38,1.900000000,17,0.002445848,0.062652729,1.148953676,-8.684545517,-0.442665458,0.008094696
38,1.900000000,18,-0.172131643,0.051572867,1.149037838,-8.744799614,-0.665396929,0.000326505
38,1.900000000,19,-0.346214056,0.036050837,1.148967505,-8.634348869,-0.886048913,-0.007360188
38,1.900000000,20,-0.516357541,0.016177127,1.148745418,-8.350790024,-1.099750519,-0.014841330
38,1.900000000,21,-0.679105222,-0.007861361,1.148377061,-7.895302773,-1.301722884,-0.021992037
38,1.900000000,22,-0.831066430,-0.035782512,1.147870183,-7.273557663,-1.487208128,-0.028684560
38,1.900000000,23,-0.969024241,-0.067208536,1.147235513,-6.497755527,-1.651383042,-0.034783803
38,1.900000000,24,-1.090104699,-0.101664208,1.146513462,-5.591090679,-1.789338112,-0.037421566
39,1.950000000,0,1.190451860,-0.058996264,1.139053345,0.732583821,-0.068270750,0.023318740
39,1.950000000,1,1.205045819,-0.059495226,1.139101982,0.718108118,0.029893864,-0.018448105
39,1.950000000,2,1.218548059,-0.057101268,1.138625741,0.610046089,0.226204321,-0.029170800
39,1.950000000,3,1.228388071,-0.050006367,1.138144732,0.344021797,0.488408089,-0.018927224
39,1.950000000,4,1.231073618,-0.037618358,1.137875080,-0.106815614,0.743721485,-0.008046346
39,1.950000000,5,1.222932339,-0.020698659,1.137796283,-0.735290468,0.933722913,0.000161596
39,1.950000000,6,1.200674653,-0.000934574,1.137859941,-1.512450099,1.024270177,0.006208743
39,1.950000000,7,1.161710143,0.019519681,1.138040543,-2.398896694,1.001828671,0.011851199
39,1.950000000,8,1.104279757,0.038394336,1.138338208,-3.351752758,0.867349803,0.017923389
39,1.950000000,9,1.027481914,0.053536307,1.138746738,-4.328719139,0.630733788,0.022928070
39,1.950000000,10,0.931233287,0.063045621,1.139227867,-5.290558815,0.306858897,0.025176315
39,1.950000000,11,0.816192806,0.065348230,1.139728308,-6.202419281,-0.086893484,0.024861829
39,1.950000000,12,0.683669031,0.059228461,1.140204787,-7.034207344,-0.532300413,0.022792988
39,1.950000000,13,0.535525322,0.043834027,1.140623212,-7.760501385,-1.011381030,0.019056328
39,1.950000000,14,0.374088317,0.018664869,1.140959024,-8.360357285,-1.506951213,0.014523830
39,1.950000000,15,0.202061668,-0.016445164,1.141198993,-8.816955566,-2.002827406,0.009472661
39,1.950000000,16,0.022446834,-0.061349742,1.141333938,-9.117281914,-2.483967066,0.004030858
39,1.950000000,17,-0.161530107,-0.115613930,1.141357422,-9.251844406,-2.936564445,-0.001675383
39,1.950000000,18,-0.346486390,-0.178539485,1.141265392,-9.214431763,-3.348098040,-0.007521640
39,1.950000000,19,-0.528946340,-0.249190792,1.141056299,-9.001941681,-3.707358122,-0.013384601
39,1.950000000,20,-0.705402970,-0.326421469,1.140730977,-8.614373207,-4.004483700,-0.019141566
39,1.950000000,21,-0.872382641,-0.408902019,1.140292883,-8.055131912,-4.231057167,-0.024669686
39,1.950000000,22,-1.026520133,-0.495150983,1.139747739,-7.331913471,-4.380349636,-0.029843977
39,1.950000000,23,-1.164663076,-0.583573520,1.139103889,-6.458751678,-4.447897911,-0.034534469
39,1.950000000,24,-1.284036756,-0.672517538,1.138413072,-5.460505486,-4.432713985,-0.034543872
40,2.000000000,0,1.227133155,-0.057371281,1.139009356,0.727112174,0.125116691,-0.024637239
40,2.000000000,1,1.241345406,-0.053860221,1.138198733,0.680338323,0.232363969,-0.056421109
40,2.000000000,2,1.253409028,-0.047713909,1.136947989,0.496285677,0.389023155,-0.068647183
40,2.000000000,3,1.259917021,-0.038261354,1.135569215,0.121672370,0.551055014,-0.069226846
40,2.000000000,4,1.257041335,-0.026119975,1.134332061,-0.438191056,0.646748602,-0.054499540
40,2.000000000,5,1.241379499,-0.013187586,1.133356214,-1.150121331,0.623644292,-0.043081462
40,2.000000000,6,1.210321546,-0.002131748,1.132607341,-1.970040083,0.456943542,-0.031802714
40,2.000000000,7,1.162167311,0.004116049,1.132103443,-2.852176428,0.143756822,-0.018588506
40,2.000000000,8,1.096110821,0.002724618,1.131844044,-3.753327847,-0.304081470,-0.007354585
40,2.000000000,9,1.012164831,-0.008800579,1.131773233,-4.635114193,-0.865570486,0.000268058
40,2.000000000,10,0.911054254,-0.032479730,1.131822109,-5.464719296,-1.514909029,0.004614944
40,2.000000000,11,0.794104815,-0.069795534,1.131930590,-6.214836597,-2.224562168,0.006230163
40,2.000000000,12,0.663136601,-0.121679269,1.132049084,-6.863244057,-2.967168808,0.005622986
40,2.000000000,13,0.520367563,-0.188526362,1.132146597,-7.392291546,-3.716624260,0.004133191
40,2.000000000,14,0.368327767,-0.270226359,1.132206917,-7.788324833,-4.448487282,0.001904807
40,2.000000000,15,0.209783867,-0.366198927,1.132216573,-8.041285515,-5.140257359,-0.000938952
40,2.000000000,16,0.047670595,-0.475434631,1.132164359,-8.144363403,-5.771537304,-0.004276293
40,2.000000000,17,-0.114970915,-0.596537769,1.132041812,-8.093682289,-6.324104309,-0.007986560
40,2.000000000,18,-0.275049001,-0.727770030,1.131842375,-7.888029575,-6.781932831,-0.011950197
40,2.000000000,19,-0.429472893,-0.867094934,1.131562352,-7.528675079,-7.131227493,-0.016048452
40,2.000000000,20,-0.575201452,-1.012223005,1.131200314,-7.019336224,-7.360512257,-0.020163104
40,2.000000000,21,-0.709294140,-1.160660267,1.130757332,-6.366425514,-7.460875988,-0.024135921
40,2.000000000,22,-0.828971624,-1.309764266,1.130245686,-5.579869270,-7.426517487,-0.027034929
40,2.000000000,23,-0.931703508,-1.456816196,1.129693747,-4.675111771,-7.255848885,-0.028157998
40,2.000000000,24,-1.015355587,-1.599125862,1.129156947,-3.677338839,-6.953898430,-0.025522562
41,2.050000000,0,1.262039304,-0.045199379,1.135883093,0.665686965,0.345383346,-0.096663363
41,2.050000000,1,1.274846792,-0.037310790,1.133731604,0.605974913,0.443963468,-0.118491143
41,2.050000000,2,1.285633802,-0.027461085,1.131129384,0.451496065,0.536529064,-0.141715944
41,2.050000000,3,1.291959882,-0.016254799,1.128292799,0.156313866,0.568245769,-0.141942590
41,2.050000000,4,1.290938497,-0.005558990,1.125610590,-0.280983806,0.476414084,-0.126281708
41,2.050000000,5,1.279925346,0.001714154,1.123312473,-0.837867498,0.221768513,-0.103523530
41,2.050000000,6,1.256857157,0.002152768,1.121452332,-1.480272770,-0.206962451,-0.082495317
41,2.050000000,7,1.220394731,-0.007655686,1.119916558,-2.171143532,-0.799935162,-0.071083263
41,2.050000000,8,1.169923067,-0.030776858,1.118564248,-2.875634193,-1.533456087,-0.064151444
41,2.050000000,9,1.105487227,-0.069718093,1.117339730,-3.562652588,-2.376324415,-0.058296107
41,2.050000000,10,1.027713656,-0.126326203,1.116228938,-4.205196857,-3.294265509,-0.052792255
41,2.050000000,11,0.937726796,-0.201754600,1.115228891,-4.780486107,-4.252549648,-0.047216624
41,2.050000000,12,0.837065339,-0.296471000,1.114343524,-5.269836426,-5.217535496,-0.041311596
41,2.050000000,13,0.727602899,-0.410288870,1.113578677,-5.658366680,-6.157542229,-0.035172969
41,2.050000000,14,0.611475587,-0.542411923,1.112930059,-5.934677601,-7.043352127,-0.029695624
41,2.050000000,15,0.491014481,-0.691487432,1.112371206,-6.090643883,-7.848584652,-0.026190560
41,2.050000000,16,0.368681639,-0.855665624,1.111873269,-6.121232986,-8.549942970,-0.023608740
41,2.050000000,17,0.247012556,-1.032660842,1.111419797,-6.024066448,-9.127091408,-0.021736754
41,2.050000000,18,0.128566533,-1.219809532,1.110997796,-5.799104214,-9.562583923,-0.020458369
41,2.050000000,19,0.015881833,-1.414128065,1.110596657,-5.448463440,-9.841879845,-0.019657202
41,2.050000000,20,-0.088566616,-1.612372160,1.110207915,-4.976375580,-9.953461647,-0.019216726
41,2.050000000,21,-0.182411134,-1.811100006,1.109825492,-4.389393806,-9.889176369,-0.019020135
41,2.050000000,22,-0.263443410,-2.006746054,1.109445810,-3.697086334,-9.645057678,-0.018950330
41,2.050000000,23,-0.329689175,-2.195721626,1.109067440,-2.913686752,-9.223111153,-0.018890111
41,2.050000000,24,-0.379533261,-2.374566317,1.108713269,-2.061772585,-8.635149002,-0.016531399
