step,t,x,y,z,vx,vy,vz,next_x,next_y,next_z,next_vx,next_vy,next_vz,nominal_vx,nominal_vy,nominal_vz,command_vx,command_vy,command_vz,accel_x,accel_y,accel_z,constraint_active,sector,azimuth_rad,depth_m,margin_m,a_x,a_y,a_z,b,current_slack_m,lookahead_violation_m,obstacle_clearance_m,obstacle_name,status,constraint_age_frames,gate_collision,admm_status,admm_iterations,admm_pri_res,admm_dua_res,admm_terminal_x,admm_terminal_y,admm_terminal_z
0,0.000000000,0.000000000,0.000000000,1.100000000,0.000000000,0.000000000,0.000000000,0.000067652,-0.000067044,1.100348162,0.005002555,-0.004941115,0.012789538,0.586250000,0.000000000,0.000000000,0.600000000,-0.250000000,0.037484360,0.800000000,-0.714285714,0.107098171,1,3,0.000000000,1.390000000,1.112000000,1.000000000,0.000000000,0.000000000,0.278000000,0.278000000,0.000000000,1.289932348,center_box,active,0,False,-2,2,0.000000000,0.000000000,2.687108517,-3.612753630,1.128113270
1,0.050000000,0.000067652,-0.000067044,1.100348162,0.005002555,-0.004941115,0.012789538,0.001209097,-0.001045752,1.101413453,0.046396362,-0.035293494,0.027596189,0.600000000,0.000060340,-0.000696324,0.600000000,-0.250000000,0.026380158,0.800000000,-0.700168242,0.038830345,1,3,0.000000000,1.391398418,1.113118735,0.998946333,0.018889359,-0.041826013,0.232322822,0.278279684,0.000000000,1.288790903,center_box,active,0,False,-2,2,0.000000000,0.000000000,2.598500729,-3.543349266,1.120133281
2,0.100000000,0.001209097,-0.001045752,1.101413453,0.046396362,-0.035293494,0.027596189,0.006224666,-0.003829892,1.103490205,0.155349206,-0.070681183,0.051485328,0.600000000,0.000941177,-0.002826906,0.600000000,-0.250000000,0.052135833,0.800000000,-0.613447160,0.070113267,1,3,0.000000000,1.407115334,1.125692267,0.986977307,0.010369500,-0.160524977,0.105801205,0.281423067,0.000000000,1.283775334,center_box,active,0,False,-2,2,0.000000000,0.000000000,2.188328028,-3.274516821,1.140515327
3,0.150000000,0.006224666,-0.003829892,1.103490205,0.155349206,-0.070681183,0.051485328,0.017858467,-0.007735947,1.106140831,0.300832760,-0.081351679,0.053558349,0.600000000,0.003446903,-0.006980410,0.600000000,-0.250000000,0.040990390,0.800000000,-0.512339477,-0.029985536,1,3,0.000000000,1.407115334,1.125692267,0.986977307,0.010369500,-0.160524977,0.105801205,0.276835054,0.000000000,1.272141533,center_box,held_active,1,False,-2,2,0.000000000,0.000000000,1.347408175,-3.180856228,1.134232998
4,0.200000000,0.017858467,-0.007735947,1.106140831,0.300832760,-0.081351679,0.053558349,0.036880541,-0.012030912,1.108402413,0.449798852,-0.092913448,0.037440310,0.600000000,0.006962353,-0.012281663,0.600000000,-0.250000000,0.023893066,0.800000000,-0.481852346,-0.084757951,1,3,0.000000000,1.407115334,1.125692267,0.986977307,0.010369500,-0.160524977,0.105801205,0.265818752,0.000000000,1.253119459,center_box,held_active,2,False,-2,2,0.000000000,0.000000000,0.734657764,-3.245060205,1.124060631
5,0.250000000,0.036880541,-0.012030912,1.108402413,0.449798852,-0.092913448,0.037440310,0.063955752,-0.017650989,1.109546866,0.622225939,-0.132730906,0.009054281,0.600000000,0.010827821,-0.016804826,0.447406069,-0.250000000,0.020496472,-0.006836523,-0.448818720,-0.048410968,1,3,0.000000000,1.407115334,1.125692267,0.986977307,0.010369500,-0.160524977,0.105801205,0.247451974,0.000000000,1.226044248,center_box,held_active,3,False,-2,2,0.000000000,0.000000000,0.372435093,-3.095903158,1.123774767
6,0.300000000,0.063955752,-0.017650989,1.109546866,0.622225939,-0.132730906,0.009054281,0.099756626,-0.025614893,1.109100264,0.791877705,-0.180238087,-0.022728320,0.600000000,0.015885890,-0.019093732,0.050000000,-0.250000000,0.024780795,-0.800000000,-0.335054553,0.044932897,1,3,0.000000000,1.407115334,1.125692267,0.986977307,0.010369500,-0.160524977,0.105801205,0.220971345,0.000000000,1.190243374,center_box,held_active,4,False,-2,2,0.000000000,0.000000000,-0.255219609,-2.739381313,1.128132463
7,0.350000000,0.099756626,-0.025614893,1.109100264,0.791877705,-0.180238087,-0.022728320,0.143023758,-0.035405404,1.107289798,0.918479423,-0.205628530,-0.044956364,0.600000000,0.023053404,-0.018200528,0.503800674,0.050181231,-0.042871689,-0.800000000,0.658340909,-0.057552485,0,-1,,,,0.000000000,0.000000000,0.000000000,,,0.000000000,1.146976242,,stale_depth,0,False,-2,2,0.000000000,0.000000000,0.477607131,0.012021030,1.076946497
8,0.400000000,0.143023758,-0.035405404,1.107289798,0.918479423,-0.205628530,-0.044956364,0.190944752,-0.046215117,1.106149257,0.979510894,-0.226945619,-0.002622309,0.583528618,0.031864863,-0.014579597,0.050000000,-0.250000000,0.036016455,-0.800000000,-0.126775628,0.231350912,1,2,-0.174532925,1.275152352,1.020121882,0.977903731,0.115363042,-0.174343517,0.197760664,0.255030470,0.000000000,1.099071356,center_box,active,0,False,-2,2,0.000000000,0.000000000,-0.606419325,-2.927472591,1.134302139
9,0.450000000,0.190944752,-0.046215117,1.106149257,0.979510894,-0.226945619,-0.002622309,0.239906116,-0.058649852,1.106798884,0.971640121,-0.270364197,0.025880147,0.556149723,0.041593605,-0.012298515,0.050000000,-0.250000000,-0.007459880,-0.800000000,-0.065869659,-0.013821633,1,2,-0.174532925,1.205637691,0.964510153,0.994540281,0.101816703,-0.022868927,0.401027868,0.241127538,0.000000000,1.050245087,center_box,active,0,False,-2,2,0.000000000,0.000000000,-0.297575474,-2.700706244,1.100554347
10,0.500000000,0.239906116,-0.058649852,1.106798884,0.971640121,-0.270364197,0.025880147,0.287550715,-0.073416825,1.108145351,0.932821595,-0.314119024,0.027715972,0.527834496,0.052784866,-0.013597768,0.050000000,-0.250000000,-0.004484331,-0.800000000,0.058183419,-0.086755651,1,2,-0.174532925,1.172157236,0.937725789,0.981177140,0.180558537,0.068483831,0.535029941,0.234431447,0.000000000,1.002955624,center_box,active,0,False,-2,2,0.000000000,0.000000000,-0.012014162,-2.338590622,1.103435636
11,0.550000000,0.287550715,-0.073416825,1.108145351,0.932821595,-0.314119024,0.027715972,0.332412962,-0.089738777,1.109353597,0.862835290,-0.333827282,0.020711856,0.500704356,0.066075142,-0.016290703,0.050000000,-0.250000000,-0.004127973,-0.800000000,0.183197210,-0.090982700,1,3,0.000000000,1.114016919,0.891213535,0.989616285,0.083063079,0.117303597,0.631259463,0.222803384,0.000000000,0.958756011,center_box,active,0,False,-2,2,0.000000000,0.000000000,0.214353591,-2.151957035,1.105049372
12,0.600000000,0.332412962,-0.089738777,1.109353597,0.862835290,-0.333827282,0.020711856,0.373312739,-0.106851024,1.110068237,0.780815393,-0.351991524,0.008867647,0.476078335,0.080764899,-0.018707194,0.338014678,-0.250000000,-0.009079052,-0.800000000,0.239506520,-0.085116882,1,3,0.000000000,1.075077738,0.860062190,0.983730758,0.069819770,0.165526417,0.719382187,0.215015548,0.000000000,0.918882744,center_box,active,0,False,-2,2,0.000000000,0.000000000,0.585923970,-2.268483162,1.102544308
13,0.650000000,0.373312739,-0.106851024,1.110068237,0.780815393,-0.351991524,0.008867647,0.410460541,-0.125589443,1.110148964,0.712331174,-0.398128032,-0.004723057,0.455018535,0.096165922,-0.020136473,0.534568036,-0.250000000,-0.005506244,-0.703563878,0.291404355,-0.041068260,1,2,-0.174532925,1.039877595,0.831902076,0.977698977,0.142084383,0.154650373,0.729453607,0.207975519,0.000000000,0.883271633,center_box,active,0,False,-2,2,0.000000000,0.000000000,0.774238765,-2.098830938,1.105938554
14,0.700000000,0.410460541,-0.125589443,1.110148964,0.712331174,-0.398128032,-0.004723057,0.444112788,-0.146997694,1.109509194,0.636217400,-0.451683341,-0.019976924,0.437335513,0.113030498,-0.020297929,0.358031896,-0.250000000,-0.008165436,-0.800000000,0.423222949,-0.009835369,1,1,-0.349065850,1.017659953,0.814127962,0.962541029,0.219064564,0.159766966,0.748470037,0.203531991,0.000000000,0.851919705,center_box,active,0,False,-2,2,0.000000000,0.000000000,0.678984463,-1.608018517,1.104024887
15,0.750000000,0.444112788,-0.146997694,1.109509194,0.636217400,-0.451683341,-0.019976924,0.473110470,-0.170407579,1.108283773,0.528608475,-0.474610218,-0.028794352,0.422798491,0.132297925,-0.019018388,0.595013604,-0.250000000,-0.011502059,-0.117725129,0.576238117,0.024213900,1,1,-0.349065850,0.989274210,0.791419368,0.956142596,0.207648636,0.206575360,0.821163386,0.197854842,0.000000000,0.826116919,center_box,active,0,False,-2,2,0.000000000,0.000000000,0.890372992,-1.335125923,1.100882649
16,0.800000000,0.473110470,-0.170407579,1.108283773,0.528608475,-0.474610218,-0.028794352,0.496325134,-0.193423998,1.106877769,0.411421633,-0.440227650,-0.027722758,0.412450577,0.153366821,-0.016567545,0.600000000,-0.250000000,-0.010710418,0.203975785,0.641743481,0.051668383,1,1,-0.349065850,0.983115508,0.786492406,0.932636626,0.288004907,0.217352473,0.829673254,0.196623102,0.000000000,0.806748967,center_box,active,0,False,-2,2,0.000000000,0.000000000,1.307944894,-1.453878760,1.100250959
17,0.850000000,0.496325134,-0.193423998,1.106877769,0.411421633,-0.440227650,-0.027722758,0.514274257,-0.213673003,1.105757094,0.322274173,-0.373575770,-0.016819337,0.407307379,0.174081598,-0.013755538,0.600000000,-0.250000000,-0.002741450,0.538795335,0.543507573,0.071375168,1,2,-0.174532925,0.925934300,0.740747440,0.965160126,0.188521426,0.181454135,0.828603070,0.185186860,0.000000000,0.792780986,center_box,active,0,False,-2,2,0.000000000,0.000000000,1.586999774,-1.861455798,1.104821682
18,0.900000000,0.514274257,-0.213673003,1.105757094,0.322274173,-0.373575770,-0.016819337,0.529506770,-0.230561036,1.105751547,0.304403923,-0.307745003,0.014480389,0.406903168,0.192305703,-0.011514188,0.600000000,-0.250000000,0.023466618,0.793502364,0.353073630,0.115102729,1,1,-0.349065850,0.927378562,0.741902849,0.944302337,0.324923961,0.052129808,0.659321522,0.185475712,0.000000000,0.781341085,center_box,active,0,False,-2,2,0.000000000,0.000000000,1.585974455,-2.129931450,1.123357058
19,0.950000000,0.529506770,-0.230561036,1.105751547,0.304403923,-0.307745003,0.014480389,0.546750993,-0.243763674,1.107427353,0.394999961,-0.220400784,0.045724169,0.408943907,0.207504933,-0.011503094,0.600000000,-0.250000000,0.043428855,0.800000000,0.164985722,0.082709902,1,1,-0.349065850,0.908650366,0.726920293,0.947001467,0.293417675,-0.130745129,0.470951449,0.181730073,0.000000000,0.767518601,center_box,active,0,False,-2,2,0.000000000,0.000000000,0.985258520,-2.104005098,1.138323188
20,1.000000000,0.546750993,-0.243763674,1.107427353,0.394999961,-0.220400784,0.045724169,0.570492558,-0.251350565,1.108829333,0.549364381,-0.085255135,0.008193884,0.409174106,0.219387306,-0.014854706,0.050000000,-0.250000000,0.028905399,-0.800000000,-0.084569188,-0.048053628,1,1,-0.349065850,0.908650366,0.726920293,0.947001467,0.293417675,-0.130745129,0.470951449,0.169492759,0.000000000,0.746322344,center_box,held_active,1,False,-2,2,0.000000000,0.000000000,-0.058699928,-2.439384222,1.129106402
21,1.050000000,0.570492558,-0.251350565,1.108829333,0.549364381,-0.085255135,0.008193884,0.602528419,-0.251322393,1.106893836,0.719754242,0.075897776,-0.080257633,0.403556698,0.226215508,-0.017658666,0.050000000,-0.250000000,0.015670838,-0.800000000,-0.470699613,0.021362724,1,1,-0.349065850,0.908650366,0.726920293,0.947001467,0.293417675,-0.130745129,0.470951449,0.149418893,0.000000000,0.715333456,center_box,held_active,2,False,-2,2,0.000000000,0.000000000,-0.832425296,-3.161065340,1.120582461
22,1.100000000,0.602528419,-0.251322393,1.106893836,0.719754242,0.075897776,-0.080257633,0.643275482,-0.242952562,1.100698531,0.893242262,0.242556427,-0.159023365,0.390474422,0.226190154,-0.013787672,0.050000000,-0.250000000,-0.011546372,-0.800000000,-0.800000000,0.196317890,1,1,-0.349065850,0.908650366,0.726920293,0.947001467,0.293417675,-0.130745129,0.470951449,0.118819562,0.000000000,0.673813446,center_box,held_active,3,False,-2,2,0.000000000,0.000000000,-1.341133237,-3.756482363,1.098234057
23,1.150000000,0.643275482,-0.242952562,1.100698531,0.893242262,0.242556427,-0.159023365,0.692565482,-0.226355453,1.092770142,1.054671879,0.399826122,-0.152694060,0.369552067,0.218657306,-0.001397063,0.050000000,-0.250000000,-0.040076495,-0.800000000,-0.800000000,0.339848201,1,1,-0.349065850,0.908650366,0.726920293,0.947001467,0.293417675,-0.130745129,0.470951449,0.076966172,0.000000000,0.621902529,center_box,held_active,4,False,-2,2,0.000000000,0.000000000,-1.632124543,-4.200599670,1.070641160
24,1.200000000,0.692565482,-0.226355453,1.092770142,1.054671879,0.399826122,-0.152694060,0.748257758,-0.203256954,1.088153342,1.150056855,0.498074736,-0.036362000,0.340941066,0.203719907,0.014459716,0.050000000,-0.250000000,-0.038627840,-0.800000000,-0.800000000,0.325903486,1,1,-0.349065850,0.777095713,0.621676570,0.932789180,0.239810167,-0.269063987,0.453129301,0.155419143,0.000000000,0.562182707,center_box,active,0,False,-2,2,0.000000000,0.000000000,-1.774246931,-4.355373859,1.063799262
25,1.250000000,0.748257758,-0.203256954,1.088153342,1.150056855,0.498074736,-0.036362000,0.806763910,-0.178557484,1.090018737,1.181579499,0.471567766,0.099203068,0.306568018,0.182931258,0.023693317,0.050000000,-0.250000000,-0.003014696,-0.800000000,-0.800000000,0.095278011,1,1,-0.349065850,0.671024770,0.536819816,0.956361479,0.277998882,-0.089940773,0.695435291,0.134204954,0.000000000,0.499468525,center_box,active,0,False,-2,2,0.000000000,0.000000000,-1.671374798,-4.102762222,1.085892320
26,1.300000000,0.806763910,-0.178557484,1.090018737,1.181579499,0.471567766,0.099203068,0.866120005,-0.157646262,1.096253005,1.188091006,0.364025906,0.144517160,0.269662481,0.160701736,0.019962525,0.050000000,-0.250000000,0.015473382,-0.800000000,-0.800000000,-0.239227675,1,1,-0.349065850,0.606806210,0.485444968,0.961157088,0.275921138,0.006676608,0.854797937,0.121361242,0.000000000,0.436927269,center_box,active,0,False,-2,2,0.000000000,0.000000000,-1.631507993,-3.435475349,1.101623774
27,1.350000000,0.866120005,-0.157646262,1.096253005,1.188091006,0.364025906,0.144517160,0.924763905,-0.143029992,1.103246188,1.149943119,0.225981978,0.133550018,0.231991996,0.141881636,0.007493990,0.050000000,-0.250000000,0.012430234,-0.800000000,-0.800000000,-0.377391218,1,1,-0.349065850,0.566387438,0.453109951,0.975545612,0.207713402,0.071874208,1.004264133,0.113277488,0.000000000,0.376507926,center_box,active,0,False,-2,2,0.000000000,0.000000000,-1.768756986,-2.817923784,1.105575681
28,1.400000000,0.924763905,-0.143029992,1.103246188,1.149943119,0.225981978,0.133550018,0.979491162,-0.136449151,1.108960384,1.037320457,0.045628611,0.093056638,0.194962486,0.128726993,-0.006492377,0.050000000,-0.250000000,0.005475076,-0.800000000,-0.800000000,-0.365928405,1,0,-0.523598776,0.509986458,0.407989166,0.912251862,0.309308625,0.268560450,1.197662768,0.101997292,0.000000000,0.321687022,center_box,active,0,False,-2,2,0.000000000,0.000000000,-1.502349734,-2.270315170,1.107352495
29,1.450000000,0.979491162,-0.136449151,1.108960384,1.037320457,0.045628611,0.093056638,1.027266724,-0.139674713,1.111811195,0.883201116,-0.159846283,0.024329988,0.161457954,0.122804236,-0.017920768,0.050000000,-0.250000000,0.013866751,-0.800000000,-0.800000000,-0.226256821,1,0,-0.523598776,0.486390726,0.389112581,0.843989854,0.322030795,0.428925744,1.355679577,0.097278145,0.000000000,0.276178785,center_box,active,0,False,-2,2,0.000000000,0.000000000,-0.847637296,-1.417856336,1.119360447
30,1.500000000,1.027266724,-0.139674713,1.111811195,0.883201116,-0.159846283,0.024329988,1.067145355,-0.153253989,1.110999379,0.727196138,-0.363974953,-0.048802485,0.134209949,0.125707242,-0.023622391,0.050000000,-0.250000000,-0.004921641,-0.800000000,-0.257582049,-0.083576082,1,0,-0.523598776,0.456577289,0.365261831,0.794461934,0.364286222,0.485927755,1.396818111,0.091315458,0.000000000,0.242142642,center_box,active,0,False,-2,2,0.000000000,0.000000000,-0.289638251,-0.769101620,1.108119965
31,1.550000000,1.067145355,-0.153253989,1.110999379,0.727196138,-0.363974953,-0.048802485,1.099808917,-0.176546997,1.107461438,0.598897146,-0.544852378,-0.084262235,0.114069180,0.137928590,-0.021998757,0.050000000,-0.195099093,-0.024083976,-0.800000000,0.482502455,0.070624311,1,0,-0.523598776,0.394026430,0.315221144,0.819373069,0.372949589,0.435357759,1.379721638,0.078805286,0.000000000,0.220711626,center_box,active,0,False,-2,2,0.000000000,0.000000000,-0.035806872,-0.299578309,1.092936397
32,1.600000000,1.099808917,-0.176546997,1.107461438,0.598897146,-0.544852378,-0.084262235,1.127625445,-0.207525367,1.104068508,0.530543307,-0.670021467,-0.049601082,0.100421975,0.158892297,-0.014922877,0.050000000,0.139163403,-0.017793001,-0.800000000,0.800000000,0.189912099,1,0,-0.523598776,0.337514997,0.270011998,0.859787225,0.423265094,0.285679168,1.254757137,0.067502999,0.000000000,0.211295930,center_box,active,0,False,-2,2,0.000000000,0.000000000,-0.216095254,-0.072174445,1.094116688
33,1.650000000,1.127625445,-0.207525367,1.104068508,0.530543307,-0.670021467,-0.049601082,1.153452930,-0.242523639,1.103057741,0.508533362,-0.714675833,0.005717402,0.091137100,0.186772831,-0.008137017,0.050000000,-0.000020252,-0.011246510,-0.800000000,0.800000000,0.109584492,1,0,-0.523598776,0.373801311,0.299041049,0.886888234,0.448166880,0.112141468,1.105643867,0.074760262,0.000000000,0.211400612,center_box,active,0,False,-2,2,0.000000000,0.000000000,-0.544193268,-0.207540557,1.095633626
34,1.700000000,1.153452930,-0.242523639,1.103057741,0.508533362,-0.714675833,0.005717402,1.178437432,-0.278234954,1.104065221,0.489680348,-0.708376520,0.032224305,0.083642363,0.218271275,-0.006115482,0.050000000,-0.222622952,0.008439065,-0.800000000,0.800000000,0.007776182,1,0,-0.523598776,0.451533321,0.361226657,0.893304428,0.448524239,0.028865309,1.043753645,0.090306664,0.000000000,0.218613581,center_box,active,0,False,-2,2,0.000000000,0.000000000,-0.797045290,-0.409490854,1.109387040
35,1.750000000,1.178437432,-0.278234954,1.104065221,0.489680348,-0.708376520,0.032224305,1.201898392,-0.312747381,1.105856679,0.448914381,-0.668779163,0.038169709,0.076906312,0.250000000,-0.008130443,0.050000000,-0.250000000,0.020617748,-0.800000000,0.800000000,-0.033161593,1,0,-0.523598776,0.453862462,0.363089970,0.850688919,0.524905613,0.028327715,0.978484713,0.090772492,0.000000000,0.231320613,center_box,active,0,False,-2,2,0.000000000,0.000000000,-0.756542027,-0.475090086,1.119528532
36,1.800000000,1.201898392,-0.312747381,1.105856679,0.448914381,-0.668779163,0.038169709,1.223092772,-0.343939090,1.107769406,0.405077692,-0.577505050,0.037009539,0.071541447,0.250000000,-0.011713358,0.050000000,-0.250000000,0.017163247,-0.800000000,0.800000000,-0.060018463,1,0,-0.523598776,0.463408816,0.370727053,0.808435853,0.588567527,-0.004442680,0.875353596,0.092681763,0.000000000,0.246752063,center_box,active,0,False,-2,2,0.000000000,0.000000000,-0.470294297,-0.644081831,1.118729115
37,1.850000000,1.223092772,-0.343939090,1.107769406,0.405077692,-0.577505050,0.037009539,1.242934028,-0.369264170,1.109637269,0.399434432,-0.442833008,0.036722213,0.068216505,0.250000000,-0.015538812,0.050000000,-0.250000000,0.011709801,-0.800000000,0.800000000,-0.072284966,1,0,-0.523598776,0.541344666,0.433075733,0.821977027,0.561452082,-0.095526576,0.814696357,0.108268933,0.000000000,0.260615160,center_box,active,0,False,-2,2,0.000000000,0.000000000,-0.399716496,-1.137383103,1.116551757
38,1.900000000,1.242934028,-0.369264170,1.109637269,0.399434432,-0.442833008,0.036722213,1.264438246,-0.387731153,1.111118927,0.466627071,-0.309164989,0.022681069,0.066109375,0.250000000,-0.019274539,0.050000000,-0.250000000,-0.004725786,-0.800000000,0.550951451,-0.118422856,1,0,-0.523598776,0.541344666,0.433075733,0.821977027,0.561452082,-0.095526576,0.814696357,0.106357127,0.000000000,0.269706246,center_box,held_active,1,False,-2,2,0.000000000,0.000000000,-0.660348415,-1.594386578,1.106092930
39,1.950000000,1.264438246,-0.387731153,1.111118927,0.466627071,-0.309164989,0.022681069,1.290741234,-0.399885281,1.111440275,0.581057756,-0.186971033,-0.008575165,0.062505579,0.250000000,-0.022237853,0.050000000,-0.250000000,0.001291892,-0.800000000,0.169042826,-0.061111933,1,0,-0.523598776,0.541344666,0.433075733,0.821977027,0.561452082,-0.095526576,0.814696357,0.099191017,0.000000000,0.273322538,center_box,held_active,2,False,-2,2,0.000000000,0.000000000,-1.382724404,-1.763673663,1.112087846
40,2.000000000,1.290741234,-0.399885281,1.111440275,0.581057756,-0.186971033,-0.008575165,1.323278846,-0.405680332,1.110008196,0.708713273,-0.054499156,-0.045722775,0.054582889,0.250000000,-0.022880550,0.050000000,-0.250000000,-0.001637742,-0.800000000,-0.180082763,0.019821209,1,0,-0.523598776,0.541344666,0.433075733,0.821977027,0.561452082,-0.095526576,0.814696357,0.084425222,0.000000000,0.271717389,center_box,held_active,3,False,-2,2,0.000000000,0.000000000,-2.036545753,-1.985476494,1.110211968
41,2.050000000,1.323278846,-0.405680332,1.110008196,0.708713273,-0.054499156,-0.045722775,1.361738430,-0.404852938,1.107303392,0.813304045,0.072044646,-0.058427020,0.050000000,0.250000000,-0.020016392,0.050000000,-0.250000000,-0.004120133,-0.800000000,-0.558573841,0.118864691,1,0,-0.523598776,0.541344666,0.433075733,0.821977027,0.561452082,-0.095526576,0.814696357,0.060796895,0.000000000,0.265945874,center_box,held_active,4,False,-2,2,0.000000000,0.000000000,-2.515965462,-2.339309931,1.106918097
42,2.100000000,1.361738430,-0.404852938,1.107303392,0.813304045,0.072044646,-0.058427020,1.403917404,-0.398647494,1.105172002,0.855578560,0.161966261,-0.027050051,0.050000000,0.250000000,-0.014606783,0.226106502,0.250000000,-0.048710519,-0.800000000,0.508443869,0.027761430,0,-1,,,,0.000000000,0.000000000,0.000000000,,,0.000000000,0.258647494,,stale_depth,0,False,-2,2,0.000000000,0.000000000,1.531318307,-0.180860728,1.070770502
43,2.150000000,1.403917404,-0.398647494,1.105172002,0.855578560,0.161966261,-0.027050051,1.445521479,-0.388716680,1.104598398,0.797401415,0.227481841,0.000423594,0.050000000,0.250000000,-0.010344003,0.132077890,0.250000000,-0.029183975,-0.800000000,0.251524969,-0.006096926,0,-1,,,,0.000000000,0.000000000,0.000000000,,,0.000000000,0.248716680,,stale_depth,0,False,-2,2,0.000000000,0.000000000,1.502975821,-0.157930210,1.083284020
44,2.200000000,1.445521479,-0.388716680,1.104598398,0.797401415,0.227481841,0.000423594,1.482199457,-0.376037224,1.104207241,0.671222588,0.271829566,-0.016612906,0.050000000,0.250000000,-0.009196797,0.051630966,0.250000000,-0.032326374,-0.800000000,0.064337598,-0.093571337,0,-1,,,,0.000000000,0.000000000,0.000000000,,,0.000000000,0.236037224,,stale_depth,0,False,-2,2,0.000000000,0.000000000,1.484244704,-0.155108467,1.080353618
45,2.250000000,1.482199457,-0.376037224,1.104207241,0.671222588,0.271829566,-0.016612906,1.511408548,-0.362021616,1.102612682,0.507550347,0.282848639,-0.045747927,0.050000000,0.250000000,-0.008414483,0.050000000,0.250000000,-0.018910042,-0.800000000,-0.062370188,-0.006563247,0,-1,,,,0.000000000,0.000000000,0.000000000,,,0.000000000,0.222021616,,stale_depth,0,False,-2,2,0.000000000,0.000000000,1.460052729,-0.170742139,1.090024710
46,2.300000000,1.511408548,-0.362021616,1.102612682,0.507550347,0.282848639,-0.045747927,1.532210549,-0.347964585,1.099858941,0.342556499,0.280291890,-0.061643455,0.050000000,0.250000000,-0.005225364,0.050000000,0.250000000,-0.016578446,-0.800000000,-0.093853254,0.083341373,0,-1,,,,0.000000000,0.000000000,0.000000000,,,0.000000000,0.207964585,,stale_depth,0,False,-2,2,0.000000000,0.000000000,1.444159508,-0.171050370,1.090178847
47,2.350000000,1.532210549,-0.347964585,1.099858941,0.342556499,0.280291890,-0.061643455,1.545702993,-0.333664642,1.097233004,0.218950095,0.292837173,-0.042334672,0.050000000,0.250000000,0.000282118,0.050000000,0.250000000,-0.014488778,-0.800000000,-0.086548256,0.134727647,0,-1,,,,0.000000000,0.000000000,0.000000000,,,0.000000000,0.193664642,,stale_depth,0,False,-2,2,0.000000000,0.000000000,1.452233315,-0.147301242,1.088992357
48,2.400000000,1.545702993,-0.333664642,1.097233004,0.218950095,0.292837173,-0.042334672,1.555100973,-0.318752524,1.096453104,0.173941163,0.298465717,0.008081044,0.050000000,0.250000000,0.005533993,0.050000000,0.250000000,-0.002729822,-0.482714556,-0.122391924,0.113156716,0,-1,,,,0.000000000,0.000000000,0.000000000,,,0.000000000,0.178752524,,stale_depth,0,False,-2,2,0.000000000,0.000000000,1.491932631,-0.137548998,1.095185637
49,2.450000000,1.555100973,-0.318752524,1.096453104,0.173941163,0.298465717,0.008081044,1.563977603,-0.304580836,1.097820267,0.185763587,0.265064205,0.043180338,0.050000000,0.250000000,0.007093791,0.050000000,0.220721837,0.004319782,-0.354117610,-0.222125373,-0.010746463,0,-1,,,,0.000000000,0.000000000,0.000000000,,,0.000000000,0.164580836,,stale_depth,0,False,-2,2,0.000000000,0.000000000,1.523372412,-0.153211147,1.099692941
50,2.500000000,1.563977603,-0.304580836,1.097820267,0.185763587,0.265064205,0.043180338,1.574098462,-0.292621974,1.100042473,0.220955864,0.217931997,0.045235236,0.050000000,0.250000000,0.004359467,0.050000000,0.193331518,0.009401024,-0.387895962,-0.204950534,-0.096512326,0,-1,,,,0.000000000,0.000000000,0.000000000,,,0.000000000,0.152621974,,stale_depth,0,False,-2,2,0.000000000,0.000000000,1.544109702,-0.159582198,1.104871035
51,2.550000000,1.574098462,-0.292621974,1.100042473,0.220955864,0.217931997,0.045235236,1.587042458,-0.282585632,1.101999726,0.299172265,0.188937385,0.032800575,0.050000000,0.250000000,-0.000084946,0.050000000,0.190099483,0.004386093,-0.488445325,-0.079521469,-0.116711838,0,-1,,,,0.000000000,0.000000000,0.000000000,,,0.000000000,0.142585632,,stale_depth,0,False,-2,2,0.000000000,0.000000000,1.594747782,-0.150047362,1.103332043
52,2.600000000,1.587042458,-0.282585632,1.101999726,0.299172265,0.188937385,0.032800575,1.605380823,-0.273824990,1.103095983,0.430918481,0.160998268,0.010595470,0.050000000,0.250000000,-0.003999452,0.098084600,0.172039046,0.005895024,-0.574536187,-0.048280967,-0.076873004,0,-1,,,,0.000000000,0.000000000,0.000000000,,,0.000000000,0.133824990,,stale_depth,0,False,-2,2,0.000000000,0.000000000,1.660605907,-0.153556347,1.106420994
53,2.650000000,1.605380823,-0.273824990,1.103095983,0.430918481,0.160998268,0.010595470,1.631191303,-0.267170928,1.102738672,0.589451918,0.105499659,-0.023017847,0.050000000,0.246442491,-0.006191966,0.157555037,0.130494416,-0.000161137,-0.781038409,-0.087153864,-0.030733163,0,-1,,,,0.000000000,0.000000000,0.000000000,,,0.000000000,0.127170928,,stale_depth,0,False,-2,2,0.000000000,0.000000000,1.723547101,-0.175954178,1.102975130
54,2.700000000,1.631191303,-0.267170928,1.102738672,0.589451918,0.105499659,-0.023017847,1.664870562,-0.263680870,1.101049994,0.740207789,0.041658963,-0.041160208,0.050000000,0.240453835,-0.005477344,0.191226099,0.113436033,-0.006370933,-0.800000000,0.022675354,0.047562609,0,-1,,,,0.000000000,0.000000000,0.000000000,,,0.000000000,0.123680870,,stale_depth,0,False,-2,2,0.000000000,0.000000000,1.774610877,-0.182093903,1.097960472
55,2.750000000,1.664870562,-0.263680870,1.101049994,0.740207789,0.041658963,-0.041160208,1.705072614,-0.262807085,1.099335683,0.847256711,0.000391262,-0.025896954,0.050000000,0.237312783,-0.002099988,0.186677373,0.123148255,-0.008239713,-0.800000000,0.232826548,0.094058558,0,-1,,,,0.000000000,0.000000000,0.000000000,,,0.000000000,0.122807085,,stale_depth,0,False,-2,2,0.000000000,0.000000000,1.804878592,-0.171319678,1.094870210
56,2.800000000,1.705072614,-0.262807085,1.099335683,0.847256711,0.000391262,-0.025896954,1.748431966,-0.263713202,1.098971901,0.871586955,-0.032637181,0.009218172,0.050000000,0.236526376,0.001328634,0.135138707,0.106559751,-0.004477836,-0.800000000,0.303338542,0.061197481,0,-1,,,,0.000000000,0.000000000,0.000000000,,,0.000000000,0.126990336,,stale_depth,0,False,-2,2,0.000000000,0.000000000,1.806426644,-0.182887271,1.095977306
57,2.850000000,1.748431966,-0.263713202,1.098971901,0.871586955,-0.032637181,0.009218172,1.791214537,-0.265755575,1.099816995,0.835757325,-0.042015584,0.023087031,0.050000000,0.237341882,0.002056197,0.090910375,0.113057622,-0.006272075,-0.800000000,0.416270865,-0.044257848,0,-1,,,,0.000000000,0.000000000,0.000000000,,,0.000000000,0.139919530,,stale_depth,0,False,-2,2,0.000000000,0.000000000,1.816614747,-0.178919986,1.094267845
58,2.900000000,1.791214537,-0.265755575,1.099816995,0.835757325,-0.042015584,0.023087031,1.831400398,-0.267046153,1.100967031,0.775677047,-0.005523237,0.022341982,0.050000000,0.239180018,0.000366010,0.051628813,0.157795464,0.004743474,-0.800000000,0.570888710,-0.052410162,0,-1,,,,0.000000000,0.000000000,0.000000000,,,0.000000000,0.157464584,,stale_depth,0,False,-2,2,0.000000000,0.000000000,1.829936147,-0.147408977,1.103374600
59,2.950000000,1.831400398,-0.267046153,1.100967031,0.775677047,-0.005523237,0.022341982,1.868737511,-0.265698240,1.101923151,0.723601407,0.055225072,0.016437284,0.050000000,0.240341537,-0.001934061,0.050000000,0.187346716,0.005317554,-0.800000000,0.551057007,-0.048641221,0,-1,,,,0.000000000,0.000000000,0.000000000,,,0.000000000,0.175929870,,stale_depth,0,False,-2,2,0.000000000,0.000000000,1.858244777,-0.126536116,1.104955196
60,3.000000000,1.868737511,-0.265698240,1.101923151,0.723601407,0.055225072,0.016437284,1.903527549,-0.261412988,1.102545095,0.673063596,0.111474996,0.009131625,0.050000000,0.239128416,-0.003846303,0.050000000,0.188970587,0.001581134,-0.800000000,0.382130044,-0.042446142,0,-1,,,,0.000000000,0.000000000,0.000000000,,,0.000000000,0.194069079,,stale_depth,0,False,-2,2,0.000000000,0.000000000,1.871173859,-0.123970300,1.103109002
61,3.050000000,1.903527549,-0.261412988,1.102545095,0.673063596,0.111474996,0.009131625,1.936295593,-0.254039609,1.102838500,0.646976587,0.180222979,0.003088271,0.050000000,0.235271689,-0.005090191,0.050000000,0.219240718,0.000070316,-0.800000000,0.307902064,-0.025889452,0,-1,,,,0.000000000,0.000000000,0.000000000,,,0.000000000,0.211484590,,stale_depth,0,False,-2,2,0.000000000,0.000000000,1.901094794,-0.096982449,1.102597833
62,3.100000000,1.936295593,-0.254039609,1.102838500,0.646976587,0.180222979,0.003088271,1.969126925,-0.243009782,1.102836267,0.672090975,0.253343059,-0.002881668,0.050000000,0.228635648,-0.005677000,0.050000000,0.238616707,-0.001868068,-0.800000000,0.166839223,-0.014160968,0,-1,,,,0.000000000,0.000000000,0.000000000,,,0.000000000,0.229180398,,stale_depth,0,False,-2,2,0.000000000,0.000000000,1.958194494,-0.075077079,1.101437449
63,3.150000000,1.969126925,-0.243009782,1.102836267,0.672090975,0.253343059,-0.002881668,2.004162336,-0.228893901,1.102522207,0.726518882,0.300801442,-0.008750842,0.050000000,0.218708803,-0.005672534,0.050000000,0.232597369,-0.002225579,-0.800000000,-0.059273400,0.001874540,0,-1,,,,0.000000000,0.000000000,0.000000000,,,0.000000000,0.249588881,,stale_depth,0,False,-2,2,0.000000000,0.000000000,2.006308794,-0.068561755,1.101167083
64,3.200000000,2.004162336,-0.228893901,1.102522207,0.726518882,0.300801442,-0.008750842,2.041827939,-0.213552479,1.102153391,0.771291696,0.306702935,-0.005689378,0.050000000,0.206004511,-0.005044414,0.050000000,0.201072339,-0.003453192,-0.800000000,-0.284940293,0.015136144,0,-1,,,,0.000000000,0.000000000,0.000000000,,,0.000000000,0.274473289,,stale_depth,0,False,-2,2,0.000000000,0.000000000,2.041027784,-0.078089647,1.099932313
65,3.250000000,2.041827939,-0.213552479,1.102153391,0.771291696,0.306702935,-0.005689378,2.080708898,-0.198463582,1.102115680,0.777968805,0.298395625,0.003535811,0.050000000,0.192197231,-0.004306783,0.050000000,0.186987216,-0.002631149,-0.800000000,-0.342044910,0.008737796,0,-1,,,,0.000000000,0.000000000,0.000000000,,,0.000000000,0.303157282,,stale_depth,0,False,-2,2,0.000000000,0.000000000,2.050924778,-0.073312066,1.100180030
66,3.300000000,2.080708898,-0.198463582,1.102115680,0.777968805,0.298395625,0.003535811,2.119437181,-0.183443106,1.102344344,0.772974091,0.303469661,0.005439001,0.050000000,0.178617223,-0.004231361,0.050000000,0.196781164,-0.001088049,-0.800000000,-0.290327033,-0.013211029,0,-1,,,,0.000000000,0.000000000,0.000000000,,,0.000000000,0.333837216,,stale_depth,0,False,-2,2,0.000000000,0.000000000,2.076919556,-0.050877709,1.101299644
67,3.350000000,2.119437181,-0.183443106,1.102344344,0.772974091,0.303469661,0.005439001,2.158383663,-0.168306044,1.102515309,0.786399231,0.297550985,0.001580661,0.050000000,0.165098796,-0.004688689,0.050000000,0.179345488,-0.000414147,-0.800000000,-0.354640496,-0.016723281,0,-1,,,,0.000000000,0.000000000,0.000000000,,,0.000000000,0.366380049,,stale_depth,0,False,-2,2,0.000000000,0.000000000,2.125011206,-0.048933990,1.102033734
68,3.400000000,2.158383663,-0.168306044,1.102515309,0.786399231,0.297550985,0.001580661,2.198058922,-0.154486141,1.102584776,0.795876922,0.253346021,0.000868478,0.050000000,0.151475440,-0.005030618,0.050000000,0.131054102,-0.001534579,-0.800000000,-0.475705381,-0.008900687,0,-1,,,,0.000000000,0.000000000,0.000000000,,,0.000000000,0.401306880,,stale_depth,0,False,-2,2,0.000000000,0.000000000,2.157865763,-0.070015468,1.101364374
69,3.450000000,2.198058922,-0.154486141,1.102584776,0.795876922,0.253346021,0.000868478,2.237374748,-0.143429015,1.102693272,0.774401750,0.194653884,0.003219367,0.050000000,0.139037527,-0.005169553,0.050000000,0.102183440,-0.001708106,-0.800000000,-0.431893088,-0.007361669,0,-1,,,,0.000000000,0.000000000,0.000000000,,,0.000000000,0.437421330,,stale_depth,0,False,-2,2,0.000000000,0.000000000,2.165952682,-0.077848561,1.101303697
70,3.500000000,2.237374748,-0.143429015,1.102693272,0.774401750,0.194653884,0.003219367,2.275342390,-0.134955824,1.102830145,0.749028033,0.149463420,0.002555305,0.050000000,0.129086114,-0.005386544,0.050000000,0.098979548,-0.001817322,-0.800000000,-0.273355246,-0.014390540,0,-1,,,,0.000000000,0.000000000,0.000000000,,,0.000000000,0.473261395,,stale_depth,0,False,-2,2,0.000000000,0.000000000,2.189866066,-0.069194354,1.101330280
71,3.550000000,2.275342390,-0.134955824,1.102830145,0.749028033,0.149463420,0.002555305,2.312706949,-0.128877643,1.102859469,0.749300181,0.093352635,-0.001631264,0.050000000,0.121460242,-0.005660290,0.050000000,0.070237558,-0.001599277,-0.800000000,-0.226359607,-0.011870232,0,-1,,,,0.000000000,0.000000000,0.000000000,,,0.000000000,0.509224836,,stale_depth,0,False,-2,2,0.000000000,0.000000000,2.236582756,-0.082277656,1.101630688
72,3.600000000,2.312706949,-0.128877643,1.102859469,0.749300181,0.093352635,-0.001631264,2.350319473,-0.126619328,1.102518082,0.752149273,-0.000764536,-0.012201635,0.050000000,0.115989878,-0.005718939,0.050000000,0.011959517,-0.002269549,-0.800000000,-0.232551765,-0.001823670,0,-1,,,,0.000000000,0.000000000,0.000000000,,,0.000000000,0.546151635,,stale_depth,0,False,-2,2,0.000000000,0.000000000,2.269576550,-0.119908005,1.101157308
73,3.650000000,2.350319473,-0.126619328,1.102518082,0.752149273,-0.000764536,-0.012201635,2.387430400,-0.129632469,1.101608526,0.731073313,-0.110007378,-0.023228885,0.050000000,0.113957395,-0.005036165,0.050000000,-0.026850358,-0.004103821,-0.800000000,-0.074530920,0.023136613,0,-1,,,,0.000000000,0.000000000,0.000000000,,,0.000000000,0.583334417,,stale_depth,0,False,-2,2,0.000000000,0.000000000,2.279672861,-0.146757096,1.099440217
74,3.700000000,2.387430400,-0.129632469,1.101608526,0.731073313,-0.110007378,-0.023228885,2.423385738,-0.137696630,1.100387767,0.712294663,-0.198473832,-0.024212697,0.050000000,0.116669222,-0.003217051,0.050000000,-0.039483672,-0.006643787,-0.800000000,0.201496302,0.047385995,0,-1,,,,0.000000000,0.000000000,0.000000000,,,0.000000000,0.620044333,,stale_depth,0,False,-2,2,0.000000000,0.000000000,2.306334972,-0.159245223,1.096625686
75,3.750000000,2.423385738,-0.137696630,1.100387767,0.712294663,-0.198473832,-0.024212697,2.459184993,-0.148742881,1.099649204,0.722849393,-0.227394669,-0.006178683,0.050000000,0.123926967,-0.000775533,0.050000000,-0.014229548,-0.005505343,-0.800000000,0.526412241,0.053449582,0,-1,,,,0.000000000,0.000000000,0.000000000,,,0.000000000,0.657035778,,stale_depth,0,False,-2,2,0.000000000,0.000000000,2.352983952,-0.148368791,1.096258759
76,3.800000000,2.459184993,-0.148742881,1.099649204,0.722849393,-0.227394669,-0.006178683,2.495812110,-0.158779717,1.099920381,0.738483256,-0.164919020,0.013731408,0.050000000,0.133868593,0.000701592,0.050000000,0.063135381,-0.000611640,-0.800000000,0.800000000,0.015905836,0,-1,,,,0.000000000,0.000000000,0.000000000,,,0.000000000,0.694738506,,stale_depth,0,False,-2,2,0.000000000,0.000000000,2.383201361,-0.101391345,1.099190474
77,3.850000000,2.495812110,-0.158779717,1.099920381,0.738483256,-0.164919020,0.013731408,2.532538270,-0.163815931,1.100675246,0.727159843,-0.040038388,0.014576190,0.050000000,0.142901745,0.000159238,0.050000000,0.129053735,0.002916192,-0.800000000,0.800000000,-0.030900619,0,-1,,,,0.000000000,0.000000000,0.000000000,,,0.000000000,0.731805019,,stale_depth,0,False,-2,2,0.000000000,0.000000000,2.393110752,-0.061989415,1.102107525
78,3.900000000,2.532538270,-0.163815931,1.100675246,0.727159843,-0.040038388,0.014576190,2.568338177,-0.161914993,1.101035157,0.708436475,0.104606238,0.000835384,0.050000000,0.147434338,-0.001350493,0.050000000,0.182943772,0.000010939,-0.800000000,0.637091886,-0.041615002,0,-1,,,,0.000000000,0.000000000,0.000000000,,,0.000000000,0.766953108,,stale_depth,0,False,-2,2,0.000000000,0.000000000,2.421269655,-0.026608102,1.100683451
79,3.950000000,2.568338177,-0.161914993,1.101035157,0.708436475,0.104606238,0.000835384,2.603827565,-0.153021081,1.100779401,0.714744765,0.234760852,-0.008847204,0.050000000,0.145723494,-0.002070315,0.050000000,0.210565305,0.000626829,-0.800000000,0.302740191,-0.000595871,0,-1,,,,0.000000000,0.000000000,0.000000000,,,0.000000000,0.800944771,,stale_depth,0,False,-2,2,0.000000000,0.000000000,2.468545198,-0.003991014,1.101505280
80,4.000000000,2.603827565,-0.153021081,1.100779401,0.714744765,0.234760852,-0.008847204,2.639945799,-0.138774001,1.100327209,0.726246125,0.321009719,-0.008001227,0.050000000,0.137718973,-0.001558802,0.050000000,0.202311043,-0.001826269,-0.800000000,-0.092713742,0.020059813,0,-1,,,,0.000000000,0.000000000,0.000000000,,,0.000000000,0.835176717,,stale_depth,0,False,-2,2,0.000000000,0.000000000,2.498719215,-0.001287799,1.099409699
81,4.050000000,2.639945799,-0.138774001,1.100327209,0.726246125,0.321009719,-0.008001227,2.675901799,-0.120944755,1.100093430,0.709132556,0.386845379,-0.001996791,0.050000000,0.124896601,-0.000654417,0.050000000,0.207283032,-0.002188623,-0.800000000,-0.324933393,0.016607442,0,-1,,,,0.000000000,0.000000000,0.000000000,,,0.000000000,0.869287542,,stale_depth,0,False,-2,2,0.000000000,0.000000000,2.505958557,0.016688272,1.098685741
82,4.100000000,2.675901799,-0.120944755,1.100093430,0.709132556,0.386845379,-0.001996791,2.710711110,-0.099594800,1.099782085,0.687337142,0.462371435,-0.009949490,0.050000000,0.108850279,-0.000186860,0.050000000,0.235079157,-0.000219750,-0.800000000,-0.433617779,0.005077258,0,-1,,,,0.000000000,0.000000000,0.000000000,,,0.000000000,0.902484048,,stale_depth,0,False,-2,2,0.000000000,0.000000000,2.526612043,0.055364612,1.099928617
83,4.150000000,2.710711110,-0.099594800,1.099782085,0.687337142,0.462371435,-0.009949490,2.745011240,-0.074544028,1.099088122,0.687915908,0.529921376,-0.016683968,0.050000000,0.089635320,0.000435829,0.050000000,0.237437783,-0.002853521,-0.800000000,-0.642667577,0.020274199,0,-1,,,,0.000000000,0.000000000,0.000000000,,,0.000000000,0.935587542,,stale_depth,0,False,-2,2,0.000000000,0.000000000,2.571456909,0.078483537,1.097641945
84,4.200000000,2.745011240,-0.074544028,1.099088122,0.687915908,0.529921376,-0.016683968,2.779561261,-0.047097619,1.098574951,0.691114693,0.555372728,-0.004311793,0.050000000,0.067089625,0.001823756,0.050000000,0.211631925,-0.002442585,-0.800000000,-0.800000000,0.040689666,0,-1,,,,0.000000000,0.000000000,0.000000000,,,0.000000000,0.969584810,,stale_depth,0,False,-2,2,0.000000000,0.000000000,2.599850416,0.084179915,1.097256184
85,4.250000000,2.779561261,-0.047097619,1.098574951,0.691114693,0.555372728,-0.004311793,2.813540968,-0.020300173,1.099096104,0.665693642,0.509485283,0.021875555,0.050000000,0.042387857,0.002850099,0.050000000,0.143746823,0.000069520,-0.800000000,-0.800000000,0.012518037,0,-1,,,,0.000000000,0.000000000,0.000000000,,,0.000000000,1.003540968,,stale_depth,0,False,-2,2,0.000000000,0.000000000,2.607788324,0.060712498,1.098627090
86,4.300000000,2.813540968,-0.020300173,1.099096104,0.665693642,0.509485283,0.021875555,2.845949517,0.002883926,1.100479962,0.636093637,0.421577737,0.032143645,0.050000000,0.018270155,0.001807793,0.050000000,0.087275769,0.004499536,-0.800000000,-0.800000000,-0.049645767,0,-1,,,,0.000000000,0.000000000,0.000000000,,,0.000000000,1.035949517,,stale_depth,0,False,-2,2,0.000000000,0.000000000,2.628419638,0.045156654,1.102470756
87,4.350000000,2.845949517,0.002883926,1.100479962,0.636093637,0.421577737,0.032143645,2.877647507,0.021428297,1.101999854,0.636424903,0.326536630,0.028615170,0.050000000,-0.002595534,-0.000959923,0.050000000,0.049145361,0.003517626,-0.800000000,-0.800000000,-0.081788624,0,-1,,,,0.000000000,0.000000000,0.000000000,,,0.000000000,1.067647507,,stale_depth,0,False,-2,2,0.000000000,0.000000000,2.671880245,0.039742947,1.103118181
88,4.400000000,2.877647507,0.021428297,1.101999854,0.636424903,0.326536630,0.028615170,2.909789818,0.034629064,1.103181148,0.647135393,0.204135988,0.017633876,0.050000000,-0.019285467,-0.003999708,0.050000000,-0.010314955,0.003663573,-0.800000000,-0.800000000,-0.071290277,0,-1,,,,0.000000000,0.000000000,0.000000000,,,0.000000000,1.099789818,,stale_depth,0,False,-2,2,0.000000000,0.000000000,2.701080561,0.013692080,1.104747534
89,4.450000000,2.909789818,0.034629064,1.103181148,0.647135393,0.204135988,0.017633876,2.942017913,0.040213372,1.103628557,0.639940721,0.026262207,-0.001132647,0.050000000,-0.031166157,-0.006362295,0.050000000,-0.100985420,0.001937675,-0.800000000,-0.800000000,-0.044846287,0,-1,,,,0.000000000,0.000000000,0.000000000,,,0.000000000,1.132017913,,stale_depth,0,False,-2,2,0.000000000,0.000000000,2.713694096,-0.041110002,1.104634404
90,4.500000000,2.942017913,0.040213372,1.103628557,0.639940721,0.026262207,-0.001132647,2.973848543,0.036011498,1.102773554,0.637864774,-0.178413545,-0.031116164,0.050000000,-0.036192035,-0.007257113,0.050000000,-0.178678904,-0.002999201,-0.800000000,-0.585546032,-0.005333011,0,-1,,,,0.000000000,0.000000000,0.000000000,,,0.000000000,1.163848543,,stale_depth,0,False,-2,2,0.000000000,0.000000000,2.745341063,-0.093795806,1.101379156
91,4.550000000,2.973848543,0.036011498,1.102773554,0.637864774,-0.178413545,-0.031116164,3.006534678,0.021770664,1.100557276,0.671764495,-0.369224102,-0.053587670,0.050000000,-0.032410349,-0.005547107,0.050000000,-0.231174921,-0.013195364,-0.800000000,-0.150746789,0.051202285,0,-1,,,,0.000000000,0.000000000,0.000000000,,,0.000000000,1.196534678,,stale_depth,0,False,-2,2,0.000000000,0.000000000,2.799544811,-0.137369692,1.092877030
92,4.600000000,3.006534678,0.021770664,1.100557276,0.671764495,-0.369224102,-0.053587670,3.041307815,-0.000749103,1.097976976,0.712843642,-0.507350292,-0.046468415,0.050000000,-0.019593598,-0.001114552,0.050000000,-0.230456542,-0.010490826,-0.800000000,0.396478744,0.123133840,0,-1,,,,0.000000000,0.000000000,0.000000000,,,0.000000000,1.231307815,,stale_depth,0,False,-2,2,0.000000000,0.000000000,2.832236528,-0.151071742,1.092689157
93,4.650000000,3.041307815,-0.000749103,1.097976976,0.712843642,-0.507350292,-0.046468415,3.077376941,-0.027873661,1.096663380,0.722729490,-0.558631979,-0.007660343,0.050000000,0.000674193,0.004046048,0.050000000,-0.176467807,-0.007339866,-0.800000000,0.800000000,0.111795854,0,-1,,,,0.000000000,0.000000000,0.000000000,,,0.000000000,1.267376941,,stale_depth,0,False,-2,2,0.000000000,0.000000000,2.848436117,-0.133099958,1.092472076
94,4.700000000,3.077376941,-0.027873661,1.096663380,0.722729490,-0.558631979,-0.007660343,3.112999072,-0.055549219,1.097104598,0.700676499,-0.542107251,0.022469511,0.050000000,0.025086295,0.006673240,0.050000000,-0.135608599,0.001165040,-0.800000000,0.800000000,0.025215380,0,-1,,,,0.000000000,0.000000000,0.000000000,,,0.000000000,1.303085235,,stale_depth,0,False,-2,2,0.000000000,0.000000000,2.859583616,-0.129580110,1.097537160
95,4.750000000,3.112999072,-0.055549219,1.097104598,0.700676499,-0.542107251,0.022469511,3.147366312,-0.081502875,1.098363357,0.678811941,-0.496312716,0.027269397,0.050000000,0.049994297,0.005790805,0.050000000,-0.100881696,0.004398759,-0.800000000,0.800000000,-0.051630722,0,-1,,,,0.000000000,0.000000000,0.000000000,,,0.000000000,1.337965370,,stale_depth,0,False,-2,2,0.000000000,0.000000000,2.887126684,-0.131210491,1.100403666
96,4.800000000,3.147366312,-0.081502875,1.098363357,0.678811941,-0.496312716,0.027269397,3.181348004,-0.104558609,1.099703368,0.683696941,-0.426125251,0.025614906,0.050000000,0.073352587,0.003273287,0.050000000,-0.061507159,0.005641836,-0.800000000,0.800000000,-0.061793033,0,-1,,,,0.000000000,0.000000000,0.000000000,,,0.000000000,1.372763648,,stale_depth,0,False,-2,2,0.000000000,0.000000000,2.934099674,-0.127633244,1.102594733
97,4.850000000,3.181348004,-0.104558609,1.099703368,0.683696941,-0.426125251,0.025614906,3.215802004,-0.122971661,1.100858626,0.691202182,-0.313701455,0.019746471,0.050000000,0.094102748,0.000593263,0.050000000,0.018582005,0.004717752,-0.800000000,0.800000000,-0.059706154,0,-1,,,,0.000000000,0.000000000,0.000000000,,,0.000000000,1.408086195,,stale_depth,0,False,-2,2,0.000000000,0.000000000,2.961706400,-0.090622105,1.103241682
98,4.900000000,3.215802004,-0.122971661,1.100858626,0.691202182,-0.313701455,0.019746471,3.249971968,-0.135143382,1.101619850,0.673372360,-0.184407253,0.011395429,0.050000000,0.110674495,-0.001717253,0.050000000,0.068755666,0.003222548,-0.800000000,0.800000000,-0.047211210,0,-1,,,,0.000000000,0.000000000,0.000000000,,,0.000000000,1.442908268,,stale_depth,0,False,-2,2,0.000000000,0.000000000,2.967345476,-0.071404912,1.103275537
99,4.950000000,3.249971968,-0.135143382,1.101619850,0.673372360,-0.184407253,0.011395429,3.283014274,-0.141137818,1.101976325,0.652623345,-0.066256436,0.003830761,0.050000000,0.121629044,-0.003239701,0.050000000,0.093889512,-0.000643268,-0.800000000,0.795133615,-0.034396276,0,-1,,,,0.000000000,0.000000000,0.000000000,,,0.000000000,1.476262276,,stale_depth,0,False,-2,2,0.000000000,0.000000000,2.994112730,-0.064726248,1.101137400
100,5.000000000,3.283014274,-0.141137818,1.101976325,0.652623345,-0.066256436,0.003830761,3.315612789,-0.141018780,1.101948026,0.653843484,0.065227584,-0.005626331,0.050000000,0.127024036,-0.003952649,0.050000000,0.143232925,-0.000909553,-0.800000000,0.598541031,-0.013543754,0,-1,,,,0.000000000,0.000000000,0.000000000,,,0.000000000,1.508787500,,stale_depth,0,False,-2,2,0.000000000,0.000000000,3.037592411,-0.033713125,1.101294160
101,5.050000000,3.315612789,-0.141018780,1.101948026,0.653843484,0.065227584,-0.005626331,3.348346157,-0.133298002,1.101096357,0.652718604,0.235110374,-0.028595316,0.050000000,0.126916902,-0.003896052,0.050000000,0.228357604,-0.003369336,-0.800000000,0.466085769,0.006448558,0,-1,,,,0.000000000,0.000000000,0.000000000,,,0.000000000,1.541000502,,stale_depth,0,False,-2,2,0.000000000,0.000000000,3.060412169,0.030249422,1.099421024
102,5.100000000,3.348346157,-0.133298002,1.101096357,0.652718604,0.235110374,-0.028595316,3.380423818,-0.116543705,1.098812619,0.629566591,0.419219730,-0.060074613,0.050000000,0.119968202,-0.002192715,0.050000000,0.250000000,-0.006863548,-0.800000000,0.042541789,0.062090764,0,-1,,,,0.000000000,0.000000000,0.000000000,,,0.000000000,1.572176626,,stale_depth,0,False,-2,2,0.000000000,0.000000000,3.065697670,0.079372101,1.095948696
103,5.150000000,3.380423818,-0.116543705,1.098812619,0.629566591,0.419219730,-0.060074613,3.411265832,-0.090872598,1.095373033,0.610193299,0.587481058,-0.074056061,0.050000000,0.104889335,0.002374762,0.050000000,0.250000000,-0.011052343,-0.800000000,-0.483484943,0.140063630,0,-1,,,,0.000000000,0.000000000,0.000000000,,,0.000000000,1.602026278,,stale_depth,0,False,-2,2,0.000000000,0.000000000,3.090866327,0.114113152,1.090523362
104,5.200000000,3.411265832,-0.090872598,1.095373033,0.610193299,0.587481058,-0.074056061,3.442195742,-0.057964883,1.092372079,0.631847372,0.705426419,-0.045572334,0.050000000,0.081785338,0.009253933,0.050000000,0.250000000,-0.011089800,-0.800000000,-0.800000000,0.179903601,0,-1,,,,0.000000000,0.000000000,0.000000000,,,0.000000000,1.632288898,,stale_depth,0,False,-2,2,0.000000000,0.000000000,3.143627882,0.131774560,1.087055683
105,5.250000000,3.442195742,-0.057964883,1.092372079,0.631847372,0.705426419,-0.045572334,3.474866026,-0.021637494,1.091753393,0.669756627,0.729657695,0.016572607,0.050000000,0.052168395,0.015255842,0.050000000,0.242523203,-0.003451850,-0.800000000,-0.800000000,0.120344240,0,-1,,,,0.000000000,0.000000000,0.000000000,,,0.000000000,1.664866026,,stale_depth,0,False,-2,2,0.000000000,0.000000000,3.178352118,0.123927519,1.089783192
106,5.300000000,3.474866026,-0.021637494,1.091753393,0.669756627,0.729657695,0.016572607,3.508789109,0.013751556,1.093762898,0.682996943,0.681866160,0.059634629,0.050000000,0.019473745,0.016493214,0.050000000,0.181681050,0.009030462,-0.800000000,-0.800000000,-0.021548986,0,-1,,,,0.000000000,0.000000000,0.000000000,,,0.000000000,1.698789109,,stale_depth,0,False,-2,2,0.000000000,0.000000000,3.191628218,0.114623293,1.098526239
107,5.350000000,3.508789109,0.013751556,1.093762898,0.682996943,0.681866160,0.059634629,3.543309000,0.045864996,1.096868016,0.701109636,0.603447509,0.063149142,0.050000000,-0.012376401,0.012474203,0.050000000,0.132335428,0.013267326,-0.800000000,-0.800000000,-0.132478007,0,-1,,,,0.000000000,0.000000000,0.000000000,,,0.000000000,1.733309000,,stale_depth,0,False,-2,2,0.000000000,0.000000000,3.228127003,0.113003127,1.103713393
108,5.400000000,3.543309000,0.045864996,1.096868016,0.701109636,0.603447509,0.063149142,3.579792975,0.072813028,1.099692165,0.759767057,0.473717113,0.047171908,0.050000000,-0.041278496,0.006263967,0.050000000,0.046147073,0.012393822,-0.800000000,-0.800000000,-0.145015200,0,-1,,,,0.000000000,0.000000000,0.000000000,,,0.000000000,1.769792975,,stale_depth,0,False,-2,2,0.000000000,0.000000000,3.290369987,0.080475301,1.106163383
109,5.450000000,3.579792975,0.072813028,1.099692165,0.759767057,0.473717113,0.047171908,3.619873596,0.091064445,1.101175137,0.835839339,0.261487422,0.009647382,0.050000000,-0.065531725,0.000615670,0.050000000,-0.076941609,0.007855814,-0.800000000,-0.800000000,-0.112331699,0,-1,,,,0.000000000,0.000000000,0.000000000,,,0.000000000,1.809873596,,stale_depth,0,False,-2,2,0.000000000,0.000000000,3.343875885,0.015106821,1.105584025
110,5.500000000,3.619873596,0.091064445,1.101175137,0.835839339,0.261487422,0.009647382,3.663198985,0.096906664,1.100161816,0.885430265,-0.011541730,-0.048570244,0.050000000,-0.081958001,-0.002350273,0.050000000,-0.195591514,-0.000636031,-0.800000000,-0.800000000,-0.029381181,0,-1,,,,0.000000000,0.000000000,0.000000000,,,0.000000000,1.853198985,,stale_depth,0,False,-2,2,0.000000000,0.000000000,3.379834890,-0.055629190,1.100698113
111,5.550000000,3.663198985,0.096906664,1.100161816,0.885430265,-0.011541730,-0.048570244,3.707586131,0.088148971,1.096110879,0.882477060,-0.314717981,-0.109324047,0.050000000,-0.087215998,-0.000323633,0.050000000,-0.250000000,-0.013929878,-0.800000000,-0.681309342,0.098972474,0,-1,,,,0.000000000,0.000000000,0.000000000,,,0.000000000,1.897586131,,stale_depth,0,False,-2,2,0.000000000,0.000000000,3.387455940,-0.130357862,1.089714408
112,5.600000000,3.707586131,0.088148971,1.096110879,0.882477060,-0.314717981,-0.109324047,3.750928720,0.064412414,1.088974298,0.851894065,-0.606091896,-0.168461980,0.050000000,-0.079334074,0.007778242,0.050000000,-0.250000000,-0.045808075,-0.800000000,0.184908518,0.181474206,0,-1,,,,0.000000000,0.000000000,0.000000000,,,0.000000000,1.940928720,,stale_depth,0,False,-2,2,0.000000000,0.000000000,3.406024218,-0.205306843,1.061754823
113,5.650000000,3.750928720,0.064412414,1.088974298,0.851894065,-0.606091896,-0.168461980,3.792604847,0.026855095,1.080160678,0.819639855,-0.862682824,-0.176873106,0.050000000,-0.057971173,0.022051404,0.050000000,-0.250000000,-0.058383864,-0.800000000,0.800000000,0.314508903,0,-1,,,,0.000000000,0.000000000,0.000000000,,,0.000000000,1.982604847,,stale_depth,0,False,-2,2,0.000000000,0.000000000,3.436962366,-0.261230141,1.045186400
114,5.700000000,3.792604847,0.026855095,1.080160678,0.819639855,-0.862682824,-0.176873106,3.832993891,-0.021668122,1.073770216,0.798032400,-1.040829847,-0.079953571,0.050000000,-0.024169585,0.039678644,0.050000000,-0.250000000,-0.041802169,-0.800000000,0.800000000,0.385916965,0,-1,,,,0.000000000,0.000000000,0.000000000,,,0.000000000,2.022993891,,stale_depth,0,False,-2,2,0.000000000,0.000000000,3.482384682,-0.283661932,1.048809052
115,5.750000000,3.832993891,-0.021668122,1.073770216,0.798032400,-1.040829847,-0.079953571,3.871897087,-0.075220439,1.073765447,0.756276995,-1.074306253,0.068484003,0.050000000,0.019501310,0.052459568,0.050000000,-0.250000000,-0.000056016,-0.800000000,0.800000000,0.228278728,0,-1,,,,0.000000000,0.000000000,0.000000000,,,0.000000000,2.062183964,,stale_depth,0,False,-2,2,0.000000000,0.000000000,3.495797396,-0.256618053,1.073728204
116,5.800000000,3.871897087,-0.075220439,1.073765447,0.756276995,-1.074306253,0.068484003,3.908133370,-0.127203751,1.079153526,0.697812841,-0.997636019,0.139317497,0.050000000,0.067698395,0.052469106,0.050000000,-0.213650997,0.011539075,-0.800000000,0.800000000,-0.162699796,0,-1,,,,0.000000000,0.000000000,0.000000000,,,0.000000000,2.099862451,,stale_depth,0,False,-2,2,0.000000000,0.000000000,3.503545284,-0.235458687,1.082419753
117,5.850000000,3.908133370,-0.127203751,1.079153526,0.697812841,-0.997636019,0.139317497,3.942076310,-0.173765059,1.086320484,0.670877138,-0.865616243,0.144621296,0.050000000,0.114483376,0.041692949,0.050000000,-0.122127846,0.028683838,-0.800000000,0.800000000,-0.316096171,0,-1,,,,0.000000000,0.000000000,0.000000000,,,0.000000000,2.136080889,,stale_depth,0,False,-2,2,0.000000000,0.000000000,3.530272245,-0.218799636,1.100666404
118,5.900000000,3.942076310,-0.173765059,1.086320484,0.670877138,-0.865616243,0.144621296,3.976409253,-0.211922710,1.093013097,0.709508605,-0.665531167,0.119262211,0.050000000,0.156388553,0.027359031,0.050000000,-0.004442479,0.035317150,-0.800000000,0.800000000,-0.312297562,0,-1,,,,0.000000000,0.000000000,0.000000000,,,0.000000000,2.172920659,,stale_depth,0,False,-2,2,0.000000000,0.000000000,3.583370924,-0.177096918,1.112808347
119,5.950000000,3.976409253,-0.211922710,1.093013097,0.709508605,-0.665531167,0.119262211,4.013855593,-0.238291573,1.097378771,0.783460120,-0.402525565,0.055166633,0.050000000,0.190730439,0.013973806,0.050000000,0.130134181,0.023596858,-0.800000000,0.800000000,-0.273329579,0,-1,,,,0.000000000,0.000000000,0.000000000,,,0.000000000,2.212373270,,stale_depth,0,False,-2,2,0.000000000,0.000000000,3.638565779,-0.114322074,1.110710740
120,6.000000000,4.013855593,-0.238291573,1.097378771,0.783460120,-0.402525565,0.055166633,4.054716114,-0.250435749,1.097892829,0.839578801,-0.105581300,-0.028503972,0.050000000,0.214462415,0.005242459,0.050000000,0.235484054,-0.000557794,-0.800000000,0.800000000,-0.159212648,0,-1,,,,0.000000000,0.000000000,0.000000000,,,0.000000000,2.254140365,,stale_depth,0,False,-2,2,0.000000000,0.000000000,3.687951088,-0.061678533,1.096960425
121,6.050000000,4.054716114,-0.250435749,1.097892829,0.839578801,-0.105581300,-0.028503972,4.097001191,-0.247372796,1.094862164,0.839552320,0.197662428,-0.084500646,0.050000000,0.225392174,0.004214343,0.050000000,0.250000000,-0.014665376,-0.800000000,0.800000000,0.039538848,0,-1,,,,0.000000000,0.000000000,0.000000000,,,0.000000000,2.295992104,,stale_depth,0,False,-2,2,0.000000000,0.000000000,3.713456869,-0.010889395,1.086893797
122,6.100000000,4.097001191,-0.247372796,1.094862164,0.839552320,0.197662428,-0.084500646,4.137078613,-0.230136541,1.090255653,0.758521211,0.457248438,-0.093950531,0.050000000,0.222635516,0.010275672,0.050000000,0.250000000,-0.011556230,-0.800000000,0.149535921,0.208412620,0,-1,,,,0.000000000,0.000000000,0.000000000,,,0.000000000,2.334514838,,stale_depth,0,False,-2,2,0.000000000,0.000000000,3.687207937,0.035379365,1.086194992
123,6.150000000,4.137078613,-0.230136541,1.090255653,0.758521211,0.457248438,-0.093950531,4.171600228,-0.202283438,1.086137456,0.628704980,0.624456348,-0.068066232,0.050000000,0.207122887,0.019488694,0.050000000,0.250000000,-0.011124498,-0.800000000,-0.592138395,0.236645808,0,-1,,,,0.000000000,0.000000000,0.000000000,,,0.000000000,2.366943777,,stale_depth,0,False,-2,2,0.000000000,0.000000000,3.671108484,0.054075841,1.081912279
124,6.200000000,4.171600228,-0.202283438,1.086137456,0.628704980,0.624456348,-0.068066232,4.199129288,-0.169291199,1.084035902,0.484029821,0.672506509,-0.018499890,0.050000000,0.182055094,0.027725088,0.050000000,0.250000000,-0.022198892,-0.800000000,-0.800000000,0.131049544,0,-1,,,,0.000000000,0.000000000,0.000000000,,,0.000000000,2.392484870,,stale_depth,0,False,-2,2,0.000000000,0.000000000,3.667594910,0.035339668,1.069488287
125,6.250000000,4.199129288,-0.169291199,1.084035902,0.484029821,0.672506509,-0.018499890,4.219774385,-0.136465935,1.084069450,0.357648825,0.633379154,0.017363164,0.050000000,0.152362079,0.031928196,0.050000000,0.250000000,-0.005353966,-0.800000000,-0.800000000,0.037559785,0,-1,,,,0.000000000,0.000000000,0.000000000,,,0.000000000,2.411627588,,stale_depth,0,False,-2,2,0.000000000,0.000000000,3.668604374,0.025977038,1.080020428
126,6.300000000,4.219774385,-0.136465935,1.084069450,0.357648825,0.633379154,0.017363164,4.235452874,-0.106853699,1.085778736,0.288329704,0.554717769,0.049537560,0.050000000,0.122819341,0.031861100,0.050000000,0.193055051,0.015746806,-0.800000000,-0.800000000,-0.004618166,0,-1,,,,0.000000000,0.000000000,0.000000000,,,0.000000000,2.426337593,,stale_depth,0,False,-2,2,0.000000000,0.000000000,3.682170630,0.008325353,1.095879555
127,6.350000000,4.235452874,-0.106853699,1.085778736,0.288329704,0.554717769,0.049537560,4.250094718,-0.081277174,1.089084219,0.310082398,0.475147392,0.079583886,0.050000000,0.096168329,0.028442528,0.050000000,0.157098806,0.015304217,-0.680942013,-0.800000000,-0.097809553,0,-1,,,,0.000000000,0.000000000,0.000000000,,,0.000000000,2.440430078,,stale_depth,0,False,-2,2,0.000000000,0.000000000,3.737929583,0.010970405,1.097256899
128,6.400000000,4.250094718,-0.081277174,1.089084219,0.310082398,0.475147392,0.079583886,4.267717073,-0.059897198,1.093067345,0.395009969,0.381805013,0.077486173,0.050000000,0.073149457,0.021831562,0.050000000,0.103340125,0.020597205,-0.743092565,-0.800000000,-0.168533376,0,-1,,,,0.000000000,0.000000000,0.000000000,,,0.000000000,2.457794465,,stale_depth,0,False,-2,2,0.000000000,0.000000000,3.791894197,-0.003772081,1.104532123
129,6.450000000,4.267717073,-0.059897198,1.093067345,0.395009969,0.381805013,0.077486173,4.290311372,-0.044352071,1.096298977,0.500102203,0.244308710,0.051797979,0.050000000,0.053907479,0.013865310,0.050000000,0.025606090,0.017114723,-0.800000000,-0.800000000,-0.172489856,0,-1,,,,0.000000000,0.000000000,0.000000000,,,0.000000000,2.480315042,,stale_depth,0,False,-2,2,0.000000000,0.000000000,3.843866110,-0.040692631,1.105903387
130,6.500000000,4.290311372,-0.044352071,1.096298977,0.500102203,0.244308710,0.051797979,4.317858282,-0.036506517,1.098077519,0.588961724,0.082036616,0.022465592,0.050000000,0.039916864,0.007402046,0.050000000,-0.039948412,0.011050006,-0.800000000,-0.800000000,-0.116422778,0,-1,,,,0.000000000,0.000000000,0.000000000,,,0.000000000,2.507858282,,stale_depth,0,False,-2,2,0.000000000,0.000000000,3.877410173,-0.074313380,1.104586482
131,6.550000000,4.317858282,-0.036506517,1.098077519,0.588961724,0.082036616,0.022465592,4.348784318,-0.036627153,1.098641492,0.638075238,-0.069645392,0.003750492,0.050000000,0.032855866,0.003844962,0.050000000,-0.083538504,0.002927802,-0.800000000,-0.473071771,-0.055822257,0,-1,,,,0.000000000,0.000000000,0.000000000,,,0.000000000,2.538784318,,stale_depth,0,False,-2,2,0.000000000,0.000000000,3.890078068,-0.099160396,1.100273371
132,6.600000000,4.348784318,-0.036627153,1.098641492,0.638075238,-0.069645392,0.003750492,4.381508430,-0.043350774,1.098491733,0.668110066,-0.184364313,-0.007489809,0.050000000,0.032964437,0.002717016,0.050000000,-0.102490254,-0.016529530,-0.800000000,-0.093842465,-0.057942920,0,-1,,,,0.000000000,0.000000000,0.000000000,,,0.000000000,2.571510532,,stale_depth,0,False,-2,2,0.000000000,0.000000000,3.921303749,-0.113494843,1.086244345
133,6.650000000,4.381508430,-0.043350774,1.098491733,0.668110066,-0.184364313,-0.007489809,4.416075100,-0.055197324,1.097827681,0.717188911,-0.280303835,-0.018651813,0.050000000,0.039015697,0.003016535,0.050000000,-0.137716547,-0.019469187,-0.800000000,0.133279332,-0.034226795,0,-1,,,,0.000000000,0.000000000,0.000000000,,,0.000000000,2.606117774,,stale_depth,0,False,-2,2,0.000000000,0.000000000,3.969635248,-0.146638185,1.083889842
134,6.700000000,4.416075100,-0.055197324,1.097827681,0.717188911,-0.280303835,-0.018651813,4.454430694,-0.071702722,1.096375232,0.816252339,-0.370777746,-0.039052419,0.050000000,0.049677591,0.004344639,0.050000000,-0.165202683,-0.012500614,-0.800000000,0.328860433,0.017574853,0,-1,,,,0.000000000,0.000000000,0.000000000,,,0.000000000,2.644613797,,stale_depth,0,False,-2,2,0.000000000,0.000000000,4.042124748,-0.179099336,1.088452220
135,6.750000000,4.454430694,-0.071702722,1.096375232,0.816252339,-0.370777746,-0.039052419,4.498562146,-0.092228371,1.093880987,0.939199120,-0.438288085,-0.058338478,0.050000000,0.064532450,0.007249535,0.050000000,-0.152034278,-0.010657318,-0.800000000,0.624981337,0.081128861,0,-1,,,,0.000000000,0.000000000,0.000000000,,,0.000000000,2.689051208,,stale_depth,0,False,-2,2,0.000000000,0.000000000,4.106683254,-0.185728431,1.088382244
136,6.800000000,4.498562146,-0.092228371,1.093880987,0.939199120,-0.438288085,-0.058338478,4.548766157,-0.114913162,1.091225949,1.054477944,-0.459563286,-0.047288795,0.050000000,0.083005534,0.012238027,0.050000000,-0.091790473,-0.026216633,-0.800000000,0.800000000,0.091776700,0,-1,,,,0.000000000,0.000000000,0.000000000,,,0.000000000,2.739754440,,stale_depth,0,False,-2,2,0.000000000,0.000000000,4.167536736,-0.161071226,1.074218512
137,6.850000000,4.548766157,-0.114913162,1.091225949,1.054477944,-0.459563286,-0.047288795,4.603634842,-0.137714730,1.089798482,1.122425120,-0.451036256,-0.011225660,0.050000000,0.103421846,0.017548103,0.050000000,-0.052235389,-0.017975922,-0.800000000,0.800000000,0.083751066,0,-1,,,,0.000000000,0.000000000,0.000000000,,,0.000000000,2.795284229,,stale_depth,0,False,-2,2,0.000000000,0.000000000,4.195863247,-0.154089704,1.077744007
138,6.900000000,4.603634842,-0.137714730,1.089798482,1.122425120,-0.451036256,-0.011225660,4.659609915,-0.159949827,1.090290884,1.104657858,-0.438345571,0.027369540,0.050000000,0.123943257,0.020403036,0.050000000,-0.057018079,0.001560964,-0.800000000,0.800000000,0.036533210,0,-1,,,,0.000000000,0.000000000,0.000000000,,,0.000000000,2.852047868,,stale_depth,0,False,-2,2,0.000000000,0.000000000,4.182212353,-0.180478290,1.090969205
139,6.950000000,4.659609915,-0.159949827,1.090290884,1.104657858,-0.438345571,0.027369540,4.713039284,-0.181096290,1.092008229,1.033063486,-0.404110114,0.039191684,0.050000000,0.143954844,0.019418232,0.050000000,-0.033369975,0.008558777,-0.800000000,0.800000000,-0.053745036,0,-1,,,,0.000000000,0.000000000,0.000000000,,,0.000000000,2.906352126,,stale_depth,0,False,-2,2,0.000000000,0.000000000,4.182830811,-0.184977308,1.096709967
140,7.000000000,4.713039284,-0.181096290,1.092008229,1.033063486,-0.404110114,0.039191684,4.762331995,-0.199213643,1.093869074,0.945119872,-0.316023413,0.033395719,0.050000000,0.162986661,0.015983542,0.050000000,0.019665705,-0.004930809,-0.800000000,0.800000000,-0.126064266,0,-1,,,,0.000000000,0.000000000,0.000000000,,,0.000000000,2.956481571,,stale_depth,0,False,-2,2,0.000000000,0.000000000,4.201218128,-0.166347012,1.088310122
141,7.050000000,4.762331995,-0.199213643,1.093869074,0.945119872,-0.316023413,0.033395719,4.807131389,-0.210707399,1.095136885,0.853026390,-0.145651566,0.014206215,0.050000000,0.179292278,0.012261852,0.050000000,0.125940368,-0.007743655,-0.800000000,0.800000000,-0.117541070,0,-1,,,,0.000000000,0.000000000,0.000000000,,,0.000000000,3.001832339,,stale_depth,0,False,-2,2,0.000000000,0.000000000,4.231925488,-0.104758367,1.088061333
142,7.100000000,4.807131389,-0.210707399,1.095136885,0.853026390,-0.145651566,0.014206215,4.846915792,-0.212092114,1.094725469,0.746174224,0.077295195,-0.030071522,0.050000000,0.189636659,0.009726230,0.050000000,0.235224216,-0.000865147,-0.800000000,0.800000000,-0.043061033,0,-1,,,,0.000000000,0.000000000,0.000000000,,,0.000000000,3.041632757,,stale_depth,0,False,-2,2,0.000000000,0.000000000,4.216619492,-0.034289237,1.094488025
143,7.150000000,4.846915792,-0.212092114,1.094725469,0.746174224,0.077295195,-0.030071522,4.881636666,-0.201662829,1.091898835,0.657113770,0.319786242,-0.077788934,0.050000000,0.190882903,0.010549062,0.050000000,0.250000000,-0.003637922,-0.800000000,0.493442301,0.075524572,0,-1,,,,0.000000000,0.000000000,0.000000000,,,0.000000000,3.075754085,,stale_depth,0,False,-2,2,0.000000000,0.000000000,4.223688126,0.031657498,1.091997027
144,7.200000000,4.881636666,-0.201662829,1.091898835,0.657113770,0.319786242,-0.077788934,4.913381905,-0.179359335,1.087509584,0.628120824,0.544712872,-0.091769995,0.050000000,0.181496546,0.016202330,0.050000000,0.250000000,-0.023088662,-0.800000000,-0.199389264,0.156286491,0,-1,,,,0.000000000,0.000000000,0.000000000,,,0.000000000,3.106411803,,stale_depth,0,False,-2,2,0.000000000,0.000000000,4.260614872,0.082934558,1.074582338
145,7.250000000,4.913381905,-0.179359335,1.087509584,0.628120824,0.544712872,-0.091769995,4.945915267,-0.147610896,1.083923995,0.679895734,0.693494129,-0.050758425,0.050000000,0.161423402,0.024980833,0.050000000,0.250000000,-0.022763823,-0.800000000,-0.800000000,0.197160490,0,-1,,,,0.000000000,0.000000000,0.000000000,,,0.000000000,3.137704082,,stale_depth,0,False,-2,2,0.000000000,0.000000000,4.322329998,0.100518115,1.070436716
146,7.300000000,4.945915267,-0.147610896,1.083923995,0.679895734,0.693494129,-0.050758425,4.982320623,-0.111804127,1.083183447,0.771367609,0.716766840,0.016067932,0.050000000,0.132849806,0.032152011,0.050000000,0.250000000,-0.004289864,-0.800000000,-0.800000000,0.132767316,0,-1,,,,0.000000000,0.000000000,0.000000000,,,0.000000000,3.173108322,,stale_depth,0,False,-2,2,0.000000000,0.000000000,4.372330666,0.073263325,1.080706596
147,7.350000000,4.982320623,-0.111804127,1.083183447,0.771367609,0.716766840,0.016067932,5.023343478,-0.077499164,1.084797049,0.861033228,0.650543680,0.044975165,0.050000000,0.100623714,0.033633107,0.050000000,0.209456661,0.002838878,-0.800000000,-0.800000000,-0.037797298,0,-1,,,,0.000000000,0.000000000,0.000000000,,,0.000000000,3.213555672,,stale_depth,0,False,-2,2,0.000000000,0.000000000,4.421167374,0.045288369,1.085312605
148,7.400000000,5.023343478,-0.077499164,1.084797049,0.861033228,0.650543680,0.044975165,5.068325994,-0.047642573,1.086896018,0.927438424,0.548753622,0.039479148,0.050000000,0.069749247,0.030405901,0.050000000,0.119760678,-0.009108099,-0.800000000,-0.800000000,-0.154523613,0,-1,,,,0.000000000,0.000000000,0.000000000,,,0.000000000,3.258334690,,stale_depth,0,False,-2,2,0.000000000,0.000000000,4.459857941,0.012321345,1.077965975
149,7.450000000,5.068325994,-0.047642573,1.086896018,0.927438424,0.548753622,0.039479148,5.115529834,-0.023235499,1.088626976,0.952742226,0.433989063,0.030161111,0.050000000,0.042878316,0.026207964,0.050000000,0.063191027,-0.014073154,-0.800000000,-0.800000000,-0.153006578,0,-1,,,,0.000000000,0.000000000,0.000000000,,,0.000000000,3.305529834,,stale_depth,0,False,-2,2,0.000000000,0.000000000,4.476530552,-0.000249303,1.076341152
150,7.500000000,5.115529834,-0.023235499,1.088626976,0.952742226,0.433989063,0.030161111,5.163459608,-0.005285781,1.089774716,0.964336474,0.292140932,0.015820218,0.050000000,0.020911949,0.022746048,0.050000000,-0.013363511,-0.009474112,-0.800000000,-0.800000000,-0.113243495,0,-1,,,,0.000000000,0.000000000,0.000000000,,,0.000000000,3.353459608,,stale_depth,0,False,-2,2,0.000000000,0.000000000,4.496276379,-0.033258133,1.081521392
151,7.550000000,5.163459608,-0.005285781,1.089774716,0.964336474,0.292140932,0.015820218,5.212271995,0.005310985,1.090167872,0.987120824,0.146304360,0.001743549,0.050000000,0.004757203,0.020450569,0.050000000,-0.049498016,0.001227872,-0.800000000,-0.800000000,-0.041692416,0,-1,,,,0.000000000,0.000000000,0.000000000,,,0.000000000,3.402271995,,stale_depth,0,False,-2,2,0.000000000,0.000000000,4.537604809,-0.042409293,1.090695620
152,7.600000000,5.212271995,0.005310985,1.090167872,0.987120824,0.146304360,0.001743549,5.262009469,0.009254216,1.090032772,0.996314603,0.025465282,-0.005434720,0.050000000,-0.004779887,0.019664256,0.050000000,-0.052077749,-0.009237438,-0.800000000,-0.566806024,-0.031374249,0,-1,,,,0.000000000,0.000000000,0.000000000,,,0.000000000,3.452009469,,stale_depth,0,False,-2,2,0.000000000,0.000000000,4.574827194,-0.033747327,1.083239794
153,7.650000000,5.262009469,0.009254216,1.090032772,0.996314603,0.025465282,-0.005434720,5.311039180,0.007497095,1.089712362,0.959523591,-0.087592512,-0.008039801,0.050000000,-0.008328794,0.019934456,0.050000000,-0.082908793,-0.007839780,-0.800000000,-0.309640214,-0.006871600,0,-1,,,,0.000000000,0.000000000,0.000000000,,,0.000000000,3.501039180,,stale_depth,0,False,-2,2,0.000000000,0.000000000,4.577451229,-0.052927379,1.084152937
154,7.700000000,5.311039180,0.007497095,1.089712362,0.959523591,-0.087592512,-0.008039801,5.357061521,-0.000339246,1.088966977,0.884123926,-0.217814932,-0.021925682,0.050000000,-0.006747385,0.020575277,0.050000000,-0.147945265,-0.000643863,-0.800000000,-0.172436437,0.021131252,0,-1,,,,0.000000000,0.000000000,0.000000000,,,0.000000000,3.547061521,,stale_depth,0,False,-2,2,0.000000000,0.000000000,4.569948673,-0.103461854,1.089229465
155,7.750000000,5.357061521,-0.000339246,1.088966977,0.884123926,-0.217814932,-0.021925682,5.399200347,-0.014796973,1.087308818,0.811322666,-0.346890991,-0.041456027,0.050000000,0.000305321,0.022066046,0.050000000,-0.190786871,-0.009001747,-0.800000000,0.077223031,0.036925528,0,-1,,,,0.000000000,0.000000000,0.000000000,,,0.000000000,3.589200347,,stale_depth,0,False,-2,2,0.000000000,0.000000000,4.585237026,-0.143429399,1.082215667
156,7.800000000,5.399200347,-0.014796973,1.087308818,0.811322666,-0.346890991,-0.041456027,5.438603778,-0.034902011,1.085367249,0.776691035,-0.438811269,-0.034262713,0.050000000,0.013317275,0.025382365,0.050000000,-0.204656243,-0.023929667,-0.800000000,0.406384995,0.050075314,0,-1,,,,0.000000000,0.000000000,0.000000000,,,0.000000000,3.628603778,,stale_depth,0,False,-2,2,0.000000000,0.000000000,4.623702526,-0.168289155,1.069361567
157,7.850000000,5.438603778,-0.034902011,1.085367249,0.776691035,-0.438811269,-0.034262713,5.477864460,-0.057521771,1.084437711,0.800448185,-0.451581498,-0.005365670,0.050000000,0.031411810,0.029265501,0.050000000,-0.158547931,-0.023982905,-0.800000000,0.800000000,0.029370881,0,-1,,,,0.000000000,0.000000000,0.000000000,,,0.000000000,3.667905200,,stale_depth,0,False,-2,2,0.000000000,0.000000000,4.686894417,-0.153812960,1.067380071
158,7.900000000,5.477864460,-0.057521771,1.084437711,0.800448185,-0.451581498,-0.005365670,5.519382121,-0.079049904,1.084585908,0.858634102,-0.407665641,0.009227457,0.050000000,0.051769594,0.031124579,0.050000000,-0.105346705,-0.009240922,-0.800000000,0.800000000,-0.011072149,0,-1,,,,0.000000000,0.000000000,0.000000000,,,0.000000000,3.709582266,,stale_depth,0,False,-2,2,0.000000000,0.000000000,4.729526997,-0.136531800,1.077507019
159,7.950000000,5.519382121,-0.079049904,1.084585908,0.858634102,-0.407665641,0.009227457,5.563992938,-0.097800307,1.085026420,0.918528068,-0.344031338,0.008282328,0.050000000,0.071144913,0.030828183,0.050000000,-0.057359830,-0.000103319,-0.800000000,0.800000000,-0.026659362,0,-1,,,,0.000000000,0.000000000,0.000000000,,,0.000000000,3.754426344,,stale_depth,0,False,-2,2,0.000000000,0.000000000,4.765189171,-0.122069776,1.084508419
