host_time,phase,cmd_x,cmd_y,cmd_z,cmd_yaw_deg
1784901225.828015,takeoff,0.0,0.0,0.050000160932540894,0.0
1784901225.852704,takeoff,0.0,0.0,0.05555630326271058,0.0
1784901225.876094,takeoff,0.0,0.0,0.06082518100738526,0.0
1784901225.896379,takeoff,0.0,0.0,0.06538772583007812,0.0
1784901225.918605,takeoff,0.0,0.0,0.070387202501297,0.0
1784901225.942258,takeoff,0.0,0.0,0.07570886611938477,0.0
1784901225.965625,takeoff,0.0,0.0,0.08096556663513184,0.0
1784901225.986603,takeoff,0.0,0.0,0.08568544983863831,0.0
1784901226.007795,takeoff,0.0,0.0,0.09045431017875671,0.0
1784901226.032874,takeoff,0.0,0.0,0.09609724879264832,0.0
1784901226.056849,takeoff,0.0,0.0,0.10149229764938356,0.0
1784901226.079982,takeoff,0.0,0.0,0.1066943347454071,0.0
1784901226.102057,takeoff,0.0,0.0,0.11166259050369262,0.0
1784901226.126673,takeoff,0.0,0.0,0.11720092296600343,0.0
1784901226.147181,takeoff,0.0,0.0,0.12181727290153505,0.0
1784901226.171124,takeoff,0.0,0.0,0.12719746232032775,0.0
1784901226.191486,takeoff,0.0,0.0,0.13178634643554688,0.0
1784901226.212731,takeoff,0.0,0.0,0.13656352162361146,0.0
1784901226.236019,takeoff,0.0,0.0,0.14180471897125246,0.0
1784901226.256120,takeoff,0.0,0.0,0.14632649421691896,0.0
1784901226.279671,takeoff,0.0,0.0,0.1516263782978058,0.0
1784901226.304140,takeoff,0.0,0.0,0.15713166594505312,0.0
1784901226.324465,takeoff,0.0,0.0,0.16170504689216614,0.0
1784901226.349399,takeoff,0.0,0.0,0.16731456518173218,0.0
1784901226.373567,takeoff,0.0,0.0,0.17275161743164064,0.0
1784901226.394625,takeoff,0.0,0.0,0.17749016880989077,0.0
1784901226.416039,takeoff,0.0,0.0,0.18230720162391661,0.0
1784901226.438062,takeoff,0.0,0.0,0.18726328015327454,0.0
1784901226.462013,takeoff,0.0,0.0,0.19265130162239075,0.0
1784901226.485057,takeoff,0.0,0.0,0.19783665537834166,0.0
1784901226.508104,takeoff,0.0,0.0,0.20302361845970157,0.0
1784901226.531180,takeoff,0.0,0.0,0.2082181453704834,0.0
1784901226.551976,takeoff,0.0,0.0,0.21289387941360477,0.0
1784901226.573825,takeoff,0.0,0.0,0.2178085446357727,0.0
1784901226.598529,takeoff,0.0,0.0,0.22336694002151491,0.0
1784901226.623637,takeoff,0.0,0.0,0.22901894450187682,0.0
1784901226.648507,takeoff,0.0,0.0,0.23461451530456545,0.0
1784901226.673554,takeoff,0.0,0.0,0.24024715423583987,0.0
1784901226.698556,takeoff,0.0,0.0,0.24587233662605285,0.0
1784901226.719507,takeoff,0.0,0.0,0.250587660074234,0.0
1784901226.740730,takeoff,0.0,0.0,0.25536349415779114,0.0
1784901226.762890,takeoff,0.0,0.0,0.26034955978393554,0.0
1784901226.786088,takeoff,0.0,0.0,0.2655547082424164,0.0
1784901226.809299,takeoff,0.0,0.0,0.2707913458347321,0.0
1784901226.832790,takeoff,0.0,0.0,0.27607728242874147,0.0
1784901226.855267,takeoff,0.0,0.0,0.2811300814151764,0.0
1784901226.878271,takeoff,0.0,0.0,0.2863111972808838,0.0
1784901226.902704,takeoff,0.0,0.0,0.29180543422698973,0.0
1784901226.924526,takeoff,0.0,0.0,0.29671897292137145,0.0
1784901226.949356,takeoff,0.0,0.0,0.3023027956485748,0.0
1784901226.969965,takeoff,0.0,0.0,0.3069402813911438,0.0
1784901226.994461,takeoff,0.0,0.0,0.31245189905166626,0.0
1784901227.016125,takeoff,0.0,0.0,0.31732858419418336,0.0
1784901227.041107,takeoff,0.0,0.0,0.32295129895210267,0.0
1784901227.063873,takeoff,0.0,0.0,0.3280662178993225,0.0
1784901227.088939,takeoff,0.0,0.0,0.33371210694313047,0.0
1784901227.109968,takeoff,0.0,0.0,0.33844250440597534,0.0
1784901227.135001,takeoff,0.0,0.0,0.3440511107444763,0.0
1784901227.156418,takeoff,0.0,0.0,0.3488922297954559,0.0
1784901227.181126,takeoff,0.0,0.0,0.35444992780685425,0.0
1784901227.202721,takeoff,0.0,0.0,0.3592961966991425,0.0
1784901227.224458,takeoff,0.0,0.0,0.3641966998577118,0.0
1784901227.245491,takeoff,0.0,0.0,0.3689363241195679,0.0
1784901227.266175,takeoff,0.0,0.0,0.37358915209770205,0.0
1784901227.290914,takeoff,0.0,0.0,0.3791533410549164,0.0
1784901227.314941,takeoff,0.0,0.0,0.38454683423042296,0.0
1784901227.338558,takeoff,0.0,0.0,0.3893474519252777,0.0
1784901227.361238,takeoff,0.0,0.0,0.39496700167655946,0.0
1784901227.386060,takeoff,0.0,0.0,0.4005564570426941,0.0
1784901227.409216,takeoff,0.0,0.0,0.40577110052108767,0.0
1784901227.429322,takeoff,0.0,0.0,0.410295182466507,0.0
1784901227.449732,takeoff,0.0,0.0,0.4148880898952484,0.0
1784901227.475074,takeoff,0.0,0.0,0.42058982253074645,0.0
1784901227.496729,takeoff,0.0,0.0,0.42546441555023196,0.0
1784901227.518431,takeoff,0.0,0.0,0.4303215205669403,0.0
1784901227.539011,takeoff,0.0,0.0,0.43497719168663024,0.0
1784901227.564091,takeoff,0.0,0.0,0.4406222224235535,0.0
1784901227.587462,takeoff,0.0,0.0,0.4458780109882355,0.0
1784901227.611049,takeoff,0.0,0.0,0.45118733644485476,0.0
1784901227.633483,takeoff,0.0,0.0,0.45623074769973754,0.0
1784901227.653826,takeoff,0.0,0.0,0.460802948474884,0.0
1784901227.678939,takeoff,0.0,0.0,0.4664596736431122,0.0
1784901227.702790,takeoff,0.0,0.0,0.4717966794967651,0.0
1784901227.727701,takeoff,0.0,0.0,0.47743200063705443,0.0
1784901227.748729,takeoff,0.0,0.0,0.4821642220020294,0.0
1784901227.771837,takeoff,0.0,0.0,0.4873640060424805,0.0
1784901227.794037,takeoff,0.0,0.0,0.4923571527004242,0.0
1784901227.815619,takeoff,0.0,0.0,0.49721490144729613,0.0
1784901227.840222,settle,0.0,0.0,0.5,0.0
1784901227.862552,settle,0.0,0.0,0.5,0.0
1784901227.883530,settle,0.0,0.0,0.5,0.0
1784901227.907312,settle,0.0,0.0,0.5,0.0
1784901227.932386,settle,0.0,0.0,0.5,0.0
1784901227.954416,settle,0.0,0.0,0.5,0.0
1784901227.977705,settle,0.0,0.0,0.5,0.0
1784901228.002771,settle,0.0,0.0,0.5,0.0
1784901228.025417,settle,0.0,0.0,0.5,0.0
1784901228.048972,settle,0.0,0.0,0.5,0.0
1784901228.073527,settle,0.0,0.0,0.5,0.0
1784901228.096710,settle,0.0,0.0,0.5,0.0
1784901228.119787,settle,0.0,0.0,0.5,0.0
1784901228.141949,settle,0.0,0.0,0.5,0.0
1784901228.163243,settle,0.0,0.0,0.5,0.0
1784901228.185369,settle,0.0,0.0,0.5,0.0
1784901228.205640,settle,0.0,0.0,0.5,0.0
1784901228.230040,settle,0.0,0.0,0.5,0.0
1784901228.251794,settle,0.0,0.0,0.5,0.0
1784901228.273945,settle,0.0,0.0,0.5,0.0
1784901228.294282,settle,0.0,0.0,0.5,0.0
1784901228.314584,settle,0.0,0.0,0.5,0.0
1784901228.336734,settle,0.0,0.0,0.5,0.0
1784901228.360722,settle,0.0,0.0,0.5,0.0
1784901228.381046,settle,0.0,0.0,0.5,0.0
1784901228.403185,settle,0.0,0.0,0.5,0.0
1784901228.427759,settle,0.0,0.0,0.5,0.0
1784901228.452736,settle,0.0,0.0,0.5,0.0
1784901228.474461,settle,0.0,0.0,0.5,0.0
1784901228.498738,settle,0.0,0.0,0.5,0.0
1784901228.522626,settle,0.0,0.0,0.5,0.0
1784901228.544541,settle,0.0,0.0,0.5,0.0
1784901228.568132,settle,0.0,0.0,0.5,0.0
1784901228.589761,settle,0.0,0.0,0.5,0.0
1784901228.613264,settle,0.0,0.0,0.5,0.0
1784901228.635894,settle,0.0,0.0,0.5,0.0
1784901228.660809,settle,0.0,0.0,0.5,0.0
1784901228.682887,settle,0.0,0.0,0.5,0.0
1784901228.703216,settle,0.0,0.0,0.5,0.0
1784901228.724405,settle,0.0,0.0,0.5,0.0
1784901228.747515,settle,0.0,0.0,0.5,0.0
1784901228.770608,settle,0.0,0.0,0.5,0.0
1784901228.793681,settle,0.0,0.0,0.5,0.0
1784901228.817673,settle,0.0,0.0,0.5,0.0
1784901228.841549,peer,0.0,0.0,0.5,0.0
1784901228.866620,peer,0.0,0.013413889919999996,0.5,0.0
1784901228.886966,peer,0.0,0.024049918699247403,0.5,0.0
1784901228.907788,peer,0.0,0.034877426016579234,0.5,0.0
1784901228.932837,peer,0.0,0.04782418867134951,0.5,0.0
1784901228.954358,peer,0.0,0.0588357048756938,0.5,0.0
1784901228.979405,peer,0.0,0.07148919669499676,0.5,0.0
1784901229.004483,peer,0.0,0.08395689082426759,0.5,0.0
1784901229.029039,peer,0.0,0.09594701244631235,0.5,0.0
1784901229.049494,peer,0.0,0.10568473504382749,0.5,0.0
1784901229.073775,peer,0.0,0.11712357127886998,0.5,0.0
1784901229.096700,peer,0.0,0.1275887357341873,0.5,0.0
1784901229.121821,peer,0.0,0.13871709176929187,0.5,0.0
1784901229.145801,peer,0.0,0.1489775624559997,0.5,0.0
1784901229.167885,peer,0.0,0.15810643454799703,0.5,0.0
1784901229.192435,peer,0.0,0.167851533825206,0.5,0.0
1784901229.212737,peer,0.0,0.17557452638161142,0.5,0.0
1784901229.233459,peer,0.0,0.18312932400553572,0.5,0.0
1784901229.257031,peer,0.0,0.19131142603332463,0.5,0.0
1784901229.282279,peer,0.0,0.1995470119121074,0.5,0.0
1784901229.305957,peer,0.0,0.206771591826386,0.5,0.0
1784901229.327234,peer,0.0,0.2128256342152501,0.5,0.0
1784901229.352423,peer,0.0,0.2194459139122058,0.5,0.0
1784901229.373087,peer,0.0,0.2244220371837322,0.5,0.0
1784901229.394323,peer,0.0,0.22909706842602517,0.5,0.0
1784901229.414859,peer,0.0,0.23319131958748712,0.5,0.0
1784901229.437043,peer,0.0,0.23712136003633605,0.5,0.0
1784901229.460987,peer,0.0,0.24079485503170495,0.5,0.0
1784901229.485978,peer,0.0,0.24397986908870842,0.5,0.0
1784901229.510991,peer,0.0,0.2465018883207543,0.5,0.0
1784901229.531486,peer,0.0,0.24806330742383545,0.5,0.0
1784901229.556543,peer,0.0,0.2493510179793799,0.5,0.0
1784901229.578835,peer,0.0,0.24991939696219315,0.5,0.0
1784901229.603187,peer,0.0,0.24991798025538,0.5,0.0
1784901229.624237,peer,0.0,0.24939274540432504,0.5,0.0
1784901229.647117,peer,0.0,0.24827184448231884,0.5,0.0
1784901229.671099,peer,0.0,0.24648651366473173,0.5,0.0
1784901229.692835,peer,0.0,0.24432991284618052,0.5,0.0
1784901229.714028,peer,0.0,0.24174023572074668,0.5,0.0
1784901229.734363,peer,0.0,0.238807389607761,0.5,0.0
1784901229.756127,peer,0.0,0.23519058403809137,0.5,0.0
1784901229.777640,peer,0.0,0.23113264289604316,0.5,0.0
1784901229.801546,peer,0.0,0.22608174391399485,0.5,0.0
1784901229.823754,peer,0.0,0.2208673336322232,0.5,0.0
1784901229.848531,peer,0.0,0.21449553462495125,0.5,0.0
1784901229.869038,peer,0.0,0.2087835168699831,0.5,0.0
1784901229.892137,peer,0.0,0.20188954831626113,0.5,0.0
1784901229.916074,peer,0.0,0.1943098838713815,0.5,0.0
1784901229.939598,peer,0.0,0.18625911728053007,0.5,0.0
1784901229.962257,peer,0.0,0.1781394299866136,0.5,0.0
1784901229.986397,peer,0.0,0.1690493887655788,0.5,0.0
1784901230.009694,peer,0.0,0.15986501007846265,0.5,0.0
1784901230.033375,peer,0.0,0.15014234191380205,0.5,0.0
1784901230.054893,peer,0.0,0.1409744259813821,0.5,0.0
1784901230.078695,peer,0.0,0.1305205486676276,0.5,0.0
1784901230.103468,peer,0.0,0.1192781486472877,0.5,0.0
1784901230.128004,peer,0.0,0.10948799348626596,0.5,0.0
1784901230.149918,peer,0.0,0.09738309359609226,0.5,0.0
1784901230.173237,peer,0.0,0.08602512207289902,0.5,0.0
1784901230.196384,peer,0.0,0.0745478813545772,0.5,0.0
1784901230.217033,peer,0.0,0.06416089347325274,0.5,0.0
1784901230.238499,peer,0.0,0.05323550023942276,0.5,0.0
1784901230.261131,peer,0.0,0.04159933637430287,0.5,0.0
1784901230.285994,peer,0.0,0.028715597001714544,0.5,0.0
1784901230.309344,peer,0.0,0.016544107524546388,0.5,0.0
1784901230.332318,peer,0.0,0.004521551315249099,0.5,0.0
1784901230.353073,peer,0.0,-0.006343717763484353,0.5,0.0
1784901230.376866,peer,0.0,-0.01878415626661353,0.5,0.0
1784901230.401443,peer,0.0,-0.03158529986489305,0.5,0.0
1784901230.423834,peer,0.0,-0.043166349459803174,0.5,0.0
1784901230.444597,peer,0.0,-0.05383715062031625,0.5,0.0
1784901230.469317,peer,0.0,-0.0664050346363118,0.5,0.0
1784901230.490262,peer,0.0,-0.07690860385740739,0.5,0.0
1784901230.515242,peer,0.0,-0.0892394325662991,0.5,0.0
1784901230.539512,peer,0.0,-0.10099307492516953,0.5,0.0
1784901230.564177,peer,0.0,-0.11265989127299186,0.5,0.0
1784901230.585358,peer,0.0,-0.12245944473820972,0.5,0.0
1784901230.610435,peer,0.0,-0.13372757240905042,0.5,0.0
1784901230.633643,peer,0.0,-0.14382239795066926,0.5,0.0
1784901230.657866,peer,0.0,-0.15401703858736446,0.5,0.0
1784901230.682457,peer,0.0,-0.16395286194270453,0.5,0.0
1784901230.702549,peer,0.0,-0.17174085980013115,0.5,0.0
1784901230.727649,peer,0.0,-0.18105178523995505,0.5,0.0
1784901230.749649,peer,0.0,-0.18880157165224026,0.5,0.0
1784901230.774506,peer,0.0,-0.1970715526038453,0.5,0.0
1784901230.799368,peer,0.0,-0.20481132701025748,0.5,0.0
1784901230.819810,peer,0.0,-0.21076124728789253,0.5,0.0
1784901230.839958,peer,0.0,-0.2162451608842336,0.5,0.0
1784901230.863373,peer,0.0,-0.22213553443664807,0.5,0.0
1784901230.888103,peer,0.0,-0.22777470422730683,0.5,0.0
1784901230.910128,peer,0.0,-0.23228401863636228,0.5,0.0
1784901230.935201,peer,0.0,-0.2368180692131492,0.5,0.0
1784901230.960088,peer,0.0,-0.24066944922922973,0.5,0.0
1784901230.983067,peer,0.0,-0.24364427802364785,0.5,0.0
1784901231.008017,peer,0.0,-0.24622305182971516,0.5,0.0
1784901231.028336,peer,0.0,-0.2478525869979519,0.5,0.0
1784901231.052632,peer,0.0,-0.24919519663376744,0.5,0.0
1784901231.073449,peer,0.0,-0.2498319031507363,0.5,0.0
1784901231.098616,peer,0.0,-0.24996786296636211,0.5,0.0
1784901231.121208,peer,0.0,-0.24949856059783834,0.5,0.0
1784901231.142329,peer,0.0,-0.24855475582834055,0.5,0.0
1784901231.165974,peer,0.0,-0.2469210266081121,0.5,0.0
1784901231.189344,peer,0.0,-0.24470895327586603,0.5,0.0
1784901231.213460,peer,0.0,-0.24181586870882388,0.5,0.0
1784901231.235521,peer,0.0,-0.23862588159014597,0.5,0.0
1784901231.258962,peer,0.0,-0.23468277912403718,0.5,0.0
1784901231.283671,peer,0.0,-0.2299122282482186,0.5,0.0
1784901231.307339,peer,0.0,-0.22476610079411086,0.5,0.0
1784901231.329333,peer,0.0,-0.21948453551421365,0.5,0.0
1784901231.354258,peer,0.0,-0.2129400439369992,0.5,0.0
1784901231.375682,peer,0.0,-0.20684397670660204,0.5,0.0
1784901231.397841,peer,0.0,-0.20010648379999627,0.5,0.0
1784901231.422957,peer,0.0,-0.191971583715057,0.5,0.0
1784901231.444306,peer,0.0,-0.18460764072740873,0.5,0.0
1784901231.469736,peer,0.0,-0.17552199751690403,0.5,0.0
1784901231.490652,peer,0.0,-0.167400956317422,0.5,0.0
1784901231.513911,peer,0.0,-0.1581616440121664,0.5,0.0
1784901231.537209,peer,0.0,-0.1485289763967296,0.5,0.0
1784901231.558256,peer,0.0,-0.13952321054238565,0.5,0.0
1784901231.583166,peer,0.0,-0.12851015981743893,0.5,0.0
1784901231.604419,peer,0.0,-0.11885005039241522,0.5,0.0
1784901231.624717,peer,0.0,-0.10939101911171795,0.5,0.0
1784901231.649221,peer,0.0,-0.09771573017752375,0.5,0.0
1784901231.673718,peer,0.0,-0.08579452399222079,0.5,0.0
1784901231.697203,peer,0.0,-0.07413489301737569,0.5,0.0
1784901231.720664,peer,0.0,-0.062312421463157484,0.5,0.0
1784901231.745205,peer,0.0,-0.04980331053091855,0.5,0.0
1784901231.766769,peer,0.0,-0.038689615705729485,0.5,0.0
1784901231.787151,peer,0.0,-0.028102779578060493,0.5,0.0
1784901231.807542,peer,0.0,-0.017480197017338876,0.5,0.0
1784901231.829949,peer,0.0,-0.005761155757947344,0.5,0.0
1784901231.853653,peer,0.0,0.006646841243299583,0.5,0.0
1784901231.877689,peer,0.0,0.019214465093872098,0.5,0.0
1784901231.899467,peer,0.0,0.030562773617496007,0.5,0.0
1784901231.923659,peer,0.0,0.043090603620680186,0.5,0.0
1784901231.948734,peer,0.0,0.05595444314678258,0.5,0.0
1784901231.973752,peer,0.0,0.0686313094844636,0.5,0.0
1784901231.998674,peer,0.0,0.08108884356579081,0.5,0.0
1784901232.022577,peer,0.0,0.09282315518918219,0.5,0.0
1784901232.042870,peer,0.0,0.10259787723664365,0.5,0.0
1784901232.063989,peer,0.0,0.1125794231498591,0.5,0.0
1784901232.086603,peer,0.0,0.1230214875719068,0.5,0.0
1784901232.107112,peer,0.0,0.13225339062770683,0.5,0.0
1784901232.127341,peer,0.0,0.14112212483318926,0.5,0.0
1784901232.149019,peer,0.0,0.15034109946992072,0.5,0.0
1784901232.173035,peer,0.0,0.16019244209330064,0.5,0.0
1784901232.196092,peer,0.0,0.16927256515517325,0.5,0.0
1784901232.219111,peer,0.0,0.1779412836550129,0.5,0.0
1784901232.242777,peer,0.0,0.18642289944758997,0.5,0.0
1784901232.266270,peer,0.0,0.1943906047981883,0.5,0.0
1784901232.287694,peer,0.0,0.20124531651139477,0.5,0.0
1784901232.309654,peer,0.0,0.2078520049916491,0.5,0.0
1784901232.329936,peer,0.0,0.21356555154276308,0.5,0.0
1784901232.350248,peer,0.0,0.2188983535246702,0.5,0.0
1784901232.371594,peer,0.0,0.2240753273293858,0.5,0.0
1784901232.394360,peer,0.0,0.22910651183830294,0.5,0.0
1784901232.419369,peer,0.0,0.23402991017476502,0.5,0.0
1784901232.444319,peer,0.0,0.23830252016001957,0.5,0.0
1784901232.468367,peer,0.0,0.2418056328977161,0.5,0.0
1784901232.490558,peer,0.0,0.24449392402954934,0.5,0.0
1784901232.512029,peer,0.0,0.24659234459415832,0.5,0.0
1784901232.536713,peer,0.0,0.24838861499087853,0.5,0.0
1784901232.558870,peer,0.0,0.24943586578356838,0.5,0.0
1784901232.580347,peer,0.0,0.2499383599608754,0.5,0.0
1784901232.602399,peer,0.0,0.24992819261450597,0.5,0.0
1784901232.627172,peer,0.0,0.24928106595642452,0.5,0.0
1784901232.648398,peer,0.0,0.24819267056423142,0.5,0.0
1784901232.673468,peer,0.0,0.24627617417064177,0.5,0.0
1784901232.698478,peer,0.0,0.24368783686958728,0.5,0.0
1784901232.719478,peer,0.0,0.24099704597512547,0.5,0.0
1784901232.744309,peer,0.0,0.23721508636085079,0.5,0.0
1784901232.766149,peer,0.0,0.23335814288074036,0.5,0.0
1784901232.790377,peer,0.0,0.2285090635924051,0.5,0.0
1784901232.813844,peer,0.0,0.2232519986675361,0.5,0.0
1784901232.834046,peer,0.0,0.2183186471589735,0.5,0.0
1784901232.858028,peer,0.0,0.21191446176453138,0.5,0.0
1784901232.878288,peer,0.0,0.20608939713598418,0.5,0.0
1784901232.899242,peer,0.0,0.19967974113749265,0.5,0.0
1784901232.920725,peer,0.0,0.19270573818027045,0.5,0.0
1784901232.941043,peer,0.0,0.18576126183667632,0.5,0.0
1784901232.962325,peer,0.0,0.1781265543066547,0.5,0.0
1784901232.986454,peer,0.0,0.1690311780808541,0.5,0.0
1784901233.012532,peer,0.0,0.15873424926447632,0.5,0.0
1784901233.035237,peer,0.0,0.1493674516100451,0.5,0.0
1784901233.056418,peer,0.0,0.14032888094689538,0.5,0.0
1784901233.081599,peer,0.0,0.12923563656064363,0.5,0.0
1784901233.106502,peer,0.0,0.11789211911405437,0.5,0.0
1784901233.128307,peer,0.0,0.10769632060950918,0.5,0.0
1784901233.149118,peer,0.0,0.09777593697886885,0.5,0.0
1784901233.171213,peer,0.0,0.08703071328930324,0.5,0.0
1784901233.193156,peer,0.0,0.07617190866952356,0.5,0.0
1784901233.217715,peer,0.0,0.06382529170618502,0.5,0.0
1784901233.241214,peer,0.0,0.05186223204122723,0.5,0.0
1784901233.265100,peer,0.0,0.03955528801098789,0.5,0.0
1784901233.289014,peer,0.0,0.027156739301616356,0.5,0.0
1784901233.310696,peer,0.0,0.015841263833139958,0.5,0.0
1784901233.334334,peer,0.0,0.003472442338418292,0.5,0.0
1784901233.359858,peer,0.0,-0.00986357718425102,0.5,0.0
1784901233.384464,peer,0.0,-0.022746639261497923,0.5,0.0
1784901233.408888,peer,0.0,-0.03544361399718256,0.5,0.0
1784901233.432242,peer,0.0,-0.04745004841489007,0.5,0.0
1784901233.456937,peer,0.0,-0.060123995045469995,0.5,0.0
1784901233.480250,peer,0.0,-0.07189437642023469,0.5,0.0
1784901233.505007,peer,0.0,-0.08420741827491685,0.5,0.0
1784901233.527677,peer,0.0,-0.0952847046820277,0.5,0.0
1784901233.550016,peer,0.0,-0.10599733256794173,0.5,0.0
1784901233.574277,peer,0.0,-0.11735290739741074,0.5,0.0
1784901233.594562,peer,0.0,-0.12662879770439683,0.5,0.0
1784901233.616082,peer,0.0,-0.1362005248047733,0.5,0.0
1784901233.641115,peer,0.0,-0.14700647890354013,0.5,0.0
1784901233.665637,peer,0.0,-0.15716639615708836,0.5,0.0
1784901233.689471,peer,0.0,-0.16669658610634533,0.5,0.0
1784901233.714623,peer,0.0,-0.17626494993113062,0.5,0.0
1784901233.735796,peer,0.0,-0.18396544310950205,0.5,0.0
1784901233.760744,peer,0.0,-0.19254714647126406,0.5,0.0
1784901233.782054,peer,0.0,-0.1994697531648319,0.5,0.0
1784901233.802295,peer,0.0,-0.2056815110690233,0.5,0.0
1784901233.822661,peer,0.0,-0.21155564676541064,0.5,0.0
1784901233.847771,peer,0.0,-0.21826558838633123,0.5,0.0
1784901233.872917,peer,0.0,-0.22437773881113457,0.5,0.0
1784901233.897331,peer,0.0,-0.22972053336335266,0.5,0.0
1784901233.922376,peer,0.0,-0.2345757253541291,0.5,0.0
1784901233.947164,peer,0.0,-0.23874614428734156,0.5,0.0
1784901233.969418,peer,0.0,-0.24193069031207748,0.5,0.0
1784901233.991516,peer,0.0,-0.24459456063077015,0.5,0.0
1784901234.016024,peer,0.0,-0.24692692244610262,0.5,0.0
1784901234.038579,peer,0.0,-0.24849627344373199,0.5,0.0
1784901234.060983,peer,0.0,-0.24950714541028574,0.5,0.0
1784901234.086120,peer,0.0,-0.24998700638280236,0.5,0.0
1784901234.109621,peer,0.0,-0.24980953714943213,0.5,0.0
1784901234.133697,peer,0.0,-0.24900379638804404,0.5,0.0
1784901234.157574,peer,0.0,-0.2475720923222347,0.5,0.0
1784901234.182177,peer,0.0,-0.24545329080909548,0.5,0.0
1784901234.203787,peer,0.0,-0.24305221184411027,0.5,0.0
1784901234.227942,peer,0.0,-0.2398260807690995,0.5,0.0
1784901234.249039,peer,0.0,-0.23642590290661905,0.5,0.0
1784901234.274196,peer,0.0,-0.23275640164505162,0.5,0.0
1784901234.297042,peer,0.0,-0.22707545572012527,0.5,0.0
1784901234.321298,peer,0.0,-0.22147276141183433,0.5,0.0
1784901234.345032,peer,0.0,-0.215434863037157,0.5,0.0
1784901234.369306,peer,0.0,-0.20871028995753588,0.5,0.0
1784901234.389671,peer,0.0,-0.20265173471837503,0.5,0.0
1784901234.411478,peer,0.0,-0.19575772386844134,0.5,0.0
1784901234.432738,peer,0.0,-0.18864781532249075,0.5,0.0
1784901234.455793,peer,0.0,-0.18050199378706105,0.5,0.0
1784901234.476128,peer,0.0,-0.17298362111566426,0.5,0.0
1784901234.498264,peer,0.0,-0.16442741361712382,0.5,0.0
1784901234.520375,peer,0.0,-0.15552815358693878,0.5,0.0
1784901234.541745,peer,0.0,-0.14662201400098043,0.5,0.0
1784901234.562330,peer,0.0,-0.1377512012128743,0.5,0.0
1784901234.583303,peer,0.0,-0.12848049748985552,0.5,0.0
1784901234.607244,peer,0.0,-0.11755721856211032,0.5,0.0
1784901234.627510,peer,0.0,-0.10808877225521787,0.5,0.0
1784901234.649115,peer,0.0,-0.09779857024741957,0.5,0.0
1784901234.669923,peer,0.0,-0.08765123580985709,0.5,0.0
1784901234.692743,peer,0.0,-0.07636438290672387,0.5,0.0
1784901234.716238,peer,0.0,-0.06457476450769328,0.5,0.0
1784901234.740602,peer,0.0,-0.05218031062797196,0.5,0.0
1784901234.761390,peer,0.0,-0.04147118853708023,0.5,0.0
1784901234.786318,peer,0.0,-0.028556859063407436,0.5,0.0
1784901234.808428,peer,0.0,-0.017032109578756602,0.5,0.0
1784901234.830571,peer,0.0,-0.00544452721526683,0.5,0.0
1784901234.855483,peer,0.0,0.007599823638015122,0.5,0.0
1784901234.880391,peer,0.0,0.020617760854059728,0.5,0.0
1784901234.903510,peer,0.0,0.0326471427193028,0.5,0.0
1784901234.928410,peer,0.0,0.04552848929081239,0.5,0.0
1784901234.953520,peer,0.0,0.058387293055722524,0.5,0.0
1784901234.977644,peer,0.0,0.07058661606550606,0.5,0.0
1784901235.000461,peer,0.0,0.08193971966321643,0.5,0.0
1784901235.025743,peer,0.0,0.09434919969739947,0.5,0.0
1784901235.049511,peer,0.0,0.10574740641478311,0.5,0.0
1784901235.074699,peer,0.0,0.11755115900056862,0.5,0.0
1784901235.099822,peer,0.0,0.1289842084233215,0.5,0.0
1784901235.124751,peer,0.0,0.13999251130815027,0.5,0.0
1784901235.149469,peer,0.0,0.15051389356385403,0.5,0.0
1784901235.175415,peer,0.0,0.1608652122774077,0.5,0.0
1784901235.200212,peer,0.0,0.17084257974187403,0.5,0.0
1784901235.225345,peer,0.0,0.1802155968207836,0.5,0.0
1784901235.247806,peer,0.0,0.18816114158843877,0.5,0.0
1784901235.268287,peer,0.0,0.19504608441502805,0.5,0.0
1784901235.289344,peer,0.0,0.20175664408688904,0.5,0.0
1784901235.309638,peer,0.0,0.20784590053972157,0.5,0.0
1784901235.329933,peer,0.0,0.2135638642580681,0.5,0.0
1784901235.351190,peer,0.0,0.21913593913687227,0.5,0.0
1784901235.374785,peer,0.0,0.2248121551334561,0.5,0.0
1784901235.397228,peer,0.0,0.22970358739336882,0.5,0.0
1784901235.418165,peer,0.0,0.23380768007571115,0.5,0.0
1784901235.440705,peer,0.0,0.23772427126216963,0.5,0.0
1784901235.465794,peer,0.0,0.24146070124005614,0.5,0.0
1784901235.508724,peer,0.0,0.24419742413477222,0.5,0.0
1784901235.529515,peer,0.0,0.24793445851047602,0.5,0.0
1784901235.552589,peer,0.0,0.24919406525102855,0.5,0.0
1784901235.577161,peer,0.0,0.24989561713847447,0.5,0.0
1784901235.598854,peer,0.0,0.24996567732426356,0.5,0.0
1784901235.619772,peer,0.0,0.24954426940448982,0.5,0.0
1784901235.641940,peer,0.0,0.24857509783417744,0.5,0.0
1784901235.665711,peer,0.0,0.2469422798462867,0.5,0.0
1784901235.688142,peer,0.0,0.2448397376177559,0.5,0.0
1784901235.710652,peer,0.0,0.24218583440174338,0.5,0.0
1784901235.734234,peer,0.0,0.23882522206901538,0.5,0.0
1784901235.757793,peer,0.0,0.23488943532410173,0.5,0.0
1784901235.782256,peer,0.0,0.23020195679942237,0.5,0.0
1784901235.802555,peer,0.0,0.2258496890424915,0.5,0.0
1784901235.824839,peer,0.0,0.2206023642423154,0.5,0.0
1784901235.849606,peer,0.0,0.21420230893049644,0.5,0.0
1784901235.870046,peer,0.0,0.2084913566734428,0.5,0.0
1784901235.893912,peer,0.0,0.20133571250918003,0.5,0.0
1784901235.918577,peer,0.0,0.19341462434737677,0.5,0.0
1784901235.941105,peer,0.0,0.185737533131119,0.5,0.0
1784901235.961241,peer,0.0,0.1785155531574846,0.5,0.0
1784901235.981628,peer,0.0,0.1708809454946041,0.5,0.0
1784901236.003797,peer,0.0,0.1622278795271988,0.5,0.0
1784901236.029723,peer,0.0,0.15278578350609057,0.5,0.0
1784901236.052230,peer,0.0,0.14212923997488663,0.5,0.0
1784901236.073015,peer,0.0,0.13304519376549828,0.5,0.0
1784901236.093337,peer,0.0,0.12391918058930096,0.5,0.0
1784901236.116140,peer,0.0,0.11340246895380293,0.5,0.0
1784901236.140786,peer,0.0,0.10176548983280936,0.5,0.0
1784901236.162536,peer,0.0,0.09125892027212083,0.5,0.0
1784901236.186844,peer,0.0,0.07929409692710915,0.5,0.0
1784901236.211692,peer,0.0,0.06685972370035781,0.5,0.0
1784901236.235399,peer,0.0,0.054971637798094365,0.5,0.0
1784901236.260235,peer,0.0,0.04206333172545367,0.5,0.0
1784901236.282547,peer,0.0,0.03051185035814955,0.5,0.0
1784901236.304144,peer,0.0,0.0192582769765523,0.5,0.0
1784901236.327807,peer,0.0,0.006887061861374431,0.5,0.0
1784901236.352672,peer,0.0,-0.006113467443693479,0.5,0.0
1784901236.373235,peer,0.0,-0.016884769138007506,0.5,0.0
1784901236.394236,peer,0.0,-0.027840534021710227,0.5,0.0
1784901236.416343,peer,0.0,-0.039307139231140736,0.5,0.0
1784901236.443433,peer,0.0,-0.05182522909320257,0.5,0.0
1784901236.465593,peer,0.0,-0.06452362892439431,0.5,0.0
1784901236.488827,peer,0.0,-0.07619580719201709,0.5,0.0
1784901236.513873,peer,0.0,-0.08857391909815208,0.5,0.0
1784901236.537519,peer,0.0,-0.10003751846399973,0.5,0.0
1784901236.561124,peer,0.0,-0.11116540535601459,0.5,0.0
1784901236.586200,peer,0.0,-0.1228439799663075,0.5,0.0
1784901236.606910,peer,0.0,-0.13216269628544627,0.5,0.0
1784901236.628705,peer,0.0,-0.1417085974022774,0.5,0.0
1784901236.649820,peer,0.0,-0.1506781079180008,0.5,0.0
1784901236.672514,peer,0.0,-0.1599848538841455,0.5,0.0
1784901236.693226,peer,0.0,-0.16816399335187807,0.5,0.0
1784901236.717072,peer,0.0,-0.1771887094292855,0.5,0.0
1784901236.741381,peer,0.0,-0.18593259904736517,0.5,0.0
1784901236.763123,peer,0.0,-0.1933558425336452,0.5,0.0
1784901236.783781,peer,0.0,-0.2000232414869578,0.5,0.0
1784901236.807777,peer,0.0,-0.2073056732724238,0.5,0.0
1784901236.832695,peer,0.0,-0.21431262399548948,0.5,0.0
1784901236.858046,peer,0.0,-0.22066957743253332,0.5,0.0
1784901236.882837,peer,0.0,-0.2266281128479137,0.5,0.0
1784901236.907800,peer,0.0,-0.23182955975048675,0.5,0.0
1784901236.932853,peer,0.0,-0.2364194100922116,0.5,0.0
1784901236.957773,peer,0.0,-0.24033796760216397,0.5,0.0
1784901236.982286,peer,0.0,-0.24355350627980255,0.5,0.0
1784901237.007135,peer,0.0,-0.24615755211020673,0.5,0.0
1784901237.028146,peer,0.0,-0.24783942372440768,0.5,0.0
1784901237.053018,peer,0.0,-0.24921120042434644,0.5,0.0
1784901237.073593,peer,0.0,-0.24983509639273488,0.5,0.0
1784901237.095760,peer,0.0,-0.24998728865618183,0.5,0.0
1784901237.119778,peer,0.0,-0.2495446836939054,0.5,0.0
1784901237.143768,peer,0.0,-0.2484720330722941,0.5,0.0
1784901237.167086,peer,0.0,-0.24682892315191443,0.5,0.0
1784901237.187277,peer,0.0,-0.24492983016298145,0.5,0.0
1784901237.211161,peer,0.0,-0.2421184308079053,0.5,0.0
1784901237.236236,peer,0.0,-0.23851445968256801,0.5,0.0
1784901237.259272,peer,0.0,-0.234622788997211,0.5,0.0
1784901237.296249,peer,0.0,-0.22977133060212981,0.5,0.0
1784901237.317187,peer,0.0,-0.22245802012606408,0.5,0.0
1784901237.340993,peer,0.0,-0.2164985482946057,0.5,0.0
1784901237.365691,peer,0.0,-0.2097446143576722,0.5,0.0
1784901237.387410,peer,0.0,-0.20333782627992764,0.5,0.0
1784901237.409616,peer,0.0,-0.1963567739891709,0.5,0.0
1784901237.432333,peer,0.0,-0.18877554790850043,0.5,0.0
1784901237.456066,peer,0.0,-0.1804034141594481,0.5,0.0
1784901237.480689,peer,0.0,-0.17123526583115467,0.5,0.0
1784901237.505336,peer,0.0,-0.16161068457533992,0.5,0.0
1784901237.528887,peer,0.0,-0.15200746699477455,0.5,0.0
1784901237.550854,peer,0.0,-0.1427239883783455,0.5,0.0
1784901237.574851,peer,0.0,-0.13222944797304598,0.5,0.0
1784901237.599656,peer,0.0,-0.1210326460779269,0.5,0.0
1784901237.624007,peer,0.0,-0.109726189987231,0.5,0.0
1784901237.649094,peer,0.0,-0.09777547741031513,0.5,0.0
1784901237.671138,peer,0.0,-0.08705177781029659,0.5,0.0
1784901237.694735,peer,0.0,-0.07536806910498339,0.5,0.0
1784901237.719667,peer,0.0,-0.06282500031148334,0.5,0.0
1784901237.741959,peer,0.0,-0.05146515181759436,0.5,0.0
1784901237.767129,peer,0.0,-0.038500906935109706,0.5,0.0
1784901237.790792,peer,0.0,-0.026215395385671802,0.5,0.0
1784901237.812150,peer,0.0,-0.015077735155217865,0.5,0.0
1784901237.835162,peer,0.0,-0.003031560092795163,0.5,0.0
1784901237.859713,peer,0.0,0.009824908138670587,0.5,0.0
1784901237.884164,peer,0.0,0.02259123749957247,0.5,0.0
1784901237.906812,peer,0.0,0.034374983709751304,0.5,0.0
1784901237.931758,peer,0.0,0.04726189490924472,0.5,0.0
1784901237.956832,peer,0.0,0.060081220478329596,0.5,0.0
1784901237.978418,peer,0.0,0.07097968138272356,0.5,0.0
1784901237.999183,peer,0.0,0.08134138422874708,0.5,0.0
1784901238.020120,peer,0.0,0.09162455558174999,0.5,0.0
1784901238.044253,peer,0.0,0.1032587344478259,0.5,0.0
1784901238.066096,peer,0.0,0.11356253359358134,0.5,0.0
1784901238.091058,peer,0.0,0.12504497142336934,0.5,0.0
1784901238.120586,peer,0.0,0.13427390495850167,0.5,0.0
1784901238.140711,peer,0.0,0.1468437649012655,0.5,0.0
1784901238.165808,peer,0.0,0.15726986295592657,0.5,0.0
1784901238.189235,peer,0.0,0.16661265284441548,0.5,0.0
1784901238.210772,peer,0.0,0.17484772635477683,0.5,0.0
1784901238.234323,peer,0.0,0.18344513976299096,0.5,0.0
1784901238.255821,peer,0.0,0.1909037029493117,0.5,0.0
1784901238.277396,peer,0.0,0.19800096294689848,0.5,0.0
1784901238.301025,peer,0.0,0.2053085425407637,0.5,0.0
1784901238.324637,peer,0.0,0.21206433879546216,0.5,0.0
1784901238.348118,peer,0.0,0.21835817092325113,0.5,0.0
1784901238.373109,peer,0.0,0.22442737255220052,0.5,0.0
1784901238.398217,peer,0.0,0.22990296090413373,0.5,0.0
1784901238.421803,peer,0.0,0.23447688595881996,0.5,0.0
1784901238.442546,peer,0.0,0.2380192969836555,0.5,0.0
1784901238.466123,peer,0.0,0.24150215481614193,0.5,0.0
1784901238.490733,peer,0.0,0.2445112895219616,0.5,0.0
1784901238.512699,peer,0.0,0.24664913013336626,0.5,0.0
1784901238.532999,peer,0.0,0.2481604639716282,0.5,0.0
1784901238.557716,peer,0.0,0.249394300940837,0.5,0.0
1784901238.582720,peer,0.0,0.24996278065545588,0.5,0.0
1784901238.607489,peer,0.0,0.2498505171059988,0.5,0.0
1784901238.629301,peer,0.0,0.24919552688789284,0.5,0.0
1784901238.653795,peer,0.0,0.24783916168823603,0.5,0.0
1784901238.677638,peer,0.0,0.24589406979548284,0.5,0.0
1784901238.702858,peer,0.0,0.2431697609977071,0.5,0.0
1784901238.727613,peer,0.0,0.23983506767179005,0.5,0.0
1784901238.752772,peer,0.0,0.23579098807951837,0.5,0.0
1784901238.773753,peer,0.0,0.23190293644140436,0.5,0.0
1784901238.797896,peer,0.0,0.22688630807080792,0.5,0.0
1784901238.819689,peer,0.0,0.22186418174562722,0.5,0.0
1784901238.842336,approach,0.0,0.0,0.5,0.0
1784901238.867426,approach,0.0016750653584798178,0.0,0.5,0.0
1784901238.892097,approach,0.003319263458251953,0.0,0.5,0.0
1784901238.914406,approach,0.004809061686197917,0.0,0.5,0.0
1784901238.935054,approach,0.006185658772786459,0.0,0.5,0.0
1784901238.957347,approach,0.007671340306599935,0.0,0.5,0.0
1784901238.978438,approach,0.009078009923299154,0.0,0.5,0.0
1784901239.000495,approach,0.010547733306884766,0.0,0.5,0.0
1784901239.021308,approach,0.011934264500935873,0.0,0.5,0.0
1784901239.042394,approach,0.013340202967325847,0.0,0.5,0.0
1784901239.063789,approach,0.01476593017578125,0.0,0.5,0.0
1784901239.084750,approach,0.016162935892740884,0.0,0.5,0.0
1784901239.105276,approach,0.017531919479370116,0.0,0.5,0.0
1784901239.129322,approach,0.019134744008382165,0.0,0.5,0.0
1784901239.149638,approach,0.02048872311909994,0.0,0.5,0.0
1784901239.171771,approach,0.02196499506632487,0.0,0.5,0.0
1784901239.192066,approach,0.023318004608154298,0.0,0.5,0.0
1784901239.212385,approach,0.024672253926595056,0.0,0.5,0.0
1784901239.235945,approach,0.026243193944295248,0.0,0.5,0.0
1784901239.259362,approach,0.027683194478352866,0.0,0.5,0.0
1784901239.280688,approach,0.029226144154866535,0.0,0.5,0.0
1784901239.302860,approach,0.030703671773274738,0.0,0.5,0.0
1784901239.325014,approach,0.032181072235107425,0.0,0.5,0.0
1784901239.349460,approach,0.033810869852701826,0.0,0.5,0.0
1784901239.374562,approach,0.03548479080200195,0.0,0.5,0.0
1784901239.398875,approach,0.03710494041442871,0.0,0.5,0.0
1784901239.423498,approach,0.03874473571777344,0.0,0.5,0.0
1784901239.448455,approach,0.04040880203247071,0.0,0.5,0.0
1784901239.469007,approach,0.04178067843119304,0.0,0.5,0.0
1784901239.491156,approach,0.04325726826985677,0.0,0.5,0.0
1784901239.512010,approach,0.04464794794718425,0.0,0.5,0.0
1784901239.532699,approach,0.04602640469868978,0.0,0.5,0.0
1784901239.557296,approach,0.04766713778177897,0.0,0.5,0.0
1784901239.579765,approach,0.04916499455769857,0.0,0.5,0.0
1784901239.600110,approach,0.0505207379659017,0.0,0.5,0.0
1784901239.620391,approach,0.0518726666768392,0.0,0.5,0.0
1784901239.641620,approach,0.05328833262125651,0.0,0.5,0.0
1784901239.666551,approach,0.0549498716990153,0.0,0.5,0.0
1784901239.688707,approach,0.05642720858256022,0.0,0.5,0.0
1784901239.712756,approach,0.05803027153015137,0.0,0.5,0.0
1784901239.737704,approach,0.059693400065104166,0.0,0.5,0.0
1784901239.759511,approach,0.06114579836527506,0.0,0.5,0.0
1784901239.780074,approach,0.06251800855000815,0.0,0.5,0.0
1784901239.805182,approach,0.06419288317362468,0.0,0.5,0.0
1784901239.829955,approach,0.06584059397379557,0.0,0.5,0.0
1784901239.853002,approach,0.0673807462056478,0.0,0.5,0.0
1784901239.874403,approach,0.06880672772725424,0.0,0.5,0.0
1784901239.899214,approach,0.07045981089274088,0.0,0.5,0.0
1784901239.922551,approach,0.07201647758483887,0.0,0.5,0.0
1784901239.944400,approach,0.07347319920857748,0.0,0.5,0.0
1784901239.969284,approach,0.07513152758280436,0.0,0.5,0.0
1784901239.989832,approach,0.07650240262349448,0.0,0.5,0.0
1784901240.013688,approach,0.07809120814005534,0.0,0.5,0.0
1784901240.037062,approach,0.07965087890625,0.0,0.5,0.0
1784901240.057920,approach,0.08104133605957031,0.0,0.5,0.0
1784901240.082706,approach,0.0826944669087728,0.0,0.5,0.0
1784901240.106835,approach,0.08430333137512208,0.0,0.5,0.0
1784901240.128628,approach,0.08575654029846191,0.0,0.5,0.0
1784901240.149294,approach,0.0871338685353597,0.0,0.5,0.0
1784901240.172608,approach,0.08868680000305176,0.0,0.5,0.0
1784901240.193039,approach,0.09005034764607749,0.0,0.5,0.0
1784901240.215627,approach,0.09155580202738445,0.0,0.5,0.0
1784901240.236948,approach,0.09297739664713542,0.0,0.5,0.0
1784901240.260989,approach,0.09458026885986329,0.0,0.5,0.0
1784901240.284054,approach,0.09611821174621582,0.0,0.5,0.0
1784901240.306950,approach,0.09764432907104492,0.0,0.5,0.0
1784901240.327920,approach,0.09904239972432455,0.0,0.5,0.0
1784901240.349431,approach,0.10047647158304851,0.0,0.5,0.0
1784901240.373597,approach,0.10208721160888673,0.0,0.5,0.0
1784901240.396957,approach,0.10364465713500977,0.0,0.5,0.0
1784901240.420150,approach,0.10518867174784344,0.0,0.5,0.0
1784901240.440994,approach,0.10658019383748372,0.0,0.5,0.0
1784901240.465213,approach,0.10819567044576009,0.0,0.5,0.0
1784901240.485997,approach,0.10957860946655273,0.0,0.5,0.0
1784901240.506673,approach,0.11095925966898601,0.0,0.5,0.0
1784901240.529999,approach,0.1125144640604655,0.0,0.5,0.0
1784901240.553603,approach,0.11408780415852865,0.0,0.5,0.0
1784901240.574865,approach,0.11550528208414715,0.0,0.5,0.0
1784901240.599221,approach,0.11712913513183594,0.0,0.5,0.0
1784901240.623972,approach,0.11877913475036622,0.0,0.5,0.0
1784901240.648684,approach,0.12042640050252279,0.0,0.5,0.0
1784901240.673033,approach,0.12204906145731609,0.0,0.5,0.0
1784901240.693884,approach,0.12343894640604657,0.0,0.5,0.0
1784901240.718563,approach,0.12508513132731122,0.0,0.5,0.0
1784901240.740067,approach,0.12651859919230143,0.0,0.5,0.0
1784901240.764813,approach,0.12816847165425618,0.0,0.5,0.0
1784901240.788152,approach,0.12972434361775717,0.0,0.5,0.0
1784901240.812067,approach,0.13131874402364094,0.0,0.5,0.0
1784901240.836139,approach,0.13292353947957355,0.0,0.5,0.0
1784901240.859135,approach,0.1344568093617757,0.0,0.5,0.0
1784901240.879432,approach,0.13580905596415202,0.0,0.5,0.0
1784901240.900727,approach,0.13722912470499676,0.0,0.5,0.0
1784901240.922833,approach,0.13870326677958172,0.0,0.5,0.0
1784901240.943148,approach,0.14005719820658366,0.0,0.5,0.0
1784901240.967170,approach,0.14165813128153484,0.0,0.5,0.0
1784901240.988354,approach,0.14307200113932292,0.0,0.5,0.0
1784901241.010144,approach,0.1445128122965495,0.0,0.5,0.0
1784901241.031981,approach,0.1459805488586426,0.0,0.5,0.0
1784901241.052322,approach,0.14733532269795735,0.0,0.5,0.0
1784901241.074050,approach,0.14878447850545248,0.0,0.5,0.0
1784901241.094522,approach,0.150149138768514,0.0,0.5,0.0
1784901241.115554,approach,0.15155140558878583,0.0,0.5,0.0
1784901241.137057,approach,0.15298460324605306,0.0,0.5,0.0
1784901241.160980,approach,0.1545797348022461,0.0,0.5,0.0
1784901241.181287,approach,0.15593366622924806,0.0,0.5,0.0
1784901241.203497,approach,0.15741392771402996,0.0,0.5,0.0
1784901241.227444,approach,0.15901066462198896,0.0,0.5,0.0
1784901241.248675,approach,0.16042607625325522,0.0,0.5,0.0
1784901241.270621,approach,0.1618868668874105,0.0,0.5,0.0
1784901241.291084,approach,0.16325340270996094,0.0,0.5,0.0
1784901241.316353,approach,0.16491839090983074,0.0,0.5,0.0
1784901241.340275,approach,0.16653265953063967,0.0,0.5,0.0
1784901241.365346,approach,0.1682043234507243,0.0,0.5,0.0
1784901241.389984,approach,0.16984659830729168,0.0,0.5,0.0
1784901241.445996,approach,0.1715094089508057,0.0,0.5,0.0
1784901241.469261,approach,0.1751318136850993,0.0,0.5,0.0
1784901241.490524,approach,0.17654932339986165,0.0,0.5,0.0
1784901241.513662,approach,0.17809081077575684,0.0,0.5,0.0
1784901241.535933,approach,0.1795734723409017,0.0,0.5,0.0
1784901241.559641,approach,0.1811571439107259,0.0,0.5,0.0
1784901241.583760,approach,0.18276487986246748,0.0,0.5,0.0
1784901241.606887,approach,0.18430673281351728,0.0,0.5,0.0
1784901241.630037,approach,0.1858500639597575,0.0,0.5,0.0
1784901241.652447,approach,0.1873439947764079,0.0,0.5,0.0
1784901241.676061,approach,0.18891839981079103,0.0,0.5,0.0
1784901241.697704,approach,0.1903610070546468,0.0,0.5,0.0
1784901241.717816,approach,0.19170207977294923,0.0,0.5,0.0
1784901241.738968,approach,0.19311213493347168,0.0,0.5,0.0
1784901241.764269,approach,0.19463146527608235,0.0,0.5,0.0
1784901241.786391,approach,0.19627353350321453,0.0,0.5,0.0
1784901241.809965,approach,0.1978453318277995,0.0,0.5,0.0
1784901241.832768,approach,0.1993654727935791,0.0,0.5,0.0
1784901241.857838,approach,0.20103686650594077,0.0,0.5,0.0
1784901241.879380,approach,0.20247286160786948,0.0,0.5,0.0
1784901241.904323,approach,0.20413587888081872,0.0,0.5,0.0
1784901241.925831,approach,0.20557014147440592,0.0,0.5,0.0
1784901241.950889,approach,0.20724040667215982,0.0,0.5,0.0
1784901241.973287,approach,0.20873346328735354,0.0,0.5,0.0
1784901241.993595,approach,0.21008745829264322,0.0,0.5,0.0
1784901242.016039,approach,0.21158353487650552,0.0,0.5,0.0
1784901242.037239,approach,0.21299673716227213,0.0,0.5,0.0
1784901242.058023,approach,0.21438272794087732,0.0,0.5,0.0
1784901242.079308,approach,0.21580160458882652,0.0,0.5,0.0
1784901242.103903,approach,0.2174410661061605,0.0,0.5,0.0
1784901242.128593,approach,0.21908713976542155,0.0,0.5,0.0
1784901242.152401,approach,0.22067400614420574,0.0,0.5,0.0
1784901242.175632,approach,0.22214907010396323,0.0,0.5,0.0
1784901242.199349,approach,0.22380433082580567,0.0,0.5,0.0
1784901242.223454,approach,0.22541112899780275,0.0,0.5,0.0
1784901242.248515,approach,0.2270817279815674,0.0,0.5,0.0
1784901242.272376,approach,0.22867253621419273,0.0,0.5,0.0
1784901242.294100,approach,0.23012099266052247,0.0,0.5,0.0
1784901242.315762,approach,0.23156499862670898,0.0,0.5,0.0
1784901242.340840,approach,0.23323693275451662,0.0,0.5,0.0
1784901242.362952,approach,0.23471113840738933,0.0,0.5,0.0
1784901242.384547,approach,0.23615074157714844,0.0,0.5,0.0
1784901242.407538,approach,0.23768353462219238,0.0,0.5,0.0
1784901242.431717,approach,0.2392953395843506,0.0,0.5,0.0
1784901242.452758,approach,0.24069873491923013,0.0,0.5,0.0
1784901242.477287,approach,0.24233339627583825,0.0,0.5,0.0
1784901242.498516,approach,0.24374887148539226,0.0,0.5,0.0
1784901242.520554,approach,0.2452173391977946,0.0,0.5,0.0
1784901242.542828,approach,0.24670287768046062,0.0,0.5,0.0
1784901242.566053,approach,0.24825092951456706,0.0,0.5,0.0
1784901242.591009,approach,0.24991587003072105,0.0,0.5,0.0
1784901242.611351,approach,0.25127092997233075,0.0,0.5,0.0
1784901242.635131,approach,0.2528563976287842,0.0,0.5,0.0
1784901242.657293,approach,0.25433379809061685,0.0,0.5,0.0
1784901242.680524,approach,0.25588355064392093,0.0,0.5,0.0
1784901242.705297,approach,0.25753420193990073,0.0,0.5,0.0
1784901242.727127,approach,0.2589894771575928,0.0,0.5,0.0
1784901242.747748,approach,0.2603640079498291,0.0,0.5,0.0
1784901242.770824,approach,0.2619025230407715,0.0,0.5,0.0
1784901242.795920,approach,0.2635757287343343,0.0,0.5,0.0
1784901242.816074,approach,0.26491926511128744,0.0,0.5,0.0
1784901242.839801,approach,0.2665010770161947,0.0,0.5,0.0
1784901242.860549,approach,0.26788433392842614,0.0,0.5,0.0
1784901242.881105,approach,0.2692553202311198,0.0,0.5,0.0
1784901242.906193,approach,0.2709272702534994,0.0,0.5,0.0
1784901242.929080,approach,0.2724521319071452,0.0,0.5,0.0
1784901242.953846,approach,0.274104388554891,0.0,0.5,0.0
1784901242.976546,approach,0.2756172021230062,0.0,0.5,0.0
1784901242.999303,approach,0.2771344025929769,0.0,0.5,0.0
1784901243.023834,approach,0.2787699381510417,0.0,0.5,0.0
1784901243.048512,approach,0.28041507403055826,0.0,0.5,0.0
1784901243.073016,approach,0.28204873402913416,0.0,0.5,0.0
1784901243.095689,approach,0.2835604031880697,0.0,0.5,0.0
1784901243.116972,approach,0.28497934341430664,0.0,0.5,0.0
1784901243.138230,approach,0.2863962014516195,0.0,0.5,0.0
1784901243.162295,approach,0.2879980723063151,0.0,0.5,0.0
1784901243.185532,approach,0.289549732208252,0.0,0.5,0.0
1784901243.209831,approach,0.29116961161295574,0.0,0.5,0.0
1784901243.235159,approach,0.2927950700124105,0.0,0.5,0.0
1784901243.256750,approach,0.2942972660064697,0.0,0.5,0.0
1784901243.279915,approach,0.29584166208902996,0.0,0.5,0.0
1784901243.300671,approach,0.2972255229949951,0.0,0.5,0.0
1784901243.325276,approach,0.2988660017649333,0.0,0.5,0.0
1784901243.349360,approach,0.30047154426574707,0.0,0.5,0.0
1784901243.370568,approach,0.30188520749409997,0.0,0.5,0.0
1784901243.392013,approach,0.30331494013468424,0.0,0.5,0.0
1784901243.416617,approach,0.3049552122751872,0.0,0.5,0.0
1784901243.440067,approach,0.30651626586914066,0.0,0.5,0.0
1784901243.465041,approach,0.30818312962849936,0.0,0.5,0.0
1784901243.489958,approach,0.3098450660705567,0.0,0.5,0.0
1784901243.514329,approach,0.3114160696665446,0.0,0.5,0.0
1784901243.536136,approach,0.3129233996073405,0.0,0.5,0.0
1784901243.557362,approach,0.3143382708231608,0.0,0.5,0.0
1784901243.579825,approach,0.31583499908447266,0.0,0.5,0.0
1784901243.599963,approach,0.31717720031738283,0.0,0.5,0.0
1784901243.620108,approach,0.31852173805236816,0.0,0.5,0.0
1784901243.640386,approach,0.319871997833252,0.0,0.5,0.0
1784901243.665528,approach,0.32154693603515627,0.0,0.5,0.0
1784901243.689124,approach,0.32312113444010415,0.0,0.5,0.0
1784901243.713488,approach,0.3247354825337728,0.0,0.5,0.0
1784901243.737817,approach,0.32636826833089194,0.0,0.5,0.0
1784901243.759154,approach,0.32779033978780114,0.0,0.5,0.0
1784901243.784374,approach,0.32947133382161464,0.0,0.5,0.0
1784901243.804691,approach,0.33082653681437174,0.0,0.5,0.0
1784901243.829597,approach,0.33247734705607096,0.0,0.5,0.0
1784901243.852688,approach,0.3340265432993571,0.0,0.5,0.0
1784901243.877795,approach,0.3356998761494955,0.0,0.5,0.0
1784901243.901146,approach,0.3372567494710287,0.0,0.5,0.0
1784901243.924199,approach,0.33865693410237635,0.0,0.5,0.0
1784901243.948756,approach,0.34042906761169434,0.0,0.5,0.0
1784901243.970973,approach,0.3419116020202637,0.0,0.5,0.0
1784901243.992806,approach,0.34336746533711754,0.0,0.5,0.0
1784901244.016655,approach,0.34495685895284023,0.0,0.5,0.0
1784901244.041090,approach,0.34658659299214684,0.0,0.5,0.0
1784901244.063133,approach,0.34805634816487635,0.0,0.5,0.0
1784901244.086202,approach,0.34959440231323247,0.0,0.5,0.0
1784901244.106473,approach,0.3509460767110189,0.0,0.5,0.0
1784901244.129585,approach,0.3524866580963135,0.0,0.5,0.0
1784901244.152710,approach,0.3540280024210612,0.0,0.5,0.0
1784901244.176716,approach,0.3556282838185629,0.0,0.5,0.0
1784901244.200722,approach,0.35722867647806805,0.0,0.5,0.0
1784901244.224802,approach,0.3588338057200114,0.0,0.5,0.0
1784901244.245891,approach,0.360239855448405,0.0,0.5,0.0
1784901244.270834,approach,0.3619024594624838,0.0,0.5,0.0
1784901244.295774,approach,0.3635625998179118,0.0,0.5,0.0
1784901244.316993,approach,0.3649792035420736,0.0,0.5,0.0
1784901244.340053,approach,0.3665177345275879,0.0,0.5,0.0
1784901244.364538,approach,0.36814746856689456,0.0,0.5,0.0
1784901244.387092,approach,0.3696532726287842,0.0,0.5,0.0
1784901244.407687,approach,0.3710264046986898,0.0,0.5,0.0
1784901244.432397,approach,0.3726726055145264,0.0,0.5,0.0
1784901244.452666,approach,0.37402559916178385,0.0,0.5,0.0
1784901244.476679,approach,0.3756255944569906,0.0,0.5,0.0
1784901244.500018,approach,0.3771812756856283,0.0,0.5,0.0
1784901244.523748,approach,0.3787643273671468,0.0,0.5,0.0
1784901244.548656,approach,0.38042461077372236,0.0,0.5,0.0
1784901244.572828,approach,0.38203600247701014,0.0,0.5,0.0
1784901244.592947,approach,0.3833784103393555,0.0,0.5,0.0
1784901244.618004,approach,0.38504813512166347,0.0,0.5,0.0
1784901244.642695,approach,0.38669439951578777,0.0,0.5,0.0
1784901244.666818,approach,0.38830213546752934,0.0,0.5,0.0
1784901244.688048,approach,0.3897177378336589,0.0,0.5,0.0
1784901244.709329,approach,0.3911362648010254,0.0,0.5,0.0
1784901244.732407,approach,0.3926743984222412,0.0,0.5,0.0
1784901244.756995,approach,0.3943140824635824,0.0,0.5,0.0
1784901244.778642,approach,0.395757007598877,0.0,0.5,0.0
1784901244.801983,approach,0.3973130702972412,0.0,0.5,0.0
1784901244.822626,approach,0.3986892064412435,0.0,0.5,0.0
1784901244.847720,approach_hold,0.4,0.0,0.5,0.0
1784901244.870154,approach_hold,0.4,0.0037561125412328062,0.5,0.0
1784901244.895233,approach_hold,0.4,0.007948225728389243,0.5,0.0
1784901244.915514,approach_hold,0.4,0.011319811448051482,0.5,0.0
1784901244.939129,approach_hold,0.4,0.015221352435842186,0.5,0.0
1784901244.964225,approach_hold,0.4,0.019326987452729302,0.5,0.0
1784901244.985567,approach_hold,0.4,0.02277519764800619,0.5,0.0
1784901245.007468,approach_hold,0.4,0.02626927725464615,0.5,0.0
1784901245.028589,approach_hold,0.4,0.02958508626335405,0.5,0.0
1784901245.058201,approach_hold,0.4,0.0329628103179749,0.5,0.0
1784901245.082655,approach_hold,0.4,0.03779429333075178,0.5,0.0
1784901245.103707,approach_hold,0.4,0.040865113330610166,0.5,0.0
1784901245.124666,approach_hold,0.4,0.04384405568545704,0.5,0.0
1784901245.149840,approach_hold,0.4,0.04727576251050764,0.5,0.0
1784901245.174323,approach_hold,0.4,0.050554068742259796,0.5,0.0
1784901245.196689,approach_hold,0.4,0.05340266043431531,0.5,0.0
1784901245.217173,approach_hold,0.4,0.055906800077531606,0.5,0.0
1784901245.239140,approach_hold,0.4,0.05847984355156477,0.5,0.0
1784901245.259438,approach_hold,0.4,0.06074715975763909,0.5,0.0
1784901245.284597,approach_hold,0.4,0.06340496143143126,0.5,0.0
1784901245.308243,approach_hold,0.4,0.06574189815715899,0.5,0.0
1784901245.333310,approach_hold,0.4,0.06804351732640722,0.5,0.0
1784901245.358230,approach_hold,0.4,0.07001441183784989,0.5,0.0
1784901245.378513,approach_hold,0.4,0.0717162703904933,0.5,0.0
1784901245.402918,approach_hold,0.4,0.07343318746245955,0.5,0.0
1784901245.427998,approach_hold,0.4,0.07499900047032028,0.5,0.0
1784901245.452534,approach_hold,0.4,0.07632943715677899,0.5,0.0
1784901245.476058,approach_hold,0.4,0.07741692482169053,0.5,0.0
1784901245.501150,approach_hold,0.4,0.07836924254970087,0.5,0.0
1784901245.521581,approach_hold,0.4,0.07898503975469694,0.5,0.0
1784901245.546662,approach_hold,0.4,0.07954298725941258,0.5,0.0
1784901245.571433,approach_hold,0.4,0.07987879276502763,0.5,0.0
1784901245.594675,approach_hold,0.4,0.07999838779462444,0.5,0.0
1784901245.614896,approach_hold,0.4,0.07994830321222546,0.5,0.0
1784901245.635060,approach_hold,0.4,0.07975555207827041,0.5,0.0
1784901245.659259,approach_hold,0.4,0.07933651334207094,0.5,0.0
1784901245.680617,approach_hold,0.4,0.07879720117123178,0.5,0.0
1784901245.703852,approach_hold,0.4,0.07803193049613494,0.5,0.0
1784901245.725590,approach_hold,0.4,0.07714830320205143,0.5,0.0
1784901245.748518,approach_hold,0.4,0.07604342829625661,0.5,0.0
1784901245.769960,approach_hold,0.4,0.07485097932826325,0.5,0.0
1784901245.794015,approach_hold,0.4,0.07333387779579528,0.5,0.0
1784901245.815462,approach_hold,0.4,0.0718250294019269,0.5,0.0
1784901245.836221,approach_hold,0.4,0.07022560108877722,0.5,0.0
1784901245.857961,approach_hold,0.4,0.06840866708920854,0.5,0.0
1784901245.881577,approach_hold,0.4,0.06627400348866758,0.5,0.0
1784901245.904665,approach_hold,0.4,0.06403079409891585,0.5,0.0
1784901245.928647,approach_hold,0.4,0.0615408776364887,0.5,0.0
1784901245.950667,approach_hold,0.4,0.05912097141940221,0.5,0.0
1784901245.972292,approach_hold,0.4,0.056620182821236,0.5,0.0
1784901245.993976,approach_hold,0.4,0.05399277553511052,0.5,0.0
1784901246.015519,approach_hold,0.4,0.05127574916218459,0.5,0.0
1784901246.038260,approach_hold,0.4,0.04829384537004074,0.5,0.0
1784901246.060817,approach_hold,0.4,0.04523073930509483,0.5,0.0
1784901246.081877,approach_hold,0.4,0.04227446265071224,0.5,0.0
1784901246.106925,approach_hold,0.4,0.03865478408169845,0.5,0.0
1784901246.129888,approach_hold,0.4,0.03524301309311678,0.5,0.0
1784901246.151134,approach_hold,0.4,0.03201705798415466,0.5,0.0
1784901246.175139,approach_hold,0.4,0.02829179695030595,0.5,0.0
1784901246.199383,approach_hold,0.4,0.024453490871392664,0.5,0.0
1784901246.224244,approach_hold,0.4,0.020456187816625632,0.5,0.0
1784901246.245438,approach_hold,0.4,0.01700495347127835,0.5,0.0
1784901246.267178,approach_hold,0.4,0.013431873801843438,0.5,0.0
1784901246.291200,approach_hold,0.4,0.009448111526081741,0.5,0.0
1784901246.311843,approach_hold,0.4,0.006006428697822319,0.5,0.0
1784901246.332031,approach_hold,0.4,0.00262611070666188,0.5,0.0
1784901246.357080,approach_hold,0.4,-0.001570511674151997,0.5,0.0
1784901246.380986,approach_hold,0.4,-0.005565728100943105,0.5,0.0
1784901246.405594,approach_hold,0.4,-0.009672276265581809,0.5,0.0
1784901246.426376,approach_hold,0.4,-0.013118064618213205,0.5,0.0
1784901246.449548,approach_hold,0.4,-0.01693156108767416,0.5,0.0
1784901246.474320,approach_hold,0.4,-0.02096366520293951,0.5,0.0
1784901246.499317,approach_hold,0.4,-0.0249753665230524,0.5,0.0
1784901246.520357,approach_hold,0.4,-0.02829912054409038,0.5,0.0
1784901246.540682,approach_hold,0.4,-0.031456750627672066,0.5,0.0
1784901246.564663,approach_hold,0.4,-0.03511112449721225,0.5,0.0
1784901246.589675,approach_hold,0.4,-0.03882642842146192,0.5,0.0
1784901246.614762,approach_hold,0.4,-0.04244725502711253,0.5,0.0
1784901246.635732,approach_hold,0.4,-0.045383997986204065,0.5,0.0
1784901246.658764,approach_hold,0.4,-0.04850806381266639,0.5,0.0
1784901246.683826,approach_hold,0.4,-0.0517799128890312,0.5,0.0
1784901246.707669,approach_hold,0.4,-0.05475813516608368,0.5,0.0
1784901246.732520,approach_hold,0.4,-0.057718056866357455,0.5,0.0
1784901246.752967,approach_hold,0.4,-0.06003613749992257,0.5,0.0
1784901246.775020,approach_hold,0.4,-0.06241189815503398,0.5,0.0
1784901246.799131,approach_hold,0.4,-0.06485952457006072,0.5,0.0
1784901246.823122,approach_hold,0.4,-0.06713029513342544,0.5,0.0
1784901246.843834,approach_hold,0.4,-0.06895400753206116,0.5,0.0
1784901246.865578,approach_hold,0.4,-0.07072935680999966,0.5,0.0
1784901246.890507,approach_hold,0.4,-0.07258354143140043,0.5,0.0
1784901246.915042,approach_hold,0.4,-0.07421225193118557,0.5,0.0
1784901246.940094,approach_hold,0.4,-0.07567992763076066,0.5,0.0
1784901246.964359,approach_hold,0.4,-0.0768991024448884,0.5,0.0
1784901246.987789,approach_hold,0.4,-0.07788871466281855,0.5,0.0
1784901247.010652,approach_hold,0.4,-0.07867345439637558,0.5,0.0
1784901247.032639,approach_hold,0.4,-0.0792579597742566,0.5,0.0
1784901247.057585,approach_hold,0.4,-0.07971753076278748,0.5,0.0
1784901247.082642,approach_hold,0.4,-0.07996011289570759,0.5,0.0
1784901247.107546,approach_hold,0.4,-0.0799830740835213,0.5,0.0
1784901247.127741,approach_hold,0.4,-0.0798419604346003,0.5,0.0
1784901247.152660,approach_hold,0.4,-0.07947097637808394,0.5,0.0
1784901247.174772,approach_hold,0.4,-0.07896056274905379,0.5,0.0
1784901247.196978,approach_hold,0.4,-0.07827763789292519,0.5,0.0
1784901247.217272,approach_hold,0.4,-0.07750525089858677,0.5,0.0
1784901247.238516,approach_hold,0.4,-0.07654725581773143,0.5,0.0
1784901247.263449,approach_hold,0.4,-0.07522861549803869,0.5,0.0
1784901247.283743,approach_hold,0.4,-0.0740054717338723,0.5,0.0
1784901247.306284,approach_hold,0.4,-0.07248942701767,0.5,0.0
1784901247.329313,approach_hold,0.4,-0.07077373206455921,0.5,0.0
1784901247.351330,approach_hold,0.4,-0.06897858414379708,0.5,0.0
1784901247.371431,approach_hold,0.4,-0.06721202839498666,0.5,0.0
1784901247.394556,approach_hold,0.4,-0.06503155057984396,0.5,0.0
1784901247.417982,approach_hold,0.4,-0.06266884992439227,0.5,0.0
1784901247.441018,approach_hold,0.4,-0.06019878054040728,0.5,0.0
1784901247.464166,approach_hold,0.4,-0.057575327896663614,0.5,0.0
1784901247.485900,approach_hold,0.4,-0.05498775162638195,0.5,0.0
1784901247.506264,approach_hold,0.4,-0.05245683319752762,0.5,0.0
1784901247.531335,approach_hold,0.4,-0.04921600781494159,0.5,0.0
1784901247.555280,approach_hold,0.4,-0.04599565094275141,0.5,0.0
1784901247.575452,approach_hold,0.4,-0.043186248360288775,0.5,0.0
1784901247.596035,approach_hold,0.4,-0.04024962241834189,0.5,0.0
1784901247.619688,approach_hold,0.4,-0.03677308310212012,0.5,0.0
1784901247.640051,approach_hold,0.4,-0.0337100715848649,0.5,0.0
1784901247.660335,approach_hold,0.4,-0.030595814319995012,0.5,0.0
1784901247.684368,approach_hold,0.4,-0.026842235045186357,0.5,0.0
1784901247.709274,approach_hold,0.4,-0.02287206422377595,0.5,0.0
1784901247.731470,approach_hold,0.4,-0.01954790318670521,0.5,0.0
1784901247.756573,approach_hold,0.4,-0.015181073885993657,0.5,0.0
1784901247.779961,approach_hold,0.4,-0.011316568708455401,0.5,0.0
1784901247.804225,approach_hold,0.4,-0.007279282599079497,0.5,0.0
1784901247.827696,approach_hold,0.4,-0.0033552377071310014,0.5,0.0
1784901247.852315,approach_hold,0.4,0.0007688560860469386,0.5,0.0
1784901247.873682,approach_hold,0.4,0.004347132779053492,0.5,0.0
1784901247.894843,approach_hold,0.4,0.007877547518919283,0.5,0.0
1784901247.915013,approach_hold,0.4,0.01123940964962575,0.5,0.0
1784901247.937280,approach_hold,0.4,0.014914908189413363,0.5,0.0
1784901247.957749,approach_hold,0.4,0.018271474971564013,0.5,0.0
1784901247.981052,approach_hold,0.4,0.022047703971989276,0.5,0.0
1784901248.003011,approach_hold,0.4,0.025561184510053733,0.5,0.0
1784901248.023390,approach_hold,0.4,0.02877430856772053,0.5,0.0
1784901248.045676,approach_hold,0.4,0.032223879094360156,0.5,0.0
1784901248.069211,approach_hold,0.4,0.035792420844394573,0.5,0.0
1784901248.094204,approach_hold,0.4,0.03948766360283208,0.5,0.0
1784901248.119126,approach_hold,0.4,0.04306370839794689,0.5,0.0
1784901248.142945,approach_hold,0.4,0.04636897349358152,0.5,0.0
1784901248.166506,approach_hold,0.4,0.0495282876770572,0.5,0.0
1784901248.190928,approach_hold,0.4,0.05267629724390426,0.5,0.0
1784901248.216041,approach_hold,0.4,0.05577074601018872,0.5,0.0
1784901248.239499,approach_hold,0.4,0.05851712062728072,0.5,0.0
1784901248.263325,approach_hold,0.4,0.0610517175543434,0.5,0.0
1784901248.284493,approach_hold,0.4,0.06339258472114746,0.5,0.0
1784901248.309399,approach_hold,0.4,0.0658512191919433,0.5,0.0
1784901248.331902,approach_hold,0.4,0.06791456441693117,0.5,0.0
1784901248.357547,approach_hold,0.4,0.07006307832312707,0.5,0.0
1784901248.380549,approach_hold,0.4,0.07186296863246842,0.5,0.0
1784901248.403658,approach_hold,0.4,0.07334442631320263,0.5,0.0
1784901248.427567,approach_hold,0.4,0.07497150665014286,0.5,0.0
1784901248.452547,approach_hold,0.4,0.076329437156779,0.5,0.0
1784901248.477599,approach_hold,0.4,0.07747984798730079,0.5,0.0
1784901248.499461,approach_hold,0.4,0.07831080319011233,0.5,0.0
1784901248.520189,approach_hold,0.4,0.0789462584085696,0.5,0.0
1784901248.543804,approach_hold,0.4,0.07948990707408402,0.5,0.0
1784901248.566060,approach_hold,0.4,0.07982370057554383,0.5,0.0
1784901248.587054,approach_hold,0.4,0.07997993488692631,0.5,0.0
1784901248.609363,approach_hold,0.4,0.07997624934653538,0.5,0.0
1784901248.629869,approach_hold,0.4,0.07981904765524261,0.5,0.0
1784901248.650668,approach_hold,0.4,0.07950864425814637,0.5,0.0
1784901248.673398,approach_hold,0.4,0.07899891540589374,0.5,0.0
1784901248.698564,approach_hold,0.4,0.07822330912915351,0.5,0.0
1784901248.719334,approach_hold,0.4,0.07742056859029574,0.5,0.0
1784901248.741563,approach_hold,0.4,0.07639896762971742,0.5,0.0
1784901248.766700,approach_hold,0.4,0.07504389088914709,0.5,0.0
1784901248.787349,approach_hold,0.4,0.07378031188260441,0.5,0.0
1784901248.809695,approach_hold,0.4,0.07225143501425217,0.5,0.0
1784901248.833714,approach_hold,0.4,0.07042662665670539,0.5,0.0
1784901248.855654,land,0.3955790102481842,0.04012848064303398,0.5019322037696838,-1.711539387702942
1784901248.879696,land,0.3955790102481842,0.04012848064303398,0.4965033764470263,-1.711539387702942
1784901248.903272,land,0.3955790102481842,0.04012848064303398,0.4911737321100489,-1.711539387702942
1784901248.924797,land,0.3955790102481842,0.04012848064303398,0.4863109104623263,-1.711539387702942
1784901248.946108,land,0.3955790102481842,0.04012848064303398,0.4814874710864842,-1.711539387702942
1784901248.969577,land,0.3955790102481842,0.04012848064303398,0.47618492563152587,-1.711539387702942
1784901248.994622,land,0.3955790102481842,0.04012848064303398,0.47052427626249055,-1.711539387702942
1784901249.015336,land,0.3955790102481842,0.04012848064303398,0.465847213949165,-1.711539387702942
1784901249.040398,land,0.3955790102481842,0.04012848064303398,0.4601845173484861,-1.711539387702942
1784901249.062546,land,0.3955790102481842,0.04012848064303398,0.4551836153138552,-1.711539387702942
1784901249.087019,land,0.3955790102481842,0.04012848064303398,0.44965134891867964,-1.711539387702942
1784901249.109323,land,0.3955790102481842,0.04012848064303398,0.4446118727299222,-1.711539387702942
1784901249.131741,land,0.3955790102481842,0.04012848064303398,0.439545890278832,-1.711539387702942
1784901249.152052,land,0.3955790102481842,0.04012848064303398,0.4349567511771468,-1.711539387702942
1784901249.174382,land,0.3955790102481842,0.04012848064303398,0.42991027130118764,-1.711539387702942
1784901249.196357,land,0.3955790102481842,0.04012848064303398,0.42494508807128567,-1.711539387702942
1784901249.219882,land,0.3955790102481842,0.04012848064303398,0.41963063634808434,-1.711539387702942
1784901249.240970,land,0.3955790102481842,0.04012848064303398,0.41486565082311844,-1.711539387702942
1784901249.264652,land,0.3955790102481842,0.04012848064303398,0.40951278656934137,-1.711539387702942
1784901249.286728,land,0.3955790102481842,0.04012848064303398,0.40452497604232607,-1.711539387702942
1784901249.309091,land,0.3955790102481842,0.04012848064303398,0.3994798430292903,-1.711539387702942
1784901249.329271,land,0.3955790102481842,0.04012848064303398,0.3949110684950071,-1.711539387702942
1784901249.353909,land,0.3955790102481842,0.04012848064303398,0.38934410691092436,-1.711539387702942
1784901249.406113,land,0.3955790102481842,0.04012848064303398,0.3844811236396509,-1.711539387702942
1784901249.429977,land,0.3955790102481842,0.04012848064303398,0.37215625040008715,-1.711539387702942
1784901249.451109,land,0.3955790102481842,0.04012848064303398,0.3673836146937163,-1.711539387702942
1784901249.472394,land,0.3955790102481842,0.04012848064303398,0.3625719199625663,-1.711539387702942
1784901249.494523,land,0.3955790102481842,0.04012848064303398,0.35756967106501203,-1.711539387702942
1784901249.515036,land,0.3955790102481842,0.04012848064303398,0.3529358161142696,-1.711539387702942
1784901249.535306,land,0.3955790102481842,0.04012848064303398,0.3483559434294975,-1.711539387702942
1784901249.559912,land,0.3955790102481842,0.04012848064303398,0.3427964704032689,-1.711539387702942
1784901249.580362,land,0.3955790102481842,0.04012848064303398,0.33817635345434527,-1.711539387702942
1784901249.601576,land,0.3955790102481842,0.04012848064303398,0.3333786660975988,-1.711539387702942
1784901249.622741,land,0.3955790102481842,0.04012848064303398,0.3285985957078907,-1.711539387702942
1784901249.644050,land,0.3955790102481842,0.04012848064303398,0.32378189064666574,-1.711539387702942
1784901249.666226,land,0.3955790102481842,0.04012848064303398,0.31877630152906133,-1.711539387702942
1784901249.689313,land,0.3955790102481842,0.04012848064303398,0.31355580696339724,-1.711539387702942
1784901249.709510,land,0.3955790102481842,0.04012848064303398,0.30899398224179886,-1.711539387702942
1784901249.731724,land,0.3955790102481842,0.04012848064303398,0.3039691599216482,-1.711539387702942
1784901249.753135,land,0.3955790102481842,0.04012848064303398,0.2991326290381906,-1.711539387702942
1784901249.773275,land,0.3955790102481842,0.04012848064303398,0.2945829799574199,-1.711539387702942
1784901249.793722,land,0.3955790102481842,0.04012848064303398,0.2899671729698511,-1.711539387702942
1784901249.817569,land,0.3955790102481842,0.04012848064303398,0.28457018548670304,-1.711539387702942
1784901249.842516,land,0.3955790102481842,0.04012848064303398,0.2789377663645425,-1.711539387702942
1784901249.865987,land,0.3955790102481842,0.04012848064303398,0.27363344305052517,-1.711539387702942
1784901249.890530,land,0.3955790102481842,0.04012848064303398,0.26809007850486066,-1.711539387702942
1784901249.915070,land,0.3955790102481842,0.04012848064303398,0.2625427811194598,-1.711539387702942
1784901249.939001,land,0.3955790102481842,0.04012848064303398,0.2571324866306284,-1.711539387702942
1784901249.959358,land,0.3955790102481842,0.04012848064303398,0.2525343504846148,-1.711539387702942
1784901249.984503,land,0.3955790102481842,0.04012848064303398,0.24685085832039844,-1.711539387702942
1784901250.008282,land,0.3955790102481842,0.04012848064303398,0.24147509739692335,-1.711539387702942
1784901250.030900,land,0.3955790102481842,0.04012848064303398,0.23636806256392756,-1.711539387702942
1784901250.053504,land,0.3955790102481842,0.04012848064303398,0.23126975540267553,-1.711539387702942
1784901250.075083,land,0.3955790102481842,0.04012848064303398,0.22638010424551852,-1.711539387702942
1784901250.099961,land,0.3955790102481842,0.04012848064303398,0.22075829840319444,-1.711539387702942
1784901250.124035,land,0.3955790102481842,0.04012848064303398,0.21532015078910688,-1.711539387702942
1784901250.147393,land,0.3955790102481842,0.04012848064303398,0.2100441115964813,-1.711539387702942
1784901250.171025,land,0.3955790102481842,0.04012848064303398,0.20470746357230213,-1.711539387702942
1784901250.193389,land,0.3955790102481842,0.04012848064303398,0.1996510169107097,-1.711539387702942
1784901250.213568,land,0.3955790102481842,0.04012848064303398,0.1950908084246194,-1.711539387702942
1784901250.234017,land,0.3955790102481842,0.04012848064303398,0.19050053795807853,-1.711539387702942
1784901250.257000,land,0.3955790102481842,0.04012848064303398,0.18527616442719502,-1.711539387702942
1784901250.280575,land,0.3955790102481842,0.04012848064303398,0.1799465200902176,-1.711539387702942
1784901250.303623,land,0.3955790102481842,0.04012848064303398,0.1747407332676772,-1.711539387702942
1784901250.326629,land,0.3955790102481842,0.04012848064303398,0.1695426505010587,-1.711539387702942
1784901250.349462,land,0.3955790102481842,0.04012848064303398,0.16437883192721187,-1.711539387702942
1784901250.371020,land,0.3955790102481842,0.04012848064303398,0.1595101918316601,-1.711539387702942
1784901250.396089,land,0.3955790102481842,0.04012848064303398,0.15384431663448195,-1.711539387702942
1784901250.421061,land,0.3955790102481842,0.04012848064303398,0.14820101485990023,-1.711539387702942
1784901250.443644,land,0.3955790102481842,0.04012848064303398,0.14309963685118277,-1.711539387702942
1784901250.466438,land,0.3955790102481842,0.04012848064303398,0.13795009502432404,-1.711539387702942
1784901250.487480,land,0.3955790102481842,0.04012848064303398,0.1331955611556438,-1.711539387702942
1784901250.510847,land,0.3955790102481842,0.04012848064303398,0.12791855222171333,-1.711539387702942
1784901250.531118,land,0.3955790102481842,0.04012848064303398,0.12333506994430649,-1.711539387702942
1784901250.554009,land,0.3955790102481842,0.04012848064303398,0.11816155395741107,-1.711539387702942
1784901250.576342,land,0.3955790102481842,0.04012848064303398,0.1131148047088672,-1.711539387702942
1784901250.599777,land,0.3955790102481842,0.04012848064303398,0.10781953231369529,-1.711539387702942
1784901250.620205,land,0.3955790102481842,0.04012848064303398,0.10320372532612648,-1.711539387702942
1784901250.670371,land,0.3955790102481842,0.04012848064303398,0.09851384087777004,-1.711539387702942
1784901250.693556,land,0.3955790102481842,0.04012848064303398,0.08662621321766295,-1.711539387702942
1784901250.717698,land,0.3955790102481842,0.04012848064303398,0.08117384273110417,-1.711539387702942
1784901250.737875,land,0.3955790102481842,0.04012848064303398,0.0766134187469461,-1.711539387702942
1784901250.761950,land,0.3955790102481842,0.04012848064303398,0.07117300840314728,-1.711539387702942
1784901250.785822,land,0.3955790102481842,0.04012848064303398,0.06577925339101537,-1.711539387702942
1784901250.809046,land,0.3955790102481842,0.04012848064303398,0.0605316060688153,-1.711539387702942
1784901250.829918,land,0.3955790102481842,0.04012848064303398,0.055812090636143785,-1.711539387702942
1784901250.852327,land,0.3955790102481842,0.04012848064303398,0.05074793991862947,-1.711539387702942
