t,x,y,z,vx,vy,vz,qw,qx,qy,qz,wx,wy,wz,motor_0_thrust_n,motor_1_thrust_n,motor_2_thrust_n,motor_3_thrust_n
0.000000000,0.0,0.0,1.1,0.0,0.0,0.0,1.0,0.0,0.0,0.0,0.0,0.0,0.0,0.10638945000000001,0.10638945000000001,0.10638945000000001,0.10638945000000001
0.020000000,0.0,0.0,1.1,0.0,0.0,0.0,1.0,0.0,0.0,0.0,0.0,0.0,0.0,0.10638945000000001,0.10638945000000001,0.10638945000000001,0.10638945000000001
0.040000000,0.0,0.0,1.1,0.0,0.0,0.0,1.0,0.0,0.0,0.0,0.0,0.0,0.0,0.10638945000000001,0.10638945000000001,0.10638945000000001,0.10638945000000001
0.060000000,0.0,0.0,1.1,0.0,0.0,0.0,1.0,0.0,0.0,0.0,0.0,0.0,0.0,0.10638945000000001,0.10638945000000001,0.10638945000000001,0.10638945000000001
0.080000000,0.0,0.0,1.1,0.0,0.0,0.0,1.0,0.0,0.0,0.0,0.0,0.0,0.0,0.10638945000000001,0.10638945000000001,0.10638945000000001,0.10638945000000001
0.100000000,0.0,0.0,1.1,0.0,0.0,0.0,1.0,0.0,0.0,0.0,0.0,0.0,0.0,0.10638945000000001,0.10638945000000001,0.10638945000000001,0.10638945000000001
0.120000000,0.0,0.0,1.1,0.0,0.0,0.0,1.0,0.0,0.0,0.0,0.0,0.0,0.0,0.10638945000000001,0.10638945000000001,0.10638945000000001,0.10638945000000001
0.140000000,0.0,0.0,1.1,0.0,0.0,0.0,1.0,0.0,0.0,0.0,0.0,0.0,0.0,0.10638945000000001,0.10638945000000001,0.10638945000000001,0.10638945000000001
0.160000000,0.0,0.0,1.1,0.0,0.0,0.0,1.0,0.0,0.0,0.0,0.0,0.0,0.0,0.10638945000000001,0.10638945000000001,0.10638945000000001,0.10638945000000001
0.180000000,0.0,0.0,1.1,0.0,0.0,0.0,1.0,0.0,0.0,0.0,0.0,0.0,0.0,0.10638945000000001,0.10638945000000001,0.10638945000000001,0.10638945000000001
0.200000000,0.0,0.0,1.1,0.0,0.0,0.0,1.0,0.0,0.0,0.0,0.0,0.0,0.0,0.10638945000000001,0.10638945000000001,0.10638945000000001,0.10638945000000001
0.220000000,0.0,0.0,1.1,0.0,0.0,0.0,1.0,0.0,0.0,0.0,0.0,0.0,0.0,0.10638945000000001,0.10638945000000001,0.10638945000000001,0.10638945000000001
0.240000000,0.0,0.0,1.1,0.0,0.0,0.0,1.0,0.0,0.0,0.0,0.0,0.0,0.0,0.10638945000000001,0.10638945000000001,0.10638945000000001,0.10638945000000001
0.260000000,0.0,0.0,1.1,0.0,0.0,0.0,1.0,0.0,0.0,0.0,0.0,0.0,0.0,0.10638945000000001,0.10638945000000001,0.10638945000000001,0.10638945000000001
0.280000000,0.0,0.0,1.1,0.0,0.0,0.0,1.0,0.0,0.0,0.0,0.0,0.0,0.0,0.10638945000000001,0.10638945000000001,0.10638945000000001,0.10638945000000001
0.300000000,0.0,0.0,1.1,0.0,0.0,0.0,1.0,0.0,0.0,0.0,0.0,0.0,0.0,0.10638945000000001,0.10638945000000001,0.10638945000000001,0.10638945000000001
0.320000000,0.0,0.0,1.1,0.0,0.0,0.0,1.0,0.0,0.0,0.0,0.0,0.0,0.0,0.10638945000000001,0.10638945000000001,0.10638945000000001,0.10638945000000001
0.340000000,0.0,0.0,1.1,0.0,0.0,0.0,1.0,0.0,0.0,0.0,0.0,0.0,0.0,0.10638945000000001,0.10638945000000001,0.10638945000000001,0.10638945000000001
0.360000000,0.0,0.0,1.1,0.0,0.0,0.0,1.0,0.0,0.0,0.0,0.0,0.0,0.0,0.10638945000000001,0.10638945000000001,0.10638945000000001,0.10638945000000001
0.380000000,0.0,0.0,1.1,0.0,0.0,0.0,1.0,0.0,0.0,0.0,0.0,0.0,0.0,0.10638945000000001,0.10638945000000001,0.10638945000000001,0.10638945000000001
0.400000000,0.0,0.0,1.1,0.0,0.0,0.0,1.0,0.0,0.0,0.0,0.0,0.0,0.0,0.10638945000000001,0.10638945000000001,0.10638945000000001,0.10638945000000001
0.420000000,0.0,0.0,1.1,0.0,0.0,0.0,1.0,0.0,0.0,0.0,0.0,0.0,0.0,0.10638945000000001,0.10638945000000001,0.10638945000000001,0.10638945000000001
0.440000000,0.0,0.0,1.1,0.0,0.0,0.0,1.0,0.0,0.0,0.0,0.0,0.0,0.0,0.10638945000000001,0.10638945000000001,0.10638945000000001,0.10638945000000001
0.460000000,0.0,0.0,1.1,0.0,0.0,0.0,1.0,0.0,0.0,0.0,0.0,0.0,0.0,0.10638945000000001,0.10638945000000001,0.10638945000000001,0.10638945000000001
0.480000000,0.0,0.0,1.1,0.0,0.0,0.0,1.0,0.0,0.0,0.0,0.0,0.0,0.0,0.10325912171986623,0.10951977828013379,0.10951977828013379,0.10325912171986623
0.500000000,0.0,0.0,1.1,0.0,0.0,0.0,1.0,0.0,0.0,0.0,0.0,0.6324157505378853,0.0,0.10025457063871143,0.11252432936128859,0.11252432936128859,0.10025457063871143
0.520000000,1.6709844460317817e-05,0.0,1.1000000001396095,0.0024983545934578514,0.0,4.174711666922954e-08,0.999920011130087,0.0,0.012647977767484631,0.0,0.0,1.2394209132477567,0.0,0.10367233931015009,0.10917488494752024,0.10917488494752024,0.10367233931015009
0.540000000,0.0001323825942748453,0.0,1.1000000087625756,0.009864055013315809,0.0,1.3058292041749677e-06,0.9996927828916417,0.0,0.02478587973756708,0.0,0.0,1.1882514677070912,0.0,0.10703189087453756,0.10601228025473013,0.10601228025473013,0.10703189087453756
0.560000000,0.00044243945353323607,0.0,1.10000009787634,0.021904950665003774,0.0,9.691615350476602e-06,0.9993371074267913,0.0,0.0364052979640841,0.0,0.0,1.1364256747812094,0.0,0.10719704271110574,0.10616468959306279,0.10616468959306279,0.10719704271110574
0.580000000,0.0010384838036365449,0.0,1.1000005392244505,0.03843140656196568,0.0,3.991041478624407e-05,0.9988712829956433,0.0,0.047499052692000665,0.0,0.0,1.083969054883066,0.0,0.10742112734372991,0.10637559558950754,0.10637559558950754,0.10742112734372991
0.600000000,0.002008351211447145,0.0,1.100002016739328,0.05925626685963624,0.0,0.00011900763534076427,0.9983130921140003,0.0,0.05806005609524968,0.0,0.0,1.0308120314368334,0.0,0.10770543064853251,0.10664466994178663,0.10664466994178663,0.10770543064853251
0.620000000,0.0034361582591795154,0.0,1.1000059036092176,0.08419476909920535,0.0,0.0002893082591828523,0.9976798331612964,0.0,0.06808047079190731,0.0,0.0,0.9768170697773515,0.0,0.10805272917641,0.10697357291306837,0.10697357291306837,0.10805272917641
0.640000000,0.005402348934600435,0.0,1.1000145927934804,0.11306438108947998,0.0,0.0006108221523215318,0.9969883768502141,0.0,0.07755112136891053,0.0,0.0,0.9218018323212819,0.0,0.10846700806497661,0.10736559777389743,0.10736559777389743,0.10846700806497661
0.660000000,0.007983736736060914,0.0,1.1000318705340009,0.1456845304768295,0.0,0.0011631440078643,0.9962552255828144,0.0,0.08646112131435484,0.0,0.0,0.8655588959456229,0.0,0.10895318891665175,0.10782533582329164,0.10782533582329164,0.10895318891665175
0.680000000,0.011253540046948259,0.0,1.100063323086701,0.18187619727928403,0.0,0.0020468806844721335,0.9954965591892118,0.0,0.09479768268496927,0.0,0.0,0.8078725577048625,0.0,0.1095168697752577,0.10835836297319325,0.10835836297319325,0.1095168697752577
0.700000000,0.015281407756738134,0.0,1.1001167675288417,0.2214613416304754,0.0,0.003384636279423957,0.9947282550481421,0.0,0.1025460804169439,0.0,0.0,0.7485331588399418,0.0,0.11016407923542425,0.10897094768876554,0.10897094768876554,0.11016407923542425
0.720000000,0.020133431582536943,0.0,1.1002026980768997,0.2642621423711876,0.0,0.005321582437811149,0.9939658743854218,0.0,0.10968974681903434,0.0,0.0,0.6873492267559524,0.0,0.11090104647467808,0.1096697794690564,0.1096697794690564,0.11090104647467808
0.740000000,0.025872141101400813,0.0,1.100334739867975,0.3101000266590168,0.0,0.008025638146323752,0.9932246098812061,0.0,0.11621047425394138,0.0,0.0,0.6241576017435018,0.0,0.11173398863410804,0.11046171685993668,0.11046171685993668,0.11173398863410804
0.760000000,0.03255647716011436,0.0,1.1005301026069256,0.3587944761965085,0.0,0.011687279626864892,0.9925191927704917,0.0,0.12208870538346937,0.0,0.0,0.5588316022535865,0.0,0.11266891651474462,0.11135355407513253,0.11135355407513253,0.11266891651474462
0.780000000,0.040241739101323865,0.0,1.1008100268547023,0.4101616017981999,0.0,0.016518997000127097,0.9918637604866658,0.0,0.12730389088024793,0.0,0.0,0.4912872044506869,0.0,0.11371145903244569,0.11235180554664818,0.11235180554664818,0.11371145903244569
0.800000000,0.0489795011449674,0.0,1.1012002160254588,0.4640124846543991,0.0,0.022754410231218682,0.9912716885781606,0.0,0.13183489455907435,0.0,0.0,0.4214871765668135,0.0,0.11486670632165213,0.113462508036723,0.113462508036723,0.11486670632165213
0.820000000,0.05881749330070459,0.0,1.1017312473678136,0.5201512896621143,0.0,0.030647052624241222,0.9907553930492256,0.0,0.13566042585763358,0.0,0.0,0.349443117697347,0.0,0.11613907084360567,0.1146910402400694,0.1146910402400694,0.11613907084360567
0.840000000,0.06979944236683065,0.0,1.1024389553289087,0.5783731634655649,0.0,0.04046882594853808,0.9903261113109851,0.0,0.13875947987673606,0.0,0.0,0.2752153994581702,0.0,0.11753216538718228,0.11604196002548625,0.11604196002548625,0.11753216538718228
0.860000000,0.0819648688981711,0.0,1.1033647807414664,0.6384619372857667,0.0,0.05250812732168267,0.9899936714324362,0.0,0.14111176607117354,0.0,0.0,0.1989110875180236,0.0,0.11904869649675871,0.11751885956865969,0.11751885956865969,0.11904869649675871
0.880000000,0.09534883650219438,0.0,1.1045560792401825,0.7001876621420587,0.0,0.06706764442087075,0.9897662602229966,0.0,0.14269810834129312,0.0,0.0,0.12068001490691121,0.0,0.12069037165641988,0.11912423859531193,0.11912423859531193,0.12069037165641988
0.900000000,0.1099816504500668,0.0,1.1060663822144463,0.7633040116088066,0.0,0.084461812629831,0.9896502007764216,0.0,0.14350080175102964,0.0,0.0,0.04070927501667737,0.0,0.12245781852011993,0.12085939579279244,0.12085939579279244,0.12245781852011993
0.920000000,0.12588850336728882,0.0,1.1079556034531801,0.8275455947416539,0.0,0.10501392553886875,0.9896497494480629,0.0,0.14350391429290818,0.0,0.0,-0.04078351516355605,0.0,0.12435051459844199,0.12272433818795928,0.12272433818795928,0.12435051459844199
0.940000000,0.1430890666952202,0.0,1.1102901844518815,0.8926252291798712,0.0,0.1290528889836447,0.9897669208898769,0.0,0.14269352582430692,0.0,0.0,-0.12355777353365432,0.0,0.1263667260691529,0.12471770797528585,0.12471770797528585,0.1263667260691529
0.960000000,0.16159702768707912,0.0,1.113143171152623,0.9582312316053894,0.0,0.15690960870708837,0.9900013478693355,0.0,0.1410579002285904,0.0,0.0,-0.2073579000454684,0.0,0.12850345473007732,0.1268367259645458,0.1268367259645458,0.12850345473007732
0.980000000,0.18141957291499827,0.0,1.1165942146990697,1.024024789620477,0.0,0.18891300291717142,0.990350180342279,0.0,0.13858759069994506,0.0,0.0,-0.2919211892632778,0.0,0.1307563925102937,0.12907715055290453,0.12907715055290453,0.1307563925102937
1.000000000,0.20255682061149297,0.0,1.1207294886377088,1.0896374855803848,0.0,0.22538563362969377,0.9908080258551242,0.0,0.1352754815222313,0.0,0.0,-0.37698532691259196,0.0,0.1331198833511842,0.13143325095161956,0.13143325095161956,0.1331198833511842
1.020000000,0.2250012056397501,0.0,1.1256415149131924,1.1546690488463436,0.0,0.26663895484235917,0.9913669310345009,0.0,0.13111677257786308,0.0,0.0,-0.4622951563678715,0.0,0.1355868926221254,0.13389779333592436,0.13389779333592436,0.1355868926221254
1.040000000,0.2487368224699809,0.0,1.131428891021657,1.2186854181437723,0.0,0.31296818136494703,0.9920164018677874,0.0,0.1261089149318501,0.0,0.0,-0.5476084848086982,0.0,0.13814898451873867,0.13646203864237758,0.13646203864237758,0.13814898451873867
1.060000000,0.273738733217642,0.0,1.1381959108340198,1.281217200029066,0.0,0.3646467895730548,0.992743458821857,0.0,0.12025150712741998,0.0,0.0,-0.6327007891071448,0.0,0.14079630809090507,0.1391157508981091,0.1391157508981091,0.14079630809090507
1.080000000,0.29997224955345186,0.0,1.1460520719149072,1.3417586126684926,0.0,0.4219206704582139,0.9935327216660638,0.0,0.11354616232539003,0.0,0.0,-0.7173687692409877,0.0,0.143517592662434,0.14184721520525936,0.14184721520525936,0.143517592662434
1.100000000,0.3273921991000903,0.0,1.155111462674879,1.3997670059738891,0.0,0.48500196606349183,0.994366518176454,0.0,0.10599635620923813,0.0,0.0,-0.8014327748168834,0.0,0.1463001534434766,0.1446432647886899,0.1446432647886899,0.1463001534434766
1.120000000,0.35594218875651695,0.0,1.165492023435209,1.454663049363164,0.0,0.5540626326132334,0.9952250106679191,0.0,0.09760726479642924,0.0,0.0,-0.8847381932123665,0.0,0.14912990811551677,0.14748931681170444,0.14748931681170444,0.14912990811551677
1.140000000,0.3855538792029262,0.0,1.1773146764841358,1.5058316767489213,0.0,0.6292277871993389,0.9960863344584193,0.0,0.08838560010086544,0.0,0.0,-0.9671559335205561,0.0,0.15199140510412026,0.15036941694258218,0.15036941694258218,0.15199140510412026
1.160000000,0.41614628659700625,0.0,1.1907023214856851,1.5526238745337295,0.0,0.7105689095398873,0.9969267428210642,0.0,0.07833945013965678,0.0,0.0,-1.0485821687871648,0.0,0.15486786416261067,0.1532662928904303,0.1532662928904303,0.15486786416261067
1.180000000,0.4476251291295017,0.0,1.2057786941859434,1.5943593921425785,0.0,0.7980969857757518,0.9977207536243718,0.0,0.06747812821363351,0.0,0.0,-1.1289375116003721,0.0,0.15774122978351363,0.15616141730655864,0.15616141730655864,0.15774122978351363
1.200000000,0.4798822376131996,0.0,1.222667088259338,1.6303304457111891,0.0,0.8917556971441606,0.9984412936010111,0.0,0.05581203483425016,0.0,0.0,-1.208165797709287,0.0,0.1605922378431762,0.15903508055964813,0.15903508055964813,0.1605922378431762
1.220000000,0.5127950505789581,0.0,1.2414889423532602,1.6598064737689866,0.0,0.9914147722228606,0.9990598369355238,0.0,0.04335253420925521,0.0,0.0,-1.286232642340759,0.0,0.16340049577384105,0.16186647393861045,0.16186647393861045,0.16340049577384105
1.240000000,0.5462262153862986,0.0,1.2623622969178376,1.6820399889562985,0.0,1.0968636367671827,0.9995465355533935,0.0,0.03011184589507481,0.0,0.0,-1.3631239176652261,0.0,0.166144576448929,0.16463378382053712,0.16463378382053712,0.166144576448929
1.260000000,0.580023317563069,0.0,1.2854001282328047,1.6962735519142078,0.0,1.2078055093985485,0.9998703390768428,0.0,0.0161029511071603,0.0,0.0,-1.4388442805601707,0.0,0.16880212586144924,0.1673142972700797,0.1673142972700797,0.16880212586144924
1.280000000,0.614018760906555,0.0,1.3107085701372536,1.701747872485153,0.0,1.3238521039312476,0.9999991028530508,0.0,0.0013395122595501931,0.0,0.0,-1.513415860087713,0.0,0.1713499845712463,0.16988451942013064,0.16988451942013064,0.1713499845712463
1.300000000,0.6480298207460683,0.0,1.3383850372899582,1.6977110193665237,0.0,1.4445191092937641,0.9998996827380096,0.0,-0.014164196427185912,0.0,0.0,-1.5868771960392978,0.0,0.17376432279285262,0.17232030283122482,0.17232030283122482,0.17376432279285262
1.320000000,0.6818588921265408,0.0,1.3685162672841136,1.6834286925865771,0.0,1.5692226251420305,0.9995380154237458,0.0,-0.030393349975935353,0.0,0.0,-1.6592825050687132,0.0,0.1760207888911599,0.17459698884746988,0.17459698884746988,0.1760207888911599
1.340000000,0.7152939534716821,0.0,1.401176302543445,1.6581954839668325,0.0,1.6972767347078446,0.9988791830235546,0.0,-0.04733262851560428,0.0,0.0,-1.7307013404526166,0.0,0.1780946709470775,0.1766895607677321,0.1766895607677321,0.1780946709470775
1.360000000,0.7481092644797414,0.0,1.436424436556333,1.62134701957674,0.0,1.8278923955356685,0.9978874603760164,0.0,-0.06496627143606339,0.0,0.0,-1.8012187061851643,0.0,0.17996107095134845,0.1785728084385952,0.1785728084385952,0.17996107095134845
1.380000000,0.7800663145617289,0.0,1.474303152568209,1.5722728456920336,0.0,1.9601778229483067,0.9965263430880922,0.0,-0.08327813357343032,0.0,0.0,-1.8709356865623055,0.0,0.1815950910850123,0.18022150365528675,0.18022150365528675,0.1815950910850123
1.400000000,0.8109150350316761,0.0,1.5148360862462762,1.5104298866910189,0.0,2.0931405298420853,0.9947585536980218,0.0,-0.10225174739152296,0.0,0.0,-1.9399706592650132,0.0,0.18297203145489147,0.1816105855320643,0.1816105855320643,0.18297203145489147
1.420000000,0.8403952844981297,0.0,1.558026046942007,1.4353562705451444,0.0,2.225691169353828,0.9925460224769599,0.0,-0.1218703953598507,0.0,0.0,-2.008461173995318,0.0,0.18406759857956123,0.18271535477709017,0.18271535477709017,0.18406759857956123
1.440000000,0.8682386125013382,0.0,1.603853134886704,1.3466852860779042,0.0,2.356649303817022,0.9898498382658194,0.0,-0.14211719700701647,0.0,0.0,-2.0765666010832002,0.0,0.18485812387599293,0.18351167558008596,0.18351167558008596,0.18485812387599293
1.460000000,0.8941703014281573,0.0,1.6522729938412493,1.2441592070687364,0.0,2.4847511941569427,0.9866301633013971,0.0,-0.16297521548952948,0.0,0.0,-2.1444716868575795,0.0,0.18532079139345706,0.1839761835943615,0.1839761835943615,0.18532079139345706
1.480000000,0.9179116811757988,0.0,1.7032152402611478,1.127642692720417,0.0,2.608659668586687,0.9828461041359067,0.0,-0.1844275890014034,0.0,0.0,-2.2123911974746973,0.0,0.18543387409803838,0.1840864982670035,0.1840864982670035,0.18543387409803838
1.500000000,0.9391827050086813,0.0,1.75658211081457,0.9971354531735803,0.0,2.726976088499447,0.9784555283704209,0.0,-0.2064576930060017,0.0,0.0,-2.2805758940182637,0.0,0.18517697815336837,0.18382143753883673,0.18382143753883673,0.18517697815336837
1.520000000,0.9577047686661606,0.0,1.8122473699962138,0.8527838538132726,0.0,2.83825438338385,0.9734148138259374,0.0,-0.22904934015232536,0.0,0.0,-2.3493201644083124,0.0,0.18453129490496167,0.18316123269296736,0.18316123269296736,0.18453129490496167
1.540000000,0.9732037481619775,0.0,1.8700555185191907,0.6948911241854251,0.0,2.941017076237969,0.9676785127117388,0.0,-0.2521870259073557,0.0,0.0,-2.4189717497470062,0.0,0.183479860703741,0.18208774086638052,0.18208774086638052,0.183479860703741
1.560000000,0.9854132250194136,0.0,1.929821341065225,0.5239258374347431,0.0,3.033773167383136,0.9611989079592751,0.0,-0.2758562294708913,0.0,0.0,-2.489944155407969,0.0,0.1820078253644658,0.1805846524351986,0.1805846524351986,0.1820078253644658
1.580000000,0.9940778610786407,0.0,1.9913298287784795,0.340528335140122,0.0,3.115037689070332,0.9539254316583108,0.0,-0.30004378153113836,0.0,0.0,-2.5627325466448387,0.0,0.18010273103975216,0.1786376901121508,0.1786376901121508,0.18010273103975216
1.600000000,0.9989568786787781,0.0,2.05433650757604,0.14551479090134567,0.0,3.183352687323818,0.9458039057261811,0.0,-0.32473831297384836,0.0,0.0,-2.6379342182518166,0.0,0.17775480473365732,0.17623479610961848,0.17623479610961848,0.17775480473365732
1.620000000,0.9998275961513413,0.0,2.1185681979263036,-0.06012136559390731,0.0,3.2373093327457285,0.936775551500476,0.0,-0.3499308018894293,0.0,0.0,-2.7162751320816776,0.0,0.1749572697742681,0.17336630305420572,0.17336630305420572,0.1749572697742681
1.640000000,0.9964889633633935,0.0,2.183724225257385,-0.27521090393492054,0.0,3.275570810304059,0.9267756963270047,0.0,-0.3756152402360633,0.0,0.0,-2.7986445850741144,0.0,0.1717066845961768,0.17002508338439135,0.17002508338439135,0.1717066845961768
1.660000000,0.9887650377155764,0.0,2.249478092680214,-0.498413319602386,0.0,3.296895591308486,0.9157320791530732,0.0,-0.4017894463646224,0.0,0.0,-2.886140877346463,0.0,0.16800332156839695,0.16620667056602764,0.16620667056602764,0.16800332156839695
1.680000000,0.9765083377215736,0.0,2.3154796193616676,-0.7282245664255048,0.0,3.3001606507138983,0.9035626202787636,0.0,-0.42845605519700025,0.0,0.0,-2.9801320027563083,0.0,0.16385160495372086,0.16190934339779112,0.16190934339779112,0.16385160495372086
1.700000000,0.9596030092449246,0.0,2.3813575388150907,-0.9629880640930346,0.0,3.284384161385255,0.8901724677712396,0.0,-0.45562372372612614,0.0,0.0,-3.0823370410890227,0.0,0.15926063629226617,0.15713416164682176,0.15713416164682176,0.15926063629226617
1.720000000,0.9379677387968248,0.0,2.446722541777098,-1.2009089777290685,0.0,3.2487471756753954,0.8754500571281526,0.0,-0.48330859445525526,0.0,0.0,-3.1949363201554144,0.0,0.15424484882712522,0.15188493689003565,0.15188493689003565,0.15424484882712522
1.740000000,0.9115583491247055,0.0,2.5111707384299637,-1.4400716892082348,0.0,3.192613795058482,0.8592618103604039,0.0,-0.5115360605628515,0.0,0.0,-3.320721859762743,0.0,0.14882485172443774,0.14616811644014868,0.14616811644014868,0.14882485172443774
1.760000000,0.8803700147292525,0.0,2.5742875047538316,-1.6784602994057591,0.0,3.1155493317861356,0.8414449389699069,0.0,-0.5403428677070973,0.0,0.0,-3.463304537229811,0.0,0.1430285517622255,0.13999255080919554,0.13999255080919554,0.1430285517622255
1.780000000,0.8444390389778387,0.0,2.6356516680177373,-1.9139819192050864,0.0,3.017335983393191,0.8217975775838506,0.0,-0.5697795551591115,0.0,0.0,-3.627401327460955,0.0,0.136892676320487,0.13336910830097462,0.13336910830097462,0.136892676320487
1.800000000,0.803844140128843,0.0,2.6948399771203353,-2.144492427258905,0.0,2.8979855717633116,0.8000651260138775,0.0,-0.5999131554953586,0.0,0.0,-3.819235243886554,0.0,0.1304648649889792,0.1263101013987038,0.1263101013987038,0.1304648649889792
1.820000000,0.7587072007876968,0.0,2.7514317949508587,-2.367824296767719,0.0,2.75774894329997,0.7759211707868491,0.0,-0.6308298793848984,0.0,0.0,-4.047091803844344,0.0,0.12380653420671506,0.11882852097265795,0.11882852097265795,0.12380653420671506
1.840000000,0.7091934439741301,0.0,2.805013942432426,-2.5818160244710286,0.0,2.597121684976752,0.7489406432853515,0.0,-0.6626370898427917,0.0,0.0,-4.3220856950010935,0.0,0.11699670107742026,0.11093719838801326,0.11093719838801326,0.11699670107742026
1.860000000,0.6555110089326076,0.0,2.8551856176915416,-2.78434263512892,0.0,2.416845881608051,0.718561936292238,0.0,-0.6954629707697958,0.0,0.0,-4.659188139798586,0.0,0.11013673271041814,0.10264839849091685,0.10264839849091685,0.11013673271041814
1.880000000,0.5979099108578441,0.0,2.901563309101636,-2.9733466863155944,0.0,2.217907721046902,0.6840336938976962,0.0,-0.7294504134022223,0.0,0.0,-5.078514427373859,0.0,0.10335516986276769,0.09397541099764817,0.09397541099764817,0.10335516986276769
1.900000000,0.5366803805844892,0.0,2.9437856179715842,-3.14686916338257,0.0,2.001530844189651,0.6443416110074603,0.0,-0.7647377905689705,0.0,0.0,-5.606677781730873,0.0,0.09680937967110367,0.08494045689568033,0.08494045689568033,0.09680937967110367
1.920000000,0.47215059271745274,0.0,2.981517905545065,-3.3030796346387477,0.0,1.76916543325722,0.5981131405567081,0.0,-0.8014116739188366,0.0,0.0,-6.277445183731267,0.0,0.09067476111254902,0.07559970181568446,0.07559970181568446,0.09067476111254902
1.940000000,0.40468380334086607,0.0,3.0144566798452352,-3.4403050333466942,0.0,1.5224731321150067,0.543510093904295,0.0,-0.8394026315327731,0.0,0.0,-7.12947412870415,0.0,0.08509979185373569,0.06610893332475858,0.06610893332475858,0.08509979185373569
1.960000000,0.33467493100434215,0.0,3.042333640786128,-3.557056446741362,0.0,1.2633079934391331,0.47815704776582935,0.0,-0.8782743521655784,0.0,0.0,-8.195793193136941,0.0,0.08008979075246259,0.056868291137646104,0.056868291137646104,0.08008979075246259
1.980000000,0.26254662680161855,0.0,3.0649193068620253,-3.65205332306718,0.0,0.9936937462564777,0.3992487107705016,0.0,-0.9168426620462709,0.0,0.0,-9.475177325509398,0.0,0.07530167695403918,0.04876118310618941,0.04876118310618941,0.07530167695403918
2.000000000,0.1887448906887729,0.0,3.082026153541179,-3.7242445551426666,0.0,0.71579777068451,0.3041552925300678,0.0,-0.9526224635320903,0.0,0.0,-10.87676222168188,0.0,0.06989497373134414,0.043327272151153534,0.043327272151153534,0.06989497373134414
2.020000000,0.11373430141209831,0.0,3.0935112020920057,-3.7728259621498346,0.0,0.43190225158105633,0.19196306698009835,0.0,-0.981402150453928,0.0,0.0,-12.158894723702652,0.0,0.0629048350756184,0.04236295291091801,0.04236295291091801,0.0629048350756184
2.040000000,0.03799293623108366,0.0,3.0992780077618747,-3.7972537685975656,0.0,0.1443730565097639,0.06582606005815757,0.0,-0.9978311128729249,0.0,0.0,-12.951785775776115,0.0,0.05443537722250891,0.0465860809921092,0.0465860809921092,0.05443537722250891
2.060000000,-0.03799293623108208,0.0,3.0992780077618747,-3.7972537685975665,0.0,-0.14437305650975796,-0.06582606005815457,0.0,-0.9978311128729251,0.0,0.0,-12.951785775776314,0.0,0.04658608099211061,0.054435377222507596,0.054435377222507596,0.04658608099211061
2.080000000,-0.11373430141209895,0.0,3.0935112020920057,-3.7728259621498332,0.0,-0.43190225158105866,-0.19196306698009932,0.0,-0.9814021504539278,0.0,0.0,-12.158894723702728,0.0,0.04236295291091671,0.06290483507561961,0.06290483507561961,0.04236295291091671
2.100000000,-0.18874489068877223,0.0,3.0820261535411793,-3.724244555142667,0.0,-0.7157977706845075,-0.3041552925300664,0.0,-0.9526224635320908,0.0,0.0,-10.876762221681824,0.0,0.043327272151153375,0.06989497373134418,0.06989497373134418,0.043327272151153375
2.120000000,-0.2625466268016188,0.0,3.0649193068620253,-3.65205332306718,0.0,-0.9936937462564785,-0.3992487107705015,0.0,-0.9168426620462709,0.0,0.0,-9.475177325509454,0.0,0.04876118310618943,0.07530167695403915,0.07530167695403915,0.04876118310618943
2.140000000,-0.3346749310043415,0.0,3.0423336407861283,-3.557056446741363,0.0,-1.2633079934391305,-0.478157047765829,0.0,-0.8782743521655786,0.0,0.0,-8.195793193136891,0.0,0.05686829113764597,0.08008979075246259,0.08008979075246259,0.05686829113764597
2.160000000,-0.404683803340865,0.0,3.014456679845236,-3.440305033346696,0.0,-1.5224731321150027,-0.5435100939042942,0.0,-0.8394026315327736,0.0,0.0,-7.129474128704194,0.0,0.06610893332475884,0.08509979185373515,0.08509979185373515,0.06610893332475884
2.180000000,-0.4721505927174533,0.0,2.981517905545065,-3.3030796346387463,0.0,-1.769165433257222,-0.5981131405567085,0.0,-0.8014116739188363,0.0,0.0,-6.277445183731301,0.0,0.07559970181568418,0.0906747611125494,0.0906747611125494,0.07559970181568418
2.200000000,-0.5366803805844893,0.0,2.9437856179715842,-3.146869163382571,0.0,-2.001530844189652,-0.64434161100746,0.0,-0.7647377905689708,0.0,0.0,-5.606677781730851,0.0,0.08494045689568036,0.09680937967110384,0.09680937967110384,0.08494045689568036
2.220000000,-0.5979099108578438,0.0,2.901563309101636,-2.973346686315595,0.0,-2.217907721046901,-0.6840336938976962,0.0,-0.7294504134022222,0.0,0.0,-5.078514427373881,0.0,0.093975410997648,0.10335516986276785,0.10335516986276785,0.093975410997648
2.240000000,-0.6555110089326074,0.0,2.8551856176915416,-2.7843426351289207,0.0,-2.41684588160805,-0.718561936292238,0.0,-0.6954629707697958,0.0,0.0,-4.659188139798531,0.0,0.10264839849091677,0.11013673271041823,0.11013673271041823,0.10264839849091677
2.260000000,-0.7091934439741286,0.0,2.805013942432428,-2.581816024471034,0.0,-2.597121684976747,-0.7489406432853508,0.0,-0.6626370898427925,0.0,0.0,-4.322085695001099,0.0,0.11093719838801347,0.11699670107741966,0.11699670107741966,0.11093719838801347
2.280000000,-0.7587072007876969,0.0,2.7514317949508587,-2.367824296767719,0.0,-2.757748943299971,-0.7759211707868491,0.0,-0.6308298793848983,0.0,0.0,-4.0470918038443715,0.0,0.11882852097265802,0.12380653420671507,0.12380653420671507,0.11882852097265802
2.300000000,-0.8038441401288429,0.0,2.6948399771203357,-2.144492427258906,0.0,-2.897985571763311,-0.8000651260138772,0.0,-0.5999131554953591,0.0,0.0,-3.819235243886565,0.0,0.12631010139870344,0.13046486498897955,0.13046486498897955,0.12631010139870344
2.320000000,-0.8444390389778386,0.0,2.6356516680177373,-1.9139819192050866,0.0,-3.01733598339319,-0.8217975775838509,0.0,-0.5697795551591113,0.0,0.0,-3.6274013274609107,0.0,0.13336910830097415,0.13689267632048735,0.13689267632048735,0.13336910830097415
2.340000000,-0.8803700147292512,0.0,2.574287504753834,-1.6784602994057674,0.0,-3.115549331786132,-0.8414449389699062,0.0,-0.5403428677070984,0.0,0.0,-3.463304537229739,0.0,0.13999255080919584,0.14302855176222481,0.14302855176222481,0.13999255080919584
2.360000000,-0.9115583491247045,0.0,2.511170738429966,-1.4400716892082426,0.0,-3.1926137950584783,-0.8592618103604034,0.0,-0.5115360605628525,0.0,0.0,-3.3207218597627985,0.0,0.146168116440149,0.14882485172443705,0.14882485172443705,0.146168116440149
2.380000000,-0.9379677387968248,0.0,2.446722541777098,-1.2009089777290685,0.0,-3.2487471756753954,-0.8754500571281525,0.0,-0.4833085944552555,0.0,0.0,-3.1949363201554393,0.0,0.15188493689003546,0.15424484882712536,0.15424484882712536,0.15188493689003546
2.400000000,-0.9596030092449241,0.0,2.3813575388150925,-0.9629880640930404,0.0,-3.2843841613852534,-0.8901724677712394,0.0,-0.4556237237261267,0.0,0.0,-3.082337041089045,0.0,0.15713416164682154,0.15926063629226594,0.15926063629226594,0.15713416164682154
2.420000000,-0.976508337721574,0.0,2.3154796193616662,-0.7282245664255005,0.0,-3.3001606507138996,-0.9035626202787637,0.0,-0.42845605519700003,0.0,0.0,-2.9801320027563305,0.0,0.1619093433977908,0.1638516049537214,0.1638516049537214,0.1619093433977908
2.440000000,-0.9887650377155766,0.0,2.2494780926802136,-0.4984133196023839,0.0,-3.2968955913084868,-0.9157320791530731,0.0,-0.40178944636462255,0.0,0.0,-2.8861408773463992,0.0,0.16620667056602728,0.16800332156839737,0.16800332156839737,0.16620667056602728
2.460000000,-0.9964889633633932,0.0,2.183724225257389,-0.27521090393493364,0.0,-3.275570810304057,-0.9267756963270043,0.0,-0.3756152402360643,0.0,0.0,-2.7986445850740616,0.0,0.17002508338439157,0.1717066845961759,0.1717066845961759,0.17002508338439157
2.480000000,-0.9998275961513413,0.0,2.1185681979263054,-0.060121365593913165,0.0,-3.23730933274573,-0.9367755515004755,0.0,-0.3499308018894305,0.0,0.0,-2.7162751320817247,0.0,0.17336630305420614,0.17495726977426745,0.17495726977426745,0.17336630305420614
2.500000000,-0.9989568786787781,0.0,2.05433650757604,0.14551479090134564,0.0,-3.1833526873238185,-0.9458039057261811,0.0,-0.3247383129738485,0.0,0.0,-2.6379342182518695,0.0,0.17623479610961815,0.17775480473365776,0.17775480473365776,0.17623479610961815
2.520000000,-0.9940778610786408,0.0,1.99132982877848,0.3405283351401206,0.0,-3.115037689070333,-0.9539254316583107,0.0,-0.3000437815311386,0.0,0.0,-2.562732546644808,0.0,0.1786376901121505,0.18010273103975236,0.18010273103975236,0.1786376901121505
2.540000000,-0.985413225019414,0.0,1.9298213410652272,0.5239258374347364,0.0,-3.033773167383137,-0.9611989079592749,0.0,-0.275856229470892,0.0,0.0,-2.489944155407975,0.0,0.18058465243519872,0.18200782536446553,0.18200782536446553,0.18058465243519872
2.560000000,-0.9732037481619775,0.0,1.8700555185191907,0.6948911241854249,0.0,-2.941017076237968,-0.9676785127117388,0.0,-0.25218702590735576,0.0,0.0,-2.418971749747012,0.0,0.18208774086638047,0.18347986070374095,0.18347986070374095,0.18208774086638047
2.580000000,-0.9577047686661609,0.0,1.8122473699962152,0.8527838538132692,0.0,-2.8382543833838505,-0.9734148138259372,0.0,-0.22904934015232598,0.0,0.0,-2.3493201644083195,0.0,0.18316123269296725,0.18453129490496162,0.18453129490496162,0.18316123269296725
2.600000000,-0.9391827050086813,0.0,1.7565821108145698,0.9971354531735809,0.0,-2.726976088499447,-0.9784555283704209,0.0,-0.2064576930060016,0.0,0.0,-2.2805758940182663,0.0,0.1838214375388367,0.1851769781533684,0.1851769781533684,0.1838214375388367
2.620000000,-0.9179116811757995,0.0,1.7032152402611493,1.1276426927204128,0.0,-2.6086596685866903,-0.9828461041359066,0.0,-0.18442758900140396,0.0,0.0,-2.2123911974746946,0.0,0.1840864982670034,0.18543387409803852,0.18543387409803852,0.1840864982670034
2.640000000,-0.8941703014281577,0.0,1.6522729938412497,1.2441592070687344,0.0,-2.484751194156943,-0.9866301633013971,0.0,-0.16297521548952945,0.0,0.0,-2.144471686857563,0.0,0.18397618359436146,0.18532079139345703,0.18532079139345703,0.18397618359436146
2.660000000,-0.8682386125013396,0.0,1.6038531348867067,1.3466852860778973,0.0,-2.356649303817026,-0.9898498382658193,0.0,-0.14211719700701736,0.0,0.0,-2.0765666010831962,0.0,0.18351167558008616,0.18485812387599257,0.18485812387599257,0.18351167558008616
2.680000000,-0.84039528449813,0.0,1.5580260469420073,1.435356270545144,0.0,-2.2256911693538286,-0.9925460224769599,0.0,-0.12187039535985077,0.0,0.0,-2.0084611739953573,0.0,0.18271535477708994,0.18406759857956145,0.18406759857956145,0.18271535477708994
2.700000000,-0.8109150350316767,0.0,1.514836086246277,1.5104298866910157,0.0,-2.093140529842086,-0.9947585536980218,0.0,-0.10225174739152308,0.0,0.0,-1.9399706592649668,0.0,0.18161058553206397,0.18297203145489163,0.18297203145489163,0.18161058553206397
2.720000000,-0.7800663145617318,0.0,1.4743031525682129,1.5722728456920243,0.0,-1.9601778229483136,-0.9965263430880921,0.0,-0.08327813357343132,0.0,0.0,-1.8709356865622917,0.0,0.1802215036552871,0.1815950910850117,0.1815950910850117,0.1802215036552871
2.740000000,-0.7481092644797424,0.0,1.436424436556334,1.6213470195767372,0.0,-1.8278923955356707,-0.9978874603760164,0.0,-0.06496627143606377,0.0,0.0,-1.8012187061852147,0.0,0.17857280843859508,0.17996107095134845,0.17996107095134845,0.17857280843859508
2.760000000,-0.7152939534716819,0.0,1.4011763025434445,1.658195483966833,0.0,-1.6972767347078441,-0.9988791830235546,0.0,-0.047332628515604276,0.0,0.0,-1.7307013404525895,0.0,0.1766895607677319,0.1780946709470777,0.1780946709470777,0.1766895607677319
2.780000000,-0.6818588921265435,0.0,1.3685162672841162,1.6834286925865718,0.0,-1.569222625142037,-0.9995380154237458,0.0,-0.030393349975936297,0.0,0.0,-1.6592825050687265,0.0,0.1745969888474701,0.17602078889115969,0.17602078889115969,0.1745969888474701
2.800000000,-0.6480298207460665,0.0,1.3383850372899566,1.6977110193665268,0.0,-1.4445191092937602,-0.9998996827380096,0.0,-0.014164196427185643,0.0,0.0,-1.5868771960393158,0.0,0.17232030283122454,0.17376432279285295,0.17376432279285295,0.17232030283122454
2.820000000,-0.6140187609065559,0.0,1.3107085701372543,1.7017478724851514,0.0,-1.3238521039312496,-0.9999991028530508,0.0,0.001339512259549615,0.0,0.0,-1.5134158600876635,0.0,0.1698845194201309,0.17134998457124595,0.17134998457124595,0.1698845194201309
2.840000000,-0.5800233175630725,0.0,1.2854001282328071,1.6962735519142025,0.0,-1.2078055093985554,-0.9998703390768428,0.0,0.016102951107159577,0.0,0.0,-1.4388442805602475,0.0,0.16731429727008004,0.1688021258614489,0.1688021258614489,0.16731429727008004
2.860000000,-0.5462262153862943,0.0,1.2623622969178347,1.6820399889563045,0.0,-1.0968636367671745,-0.9995465355533935,0.0,0.030111845895075772,0.0,0.0,-1.3631239176652432,0.0,0.16463378382053667,0.16614457644892955,0.16614457644892955,0.16463378382053667
2.880000000,-0.5127950505789589,0.0,1.2414889423532607,1.6598064737689862,0.0,-0.9914147722228623,-0.9990598369355238,0.0,0.043352534209254834,0.0,0.0,-1.2862326423407344,0.0,0.16186647393861045,0.16340049577384105,0.16340049577384105,0.16186647393861045
2.900000000,-0.479882237613197,0.0,1.2226670882593365,1.6303304457111922,0.0,-0.8917556971441559,-0.9984412936010111,0.0,0.05581203483425062,0.0,0.0,-1.208165797709304,0.0,0.15903508055964832,0.16059223784317594,0.16059223784317594,0.15903508055964832
2.920000000,-0.4476251291295011,0.0,1.205778694185943,1.5943593921425792,0.0,-0.7980969857757508,-0.9977207536243718,0.0,0.06747812821363347,0.0,0.0,-1.128937511600392,0.0,0.15616141730655858,0.15774122978351374,0.15774122978351374,0.15616141730655858
2.940000000,-0.4161462865970023,0.0,1.1907023214856833,1.5526238745337326,0.0,-0.7105689095398805,-0.9969267428210641,0.0,0.07833945013965764,0.0,0.0,-1.04858216878716,0.0,0.15326629289043017,0.1548678641626108,0.1548678641626108,0.15326629289043017
2.960000000,-0.3855538792029255,0.0,1.1773146764841353,1.5058316767489215,0.0,-0.6292277871993375,-0.9960863344584193,0.0,0.0883856001008653,0.0,0.0,-0.9671559335205471,0.0,0.1503694169425822,0.15199140510412018,0.15199140510412018,0.1503694169425822
2.980000000,-0.35594218875651445,0.0,1.165492023435208,1.4546630493631647,0.0,-0.5540626326132291,-0.995225010667919,0.0,0.09760726479642992,0.0,0.0,-0.8847381932123755,0.0,0.14748931681170419,0.1491299081155169,0.1491299081155169,0.14748931681170419
3.000000000,-0.32739219910008677,0.0,1.1551114626748777,1.3997670059738914,0.0,-0.4850019660634867,-0.994366518176454,0.0,0.10599635620923817,0.0,0.0,-0.8014327748168348,0.0,0.14464326478868958,0.14630015344347666,0.14630015344347666,0.14464326478868958
3.020000000,-0.2999722495534506,0.0,1.1460520719149068,1.3417586126684937,0.0,-0.42192067045821224,-0.9935327216660638,0.0,0.11354616232538975,0.0,0.0,-0.7173687692409558,0.0,0.1418472152052596,0.14351759266243364,0.14351759266243364,0.1418472152052596
3.040000000,-0.2737387332176463,0.0,1.1381959108340212,1.2812172000290647,0.0,-0.3646467895730606,-0.9927434588218571,0.0,0.1202515071274194,0.0,0.0,-0.6327007891071545,0.0,0.1391157508981094,0.140796308090905,0.140796308090905,0.1391157508981094
3.060000000,-0.24873682246998274,0.0,1.1314288910216574,1.2186854181437716,0.0,-0.31296818136494936,-0.9920164018677874,0.0,0.12610891493185,0.0,0.0,-0.5476084848087037,0.0,0.1364620386423776,0.13814898451873886,0.13814898451873886,0.1364620386423776
3.080000000,-0.22500120563975254,0.0,1.1256415149131929,1.1546690488463427,0.0,-0.266638954842362,-0.991366931034501,0.0,0.1311167725778626,0.0,0.0,-0.46229515636786456,0.0,0.13389779333592433,0.1355868926221256,0.1355868926221256,0.13389779333592433
3.100000000,-0.20255682061149533,0.0,1.1207294886377093,1.0896374855803839,0.0,-0.2253856336296963,-0.9908080258551242,0.0,0.13527548152223107,0.0,0.0,-0.37698532691257114,0.0,0.13143325095161962,0.1331198833511843,0.1331198833511843,0.13143325095161962
3.120000000,-0.18141957291499922,0.0,1.1165942146990697,1.0240247896204764,0.0,-0.18891300291717228,-0.9903501803422791,0.0,0.13858759069994417,0.0,0.0,-0.2919211892632667,0.0,0.1290771505529047,0.13075639251029342,0.13075639251029342,0.1290771505529047
3.140000000,-0.16159702768708123,0.0,1.1131431711526232,0.9582312316053898,0.0,-0.15690960870709056,-0.9900013478693356,0.0,0.14105790022858997,0.0,0.0,-0.2073579000454906,0.0,0.126836725964546,0.1285034547300772,0.1285034547300772,0.126836725964546
3.160000000,-0.14308906669522017,0.0,1.1102901844518815,0.8926252291798716,0.0,-0.12905288898364473,-0.9897669208898769,0.0,0.14269352582430647,0.0,0.0,-0.12355777353367792,0.0,0.1247177079752858,0.12636672606915295,0.12636672606915295,0.1247177079752858
3.180000000,-0.12588850336728918,0.0,1.1079556034531803,0.8275455947416537,0.0,-0.10501392553886904,-0.9896497494480629,0.0,0.1435039142929082,0.0,0.0,-0.04078351516356715,0.0,0.12272433818795922,0.1243505145984421,0.1243505145984421,0.12272433818795922
3.200000000,-0.10998165045006567,0.0,1.106066382214446,0.7633040116088068,0.0,-0.08446181262983014,-0.9896502007764217,0.0,0.14350080175102942,0.0,0.0,0.04070927501667043,0.0,0.12085939579279233,0.12245781852011987,0.12245781852011987,0.12085939579279233
3.220000000,-0.09534883650219253,0.0,1.1045560792401825,0.7001876621420589,0.0,-0.06706764442086945,-0.9897662602229965,0.0,0.14269810834129326,0.0,0.0,0.12068001490690428,0.0,0.11912423859531178,0.12069037165641995,0.12069037165641995,0.11912423859531178
3.240000000,-0.08196486889817625,0.0,1.1033647807414668,0.6384619372857661,0.0,-0.052508127321685936,-0.9899936714324362,0.0,0.14111176607117346,0.0,0.0,0.19891108751803888,0.0,0.11751885956865989,0.11904869649675888,0.11904869649675888,0.11751885956865989
3.260000000,-0.06979944236683304,0.0,1.1024389553289087,0.5783731634655642,0.0,-0.040468825948539414,-0.9903261113109851,0.0,0.13875947987673592,0.0,0.0,0.27521539945816187,0.0,0.11604196002548633,0.11753216538718231,0.11753216538718231,0.11604196002548633
3.280000000,-0.05881749330070238,0.0,1.1017312473678134,0.520151289662115,0.0,-0.0306470526242401,-0.9907553930492256,0.0,0.13566042585763366,0.0,0.0,0.3494431176973567,0.0,0.11469104024006924,0.11613907084360572,0.11613907084360572,0.11469104024006924
3.300000000,-0.0489795011449745,0.0,1.1012002160254593,0.46401248465439915,0.0,-0.022754410231221992,-0.9912716885781606,0.0,0.13183489455907402,0.0,0.0,0.421487176566826,0.0,0.1134625080367233,0.11486670632165231,0.11486670632165231,0.1134625080367233
3.320000000,-0.04024173910132906,0.0,1.1008100268547025,0.41016160179819994,0.0,-0.016518997000129237,-0.9918637604866658,0.0,0.12730389088024777,0.0,0.0,0.4912872044506855,0.0,0.11235180554664843,0.1137114590324458,0.1137114590324458,0.11235180554664843
3.340000000,-0.03255647716012202,0.0,1.1005301026069256,0.35879447619650834,0.0,-0.011687279626867638,-0.9925191927704917,0.0,0.12208870538346907,0.0,0.0,0.5588316022535844,0.0,0.1113535540751326,0.11266891651474494,0.11266891651474494,0.1113535540751326
3.360000000,-0.02587214110140362,0.0,1.100334739867975,0.31010002665901654,0.0,-0.008025638146324615,-0.9932246098812061,0.0,0.11621047425394124,0.0,0.0,0.6241576017435246,0.0,0.11046171685993673,0.11173398863410809,0.11173398863410809,0.11046171685993673
3.380000000,-0.0201334315825488,0.0,1.1002026980768997,0.2642621423711873,0.0,-0.005321582437814278,-0.9939658743854219,0.0,0.10968974681903358,0.0,0.0,0.6873492267559511,0.0,0.10966977946905687,0.11090104647467805,0.11090104647467805,0.10966977946905687
3.400000000,-0.015281407756741206,0.0,1.100116767528842,0.22146134163047573,0.0,-0.003384636279424643,-0.9947282550481421,0.0,0.10254608041694378,0.0,0.0,0.7485331588399147,0.0,0.10897094768876556,0.11016407923542434,0.11016407923542434,0.10897094768876556
3.420000000,-0.011253540046951931,0.0,1.100063323086701,0.18187619727928425,0.0,-0.0020468806844728044,-0.9954965591892119,0.0,0.09479768268496905,0.0,0.0,0.8078725577048695,0.0,0.10835836297319332,0.10951686977525776,0.10951686977525776,0.10835836297319332
3.440000000,-0.007983736736067639,0.0,1.1000318705340009,0.14568453047682964,0.0,-0.001163144007865281,-0.9962552255828144,0.0,0.0864611213143546,0.0,0.0,0.8655588959455951,0.0,0.10782533582329178,0.10895318891665189,0.10895318891665189,0.10782533582329178
3.460000000,-0.005402348934594721,0.0,1.1000145927934804,0.11306438108948004,0.0,-0.0006108221523208861,-0.996988376850214,0.0,0.07755112136891085,0.0,0.0,0.9218018323212895,0.0,0.10736559777389709,0.10846700806497675,0.10846700806497675,0.10736559777389709
3.480000000,-0.0034361582591756414,0.0,1.1000059036092176,0.0841947690992053,0.0,-0.0002893082591825259,-0.9976798331612965,0.0,0.0680804707919069,0.0,0.0,0.9768170697773693,0.0,0.10697357291306848,0.10805272917640972,0.10805272917640972,0.10697357291306848
3.500000000,-0.0020083512114401642,0.0,1.100002016739328,0.05925626685963614,0.0,-0.0001190076353403504,-0.9983130921140003,0.0,0.058060056095249654,0.0,0.0,1.0308120314368008,0.0,0.10664466994178655,0.1077054306485324,0.1077054306485324,0.10664466994178655
3.520000000,-0.0010384838036270844,0.0,1.1000005392244505,0.03843140656196554,0.0,-3.991041478588034e-05,-0.9988712829956433,0.0,0.047499052692000915,0.0,0.0,1.0839690548830827,0.0,0.10637559558950732,0.10742112734372997,0.10742112734372997,0.10637559558950732
3.540000000,-0.00044243945352753425,0.0,1.10000009787634,0.02190495066500388,0.0,-9.691615350351753e-06,-0.9993371074267914,0.0,0.03640529796408374,0.0,0.0,1.1364256747812052,0.0,0.10616468959306292,0.10719704271110549,0.10719704271110549,0.10616468959306292
3.560000000,-0.0001323825942822082,0.0,1.1000000087625756,0.00986405501331586,0.0,-1.3058292042476027e-06,-0.9996927828916415,0.0,0.024785879737567414,0.0,0.0,1.1882514677070688,0.0,0.10601228025473003,0.10703189087453771,0.10703189087453771,0.10601228025473003
3.580000000,-1.670984446935386e-05,0.0,1.1000000001396095,0.0024983545934578644,0.0,-4.1747116691804995e-08,-0.999920011130087,0.0,0.012647977767484716,0.0,0.0,1.2394209132477796,0.0,0.1091748849475201,0.10367233931015025,0.10367233931015025,0.1091748849475201
3.600000000,-2.4492935982947064e-16,0.0,1.1,0.0,0.0,-0.0,-1.0,0.0,-1.2246467991473532e-16,0.0,0.0,0.6324157505378958,0.0,0.1125243293612887,0.10025457063871132,0.10025457063871132,0.1125243293612887
3.620000000,0.0,0.0,1.1,0.0,0.0,0.0,-1.0,0.0,-1.2246467991473532e-16,0.0,0.0,0.0,0.0,0.10951977828013384,0.10325912171986618,0.10325912171986618,0.10951977828013384
3.640000000,0.0,0.0,1.1,0.0,0.0,0.0,-1.0,0.0,-1.2246467991473532e-16,0.0,0.0,0.0,0.0,0.10638945000000001,0.10638945000000001,0.10638945000000001,0.10638945000000001
3.660000000,0.0,0.0,1.1,0.0,0.0,0.0,-1.0,0.0,-1.2246467991473532e-16,0.0,0.0,0.0,0.0,0.10638945000000001,0.10638945000000001,0.10638945000000001,0.10638945000000001
3.680000000,0.0,0.0,1.1,0.0,0.0,0.0,-1.0,0.0,-1.2246467991473532e-16,0.0,0.0,0.0,0.0,0.10638945000000001,0.10638945000000001,0.10638945000000001,0.10638945000000001
3.700000000,0.0,0.0,1.1,0.0,0.0,0.0,-1.0,0.0,-1.2246467991473532e-16,0.0,0.0,0.0,0.0,0.10638945000000001,0.10638945000000001,0.10638945000000001,0.10638945000000001
3.720000000,0.0,0.0,1.1,0.0,0.0,0.0,-1.0,0.0,-1.2246467991473532e-16,0.0,0.0,0.0,0.0,0.10638945000000001,0.10638945000000001,0.10638945000000001,0.10638945000000001
3.740000000,0.0,0.0,1.1,0.0,0.0,0.0,-1.0,0.0,-1.2246467991473532e-16,0.0,0.0,0.0,0.0,0.10638945000000001,0.10638945000000001,0.10638945000000001,0.10638945000000001
3.760000000,0.0,0.0,1.1,0.0,0.0,0.0,-1.0,0.0,-1.2246467991473532e-16,0.0,0.0,0.0,0.0,0.10638945000000001,0.10638945000000001,0.10638945000000001,0.10638945000000001
3.780000000,0.0,0.0,1.1,0.0,0.0,0.0,-1.0,0.0,-1.2246467991473532e-16,0.0,0.0,0.0,0.0,0.10638945000000001,0.10638945000000001,0.10638945000000001,0.10638945000000001
3.800000000,0.0,0.0,1.1,0.0,0.0,0.0,-1.0,0.0,-1.2246467991473532e-16,0.0,0.0,0.0,0.0,0.10638945000000001,0.10638945000000001,0.10638945000000001,0.10638945000000001
3.820000000,0.0,0.0,1.1,0.0,0.0,0.0,-1.0,0.0,-1.2246467991473532e-16,0.0,0.0,0.0,0.0,0.10638945000000001,0.10638945000000001,0.10638945000000001,0.10638945000000001
3.840000000,0.0,0.0,1.1,0.0,0.0,0.0,-1.0,0.0,-1.2246467991473532e-16,0.0,0.0,0.0,0.0,0.10638945000000001,0.10638945000000001,0.10638945000000001,0.10638945000000001
3.860000000,0.0,0.0,1.1,0.0,0.0,0.0,-1.0,0.0,-1.2246467991473532e-16,0.0,0.0,0.0,0.0,0.10638945000000001,0.10638945000000001,0.10638945000000001,0.10638945000000001
3.880000000,0.0,0.0,1.1,0.0,0.0,0.0,-1.0,0.0,-1.2246467991473532e-16,0.0,0.0,0.0,0.0,0.10638945000000001,0.10638945000000001,0.10638945000000001,0.10638945000000001
3.900000000,0.0,0.0,1.1,0.0,0.0,0.0,-1.0,0.0,-1.2246467991473532e-16,0.0,0.0,0.0,0.0,0.10638945000000001,0.10638945000000001,0.10638945000000001,0.10638945000000001
3.920000000,0.0,0.0,1.1,0.0,0.0,0.0,-1.0,0.0,-1.2246467991473532e-16,0.0,0.0,0.0,0.0,0.10638945000000001,0.10638945000000001,0.10638945000000001,0.10638945000000001
3.940000000,0.0,0.0,1.1,0.0,0.0,0.0,-1.0,0.0,-1.2246467991473532e-16,0.0,0.0,0.0,0.0,0.10638945000000001,0.10638945000000001,0.10638945000000001,0.10638945000000001
3.960000000,0.0,0.0,1.1,0.0,0.0,0.0,-1.0,0.0,-1.2246467991473532e-16,0.0,0.0,0.0,0.0,0.10638945000000001,0.10638945000000001,0.10638945000000001,0.10638945000000001
3.980000000,0.0,0.0,1.1,0.0,0.0,0.0,-1.0,0.0,-1.2246467991473532e-16,0.0,0.0,0.0,0.0,0.10638945000000001,0.10638945000000001,0.10638945000000001,0.10638945000000001
4.000000000,0.0,0.0,1.1,0.0,0.0,0.0,-1.0,0.0,-1.2246467991473532e-16,0.0,0.0,0.0,0.0,0.10638945000000001,0.10638945000000001,0.10638945000000001,0.10638945000000001
4.020000000,0.0,0.0,1.1,0.0,0.0,0.0,-1.0,0.0,-1.2246467991473532e-16,0.0,0.0,0.0,0.0,0.10638945000000001,0.10638945000000001,0.10638945000000001,0.10638945000000001
4.040000000,0.0,0.0,1.1,0.0,0.0,0.0,-1.0,0.0,-1.2246467991473532e-16,0.0,0.0,0.0,0.0,0.10638945000000001,0.10638945000000001,0.10638945000000001,0.10638945000000001
4.060000000,0.0,0.0,1.1,0.0,0.0,0.0,-1.0,0.0,-1.2246467991473532e-16,0.0,0.0,0.0,0.0,0.10638945000000001,0.10638945000000001,0.10638945000000001,0.10638945000000001
4.080000000,0.0,0.0,1.1,0.0,0.0,0.0,-1.0,0.0,-1.2246467991473532e-16,0.0,0.0,0.0,0.0,0.10638945000000001,0.10638945000000001,0.10638945000000001,0.10638945000000001
4.100000000,0.0,0.0,1.1,0.0,0.0,0.0,-1.0,0.0,-1.2246467991473532e-16,0.0,0.0,0.0,0.0,0.10638945000000001,0.10638945000000001,0.10638945000000001,0.10638945000000001
4.120000000,0.0,0.0,1.1,0.0,0.0,0.0,-1.0,0.0,-1.2246467991473532e-16,0.0,0.0,0.0,0.0,0.10638945000000001,0.10638945000000001,0.10638945000000001,0.10638945000000001
4.140000000,0.0,0.0,1.1,0.0,0.0,0.0,-1.0,0.0,-1.2246467991473532e-16,0.0,0.0,0.0,0.0,0.10638945000000001,0.10638945000000001,0.10638945000000001,0.10638945000000001
4.160000000,0.0,0.0,1.1,0.0,0.0,0.0,-1.0,0.0,-1.2246467991473532e-16,0.0,0.0,0.0,0.0,0.10638945000000001,0.10638945000000001,0.10638945000000001,0.10638945000000001
4.180000000,0.0,0.0,1.1,0.0,0.0,0.0,-1.0,0.0,-1.2246467991473532e-16,0.0,0.0,0.0,0.0,0.10638945000000001,0.10638945000000001,0.10638945000000001,0.10638945000000001
4.200000000,0.0,0.0,1.1,0.0,0.0,0.0,-1.0,0.0,-1.2246467991473532e-16,0.0,0.0,0.0,0.0,0.10638945000000001,0.10638945000000001,0.10638945000000001,0.10638945000000001
4.220000000,0.0,0.0,1.1,0.0,0.0,0.0,-1.0,0.0,-1.2246467991473532e-16,0.0,0.0,0.0,0.0,0.10638945000000001,0.10638945000000001,0.10638945000000001,0.10638945000000001
4.240000000,0.0,0.0,1.1,0.0,0.0,0.0,-1.0,0.0,-1.2246467991473532e-16,0.0,0.0,0.0,0.0,0.10638945000000001,0.10638945000000001,0.10638945000000001,0.10638945000000001
4.260000000,0.0,0.0,1.1,0.0,0.0,0.0,-1.0,0.0,-1.2246467991473532e-16,0.0,0.0,0.0,0.0,0.10638945000000001,0.10638945000000001,0.10638945000000001,0.10638945000000001
4.280000000,0.0,0.0,1.1,0.0,0.0,0.0,-1.0,0.0,-1.2246467991473532e-16,0.0,0.0,0.0,0.0,0.10638945000000001,0.10638945000000001,0.10638945000000001,0.10638945000000001
4.300000000,0.0,0.0,1.1,0.0,0.0,0.0,-1.0,0.0,-1.2246467991473532e-16,0.0,0.0,0.0,0.0,0.10638945000000001,0.10638945000000001,0.10638945000000001,0.10638945000000001
4.320000000,0.0,0.0,1.1,0.0,0.0,0.0,-1.0,0.0,-1.2246467991473532e-16,0.0,0.0,0.0,0.0,0.10638945000000001,0.10638945000000001,0.10638945000000001,0.10638945000000001
4.340000000,0.0,0.0,1.1,0.0,0.0,0.0,-1.0,0.0,-1.2246467991473532e-16,0.0,0.0,0.0,0.0,0.10638945000000001,0.10638945000000001,0.10638945000000001,0.10638945000000001
4.360000000,0.0,0.0,1.1,0.0,0.0,0.0,-1.0,0.0,-1.2246467991473532e-16,0.0,0.0,0.0,0.0,0.10638945000000001,0.10638945000000001,0.10638945000000001,0.10638945000000001
4.380000000,0.0,0.0,1.1,0.0,0.0,0.0,-1.0,0.0,-1.2246467991473532e-16,0.0,0.0,0.0,0.0,0.10638945000000001,0.10638945000000001,0.10638945000000001,0.10638945000000001
4.400000000,0.0,0.0,1.1,0.0,0.0,0.0,-1.0,0.0,-1.2246467991473532e-16,0.0,0.0,0.0,0.0,0.10638945000000001,0.10638945000000001,0.10638945000000001,0.10638945000000001
4.420000000,0.0,0.0,1.1,0.0,0.0,0.0,-1.0,0.0,-1.2246467991473532e-16,0.0,0.0,0.0,0.0,0.10638945000000001,0.10638945000000001,0.10638945000000001,0.10638945000000001
4.440000000,0.0,0.0,1.1,0.0,0.0,0.0,-1.0,0.0,-1.2246467991473532e-16,0.0,0.0,0.0,0.0,0.10638945000000001,0.10638945000000001,0.10638945000000001,0.10638945000000001
4.460000000,0.0,0.0,1.1,0.0,0.0,0.0,-1.0,0.0,-1.2246467991473532e-16,0.0,0.0,0.0,0.0,0.10638945000000001,0.10638945000000001,0.10638945000000001,0.10638945000000001
4.480000000,0.0,0.0,1.1,0.0,0.0,0.0,-1.0,0.0,-1.2246467991473532e-16,0.0,0.0,0.0,0.0,0.10638945000000001,0.10638945000000001,0.10638945000000001,0.10638945000000001
4.500000000,0.0,0.0,1.1,0.0,0.0,0.0,-1.0,0.0,-1.2246467991473532e-16,0.0,0.0,0.0,0.0,0.10638945000000001,0.10638945000000001,0.10638945000000001,0.10638945000000001
4.520000000,0.0,0.0,1.1,0.0,0.0,0.0,-1.0,0.0,-1.2246467991473532e-16,0.0,0.0,0.0,0.0,0.10638945000000001,0.10638945000000001,0.10638945000000001,0.10638945000000001
4.540000000,0.0,0.0,1.1,0.0,0.0,0.0,-1.0,0.0,-1.2246467991473532e-16,0.0,0.0,0.0,0.0,0.10638945000000001,0.10638945000000001,0.10638945000000001,0.10638945000000001
4.560000000,0.0,0.0,1.1,0.0,0.0,0.0,-1.0,0.0,-1.2246467991473532e-16,0.0,0.0,0.0,0.0,0.10638945000000001,0.10638945000000001,0.10638945000000001,0.10638945000000001
4.580000000,0.0,0.0,1.1,0.0,0.0,0.0,-1.0,0.0,-1.2246467991473532e-16,0.0,0.0,0.0,0.0,0.10638945000000001,0.10638945000000001,0.10638945000000001,0.10638945000000001
4.600000000,0.0,0.0,1.1,0.0,0.0,0.0,-1.0,0.0,-1.2246467991473532e-16,0.0,0.0,0.0,0.0,0.10638945000000001,0.10638945000000001,0.10638945000000001,0.10638945000000001
4.620000000,0.0,0.0,1.1,0.0,0.0,0.0,-1.0,0.0,-1.2246467991473532e-16,0.0,0.0,0.0,0.0,0.10638945000000001,0.10638945000000001,0.10638945000000001,0.10638945000000001
4.640000000,0.0,0.0,1.1,0.0,0.0,0.0,-1.0,0.0,-1.2246467991473532e-16,0.0,0.0,0.0,0.0,0.10638945000000001,0.10638945000000001,0.10638945000000001,0.10638945000000001
4.660000000,0.0,0.0,1.1,0.0,0.0,0.0,-1.0,0.0,-1.2246467991473532e-16,0.0,0.0,0.0,0.0,0.10638945000000001,0.10638945000000001,0.10638945000000001,0.10638945000000001
4.680000000,0.0,0.0,1.1,0.0,0.0,0.0,-1.0,0.0,-1.2246467991473532e-16,0.0,0.0,0.0,0.0,0.10638945000000001,0.10638945000000001,0.10638945000000001,0.10638945000000001
4.700000000,0.0,0.0,1.1,0.0,0.0,0.0,-1.0,0.0,-1.2246467991473532e-16,0.0,0.0,0.0,0.0,0.10638945000000001,0.10638945000000001,0.10638945000000001,0.10638945000000001
4.720000000,0.0,0.0,1.1,0.0,0.0,0.0,-1.0,0.0,-1.2246467991473532e-16,0.0,0.0,0.0,0.0,0.10638945000000001,0.10638945000000001,0.10638945000000001,0.10638945000000001
4.740000000,0.0,0.0,1.1,0.0,0.0,0.0,-1.0,0.0,-1.2246467991473532e-16,0.0,0.0,0.0,0.0,0.10638945000000001,0.10638945000000001,0.10638945000000001,0.10638945000000001
4.760000000,0.0,0.0,1.1,0.0,0.0,0.0,-1.0,0.0,-1.2246467991473532e-16,0.0,0.0,0.0,0.0,0.10638945000000001,0.10638945000000001,0.10638945000000001,0.10638945000000001
4.780000000,0.0,0.0,1.1,0.0,0.0,0.0,-1.0,0.0,-1.2246467991473532e-16,0.0,0.0,0.0,0.0,0.10638945000000001,0.10638945000000001,0.10638945000000001,0.10638945000000001
4.800000000,0.0,0.0,1.1,0.0,0.0,0.0,-1.0,0.0,-1.2246467991473532e-16,0.0,0.0,0.0,0.0,0.10638945000000001,0.10638945000000001,0.10638945000000001,0.10638945000000001
