time_s,measured_signed_tangent_speed_mps,inferred_local_path_curvature_per_m,commanded_speed_mps,commanded_curvature_speed_rate_radps,inferred_measured_speed_geometric_rate_radps,quaternion_euler_yaw_unwrapped_rad,quaternion_euler_yaw_rate_radps,measured_body_wz_radps,euler_yaw_rate_minus_geometric_radps,body_wz_minus_geometric_radps,euler_yaw_rate_minus_commanded_radps,body_wz_minus_commanded_radps,body_wz_minus_euler_yaw_rate_radps,tangent_yaw_error_deg,tilt_deg
0.0,0.0,0.0,3.0,0.0,0.0,0.0,0.0,0.0,0.0,0.0,0.0,0.0,0.0,0.0,0.0
0.02,-8.009425020976249e-09,0.0,3.0,0.0,-0.0,0.0,0.0,0.00047601887884109146,0.0,0.00047601887884109146,0.0,0.00047601887884109146,0.00047601887884109146,4.823183051526402e-05,0.0006789111190309215
0.04,-1.426521362671859e-05,0.0,3.0,0.0,-0.0,0.0,-1.287732929431188e-05,0.007070494406429086,-1.287732929431188e-05,0.007070494406429086,-1.287732929431188e-05,0.007070494406429086,0.007083371735723398,0.005341950512100977,0.10806581392917912
0.06,-7.071100231911346e-05,0.0,3.0,0.0,-0.0,-5.150931717724749e-07,-0.01893757101069519,-0.012802038911958084,-0.01893757101069519,-0.012802038911958084,-0.01893757101069519,-0.012802038911958084,0.006135532098737108,-2.9512664800388436e-05,1.2727630714036857
0.08,0.0006421072586414941,0.0,3.0,0.0,0.0,-0.0007575028404278079,-0.05593072494962308,0.02474796809837799,-0.05593072494962308,0.02474796809837799,-0.05593072494962308,0.02474796809837799,0.08067869304800107,-0.04340171572568013,4.302752498425135
0.1,0.0047803013917094616,0.0,3.0,0.0,0.0,-0.002237744091156696,-0.10888129787297857,0.1343780697606873,-0.10888129787297857,0.1343780697606873,-0.10888129787297857,0.1343780697606873,0.24325936763366587,-0.1282132920536238,9.28472794108016
0.12,0.015274925583204948,1.333332711286545,3.0,3.999998133859635,0.02036655794255486,-0.005112754755346949,-0.2600136690167397,0.2810509905541677,-0.2803802269592946,0.26068443261161284,-4.260011802876375,-3.7189471433054675,0.5410646595709074,-0.3092680908744892,16.069033036128697
0.14,0.03568572044776187,1.333334110450106,3.0,4.000002331350318,0.04758098832898774,-0.012638290851826292,-0.6092393044392884,0.4342783936515293,-0.6568202927682761,0.3866974053225416,-4.609241635789607,-3.565723937698789,1.0435176980908176,-0.7762809909900524,24.03313504171861
0.16,0.0698995113124084,1.3333412973245804,3.0,4.000023891973742,0.0931999050956408,-0.029482326932918478,-1.2049023029239676,0.5973050204704599,-1.2981022080196083,0.5041051153748191,-5.204926194897709,-3.4027188715032817,1.8022073233944274,-1.8237361098485836,32.66547642514954
0.18,0.1224908559421381,1.3333331181532655,3.0,3.9999993544597965,0.16332111489859344,-0.060834382968784975,-1.953508604328835,0.7636708189302007,-2.1168297192274284,0.6003497040316073,-5.953507958788632,-3.2363285355295957,2.7171794232590356,-3.759957816404275,41.6061236293605
0.2,0.1934891668551581,1.333331073384623,3.0,3.9999932201538693,0.25798511853128436,-0.10762267110607192,-2.2327091181117957,0.8525391882081355,-2.49069423664308,0.5945540696768511,-6.232702338265665,-3.147454031945734,3.085248306319931,-6.688489259562579,50.2794377626803
0.22,0.2799660330768953,1.3333225951411316,3.0,3.9999677854233946,0.37328503777345395,-0.1501427476932568,-1.7971434981831447,0.8284728921513413,-2.1704285359565985,0.4551878543778874,-5.797111283606539,-3.1714948932720533,2.625616390334486,-9.484328281227466,56.30325378677273
0.24,0.3864608103126186,1.3333328775466913,3.0,3.999998632640074,0.5152809042731498,-0.17950841103339765,-0.7341415835035217,0.7978487137434964,-1.2494224877766715,0.28256780947034665,-4.7341402161435955,-3.2021499188965774,1.531990297247018,-11.726789300121679,59.20388274686668
0.26,0.5127404979086706,1.3333422326233833,3.0,4.000026697870149,0.683658560237972,-0.17950841103339765,0.0,0.7510207670960831,-0.683658560237972,0.06736220685811112,-4.000026697870149,-3.249005930774066,0.7510207670960831,-13.051164005535727,58.93709369317654
0.28,0.6629631456299228,1.333264585748573,3.0,3.999793757245719,0.8839052837248498,-0.17950841103339765,0.5966853407476673,0.7233307176404583,-0.28721994297718245,-0.16057456608439147,-3.4031084164980516,-3.2764630396052605,0.12664537689279098,-13.572013639178175,56.16208149822446
0.3,0.834595485325831,1.3333228743390955,3.0,3.9999686230172866,1.1127852514050693,-0.15564099740349102,1.4437488981492699,0.708060230828616,0.33096364674420053,-0.4047250205764533,-2.5562197248680167,-3.2919083921886707,-0.7356886673206539,-13.529465427491601,51.53448280851171
0.32,1.0241121746101924,1.3333502789267444,3.0,4.000050836780233,1.3655002536687748,-0.12175845510742685,1.825383157469913,0.7106896352193779,0.4598829038011383,-0.6548106184493969,-2.1746676793103203,-3.2893612015608555,-1.1146935222505352,-13.241154638960717,45.581255998848306
0.34,1.2402069546487553,1.333074546728511,3.0,3.999223640185533,1.6532883239179366,-0.08262567110469445,1.9926773978230374,0.7317682984942471,0.33938907390510087,-0.9215200254236895,-2.0065462423624956,-3.267455341691286,-1.2609090993287904,-13.405747095227198,38.73908219764131
0.36,1.4671258092737234,1.3333615004243649,3.0,4.000084501273094,1.9562090703645223,-0.04205135919450541,1.985257587119425,0.7725221148657542,0.02904851675490261,-1.1836869554987681,-2.0148269141536694,-3.22756238640734,-1.2127354722536707,-13.973444979972811,31.357860827556426
0.38,1.7034294666383598,1.3334437695223351,3.0,4.000331308567006,2.271427409109675,-0.0032153676199174848,1.8285596233086507,0.8330927696866451,-0.44286778580102437,-1.4383346394230299,-2.171771685258355,-3.1672385388803606,-0.9954668536220056,-15.452825833596112,23.71862256346267
0.4,1.9260957516134933,1.333207129806325,3.0,3.999621389418975,2.5678845887407817,0.031091025737840686,1.5260487614026008,0.9046833818561225,-1.041835827338181,-1.6632012068846591,-2.4735726280163743,-3.0949380075628525,-0.6213653795464783,-17.802634627988823,16.0810811896774
0.42,2.138228586274282,1.3332455754348667,3.0,3.9997367263046,2.8507838019185363,0.05782658283618654,1.1506712674245978,0.9414278913378509,-1.7001125344939385,-1.9093559105806854,-2.849065458880002,-3.0583088349667493,-0.20924337608674692,-22.02193437077813,9.273095473632608
0.44,2.2947375985148364,1.3329745626753329,3.0,3.9989236880259984,3.0588268468349575,0.07711787643482455,0.8391244379929985,0.967853453211876,-2.2197024088419592,-2.0909733936230817,-3.159799250033,-3.0310702348141225,0.12872901521887747,-27.033470264344547,4.506842518323006
0.46,2.403477778103992,1.3329171575846304,3.0,3.998751472753891,3.203636768308196,0.09139156035590651,0.7123215855258083,0.9776807923507018,-2.4913151827823876,-2.2259559759574943,-3.286429887228083,-3.0210706804031893,0.26535920682489356,-33.564717932313066,4.558307387397589
0.48,2.449859018761072,1.3333923470974491,3.0,4.000177041292347,3.2666232670836792,0.10561073985585688,0.766116534016235,1.0500216490512155,-2.500506733067444,-2.2166016180324637,-3.234060507276112,-2.9501553922411317,0.2839051150349805,-40.90359316496664,7.287127339685208
0.5,2.4336654854362854,1.333320998408031,3.0,3.999962995224093,3.244857294833073,0.1220362217165559,0.9087380879458875,1.1077050666719208,-2.3361192068871857,-2.1371522281611526,-3.0912249072782054,-2.892257928552172,0.1989669787260333,-48.27348285662916,9.650218102092921
0.52,2.3689551664344823,1.3333154773874403,3.0,3.9999464321623206,3.158564588644035,0.1419602633736924,1.0704738039312782,1.190277330588713,-2.0880907847127568,-1.968287258055322,-2.9294726282310424,-2.8096691015736077,0.11980352665743488,-54.770733230508,11.56703268575122
0.54,2.2683624947358614,1.3333000580904844,3.0,3.999900174271453,3.0244078460016,0.16485517387380708,1.2452509389593107,1.3026987243978063,-1.7791569070422892,-1.7217091216037936,-2.7546492353121423,-2.6972014498736465,0.0574477854384956,-61.549089991297635,13.273044982934902
0.56,2.1491659938141394,1.3333166135021268,3.0,3.9999498405063805,2.865518724726201,0.1917703009320649,1.4269408945672017,1.4369332041716323,-1.4385778301589993,-1.4285855205545688,-2.5730089459391787,-2.563016636334748,0.009992309604430538,-67.07444668186179,14.548673867530448
0.58,2.0180288786910925,1.3332645478972744,3.0,3.9997936436918233,2.690566360591723,0.221932809656495,1.567963057558936,1.5468123432729046,-1.122603303032787,-1.1437540173188185,-2.4318305861328873,-2.4529813004189185,-0.021150714286031436,-71.945512762634,15.841553369338309
0.6,1.884347817743706,1.3332005668391762,3.0,3.9996017005175286,2.5122135787380735,0.2544888232344223,1.6399910198870815,1.5785644847472708,-0.872222558850992,-0.9336490939908026,-2.359610680630447,-2.4210372157702578,-0.06142653513981067,-76.12474487391958,16.909879154046827
0.62,1.7582309690173064,1.3333186388097538,3.0,3.9999559164292613,2.3442821223233095,0.28753245045197834,1.6364419124706115,1.556735771973687,-0.7078402098526979,-0.7875463503496225,-2.3635140039586497,-2.4432201444555743,-0.0797061404969246,-79.65030749520773,17.635184014479684
0.64,1.6445088547278635,1.3333260255126327,3.0,3.9999780765378983,2.1926664551946335,0.3199464997332468,1.5707516766181442,1.4865876549969346,-0.6219147785764894,-0.706078800197699,-2.429226399919754,-2.5133904215409637,-0.08416402162120962,-82.52885061768846,18.257282886235917
0.66,1.5472349774827518,1.3333502649432032,3.0,4.00005079482961,2.063006167156018,0.35036251751670416,1.499189404379913,1.4128436423661233,-0.563816762776105,-0.6501625247898948,-2.500861390449697,-2.5872071524634865,-0.08634576201378974,-84.79332885066064,18.365019545222076
0.68,1.4668779968110683,1.3333601128152217,3.0,4.000080338445665,1.9558766113141726,0.3799140759084434,1.5061646874566375,1.429370859335407,-0.4497119238575351,-0.5265057519787655,-2.4939156509890275,-2.570709479110258,-0.07679382812123037,-86.34377839280762,18.121186131655406
0.7000000000000001,1.3881435783528975,1.3328071976670255,3.0,3.9984215930010762,1.8501277526240023,0.4106091050149697,1.5455675950709846,1.451124197583588,-0.3045601575530177,-0.3990035550404143,-2.4528539979300916,-2.5472973954174885,-0.09444339748739661,-87.86105069473557,18.49867530774742
0.72,1.3120861496849834,1.3333020415821428,3.0,3.9999061247464285,1.7494071421066415,0.44173677971128256,1.588149129331013,1.4826705683732355,-0.16125801277562846,-0.266736573733406,-2.4117569954154154,-2.517235556373193,-0.10547856095777752,-89.3839749345207,18.74384382039577
0.74,1.2556840791790476,1.3330895587991578,3.0,3.9992686763974734,1.6739393351039233,0.4741350701882102,1.6827488485449766,1.5748891307515789,0.008809513441053296,-0.09905020435234446,-2.3165198278524968,-2.4243795456458948,-0.10785971779339776,-90.02688555723846,18.944691477751334
0.76,1.203456937511327,1.333727540225629,3.0,4.001182620676887,1.6050836610344508,0.5090467336530817,1.6949291926571153,1.616073465711597,0.08984553162266451,0.010989804677146164,-2.3062534280197715,-2.38510915496529,-0.07885572694551835,-90.54155561694132,19.68959604153436
0.78,1.1568484783765216,1.332830934420374,3.0,3.9984928032611218,1.541883438417367,0.5419322378944949,1.521971511363196,1.4951673010766577,-0.019911927054170997,-0.04671613734070923,-2.476521291897926,-2.503325502184464,-0.026804210286538233,-91.18791719063991,19.953153911324282
0.8,1.135150251967486,1.3333427306875578,3.0,4.000028192062674,1.5135443366989971,0.5699255941076096,1.3489583968460135,1.3351727788298822,-0.16458593985298364,-0.17837155786911496,-2.65106979521666,-2.6648554132327913,-0.013785618016131318,-91.27904345340336,19.910352595125662
0.8200000000000001,1.1062384309291509,1.3336725779202558,3.0,4.001017733760768,1.4753598599717395,0.5958905737683354,1.2965741054463553,1.2834736360514991,-0.17878575452538414,-0.19188622392024035,-2.7044436283144124,-2.7175440977092684,-0.013100469394856207,-92.34557896652362,19.927155398115065
0.84,1.103405667970901,1.3337135105862967,3.0,4.001140531758891,1.4716270470302881,0.6217885583254636,1.2839442877323055,1.2794149142237343,-0.18768275929798262,-0.1922121328065538,-2.717196244026585,-2.7217256175351565,-0.004529373508571188,-92.57215431642449,19.900332193065093
0.86,1.104388336198331,1.3333813785518023,3.0,4.000144135655407,1.472570842176662,0.6472483452776276,1.2831943540617008,1.2647709809314236,-0.1893764881149611,-0.2077998612452383,-2.716949781593706,-2.735373154723983,-0.0184233731302772,-92.82975964493897,19.73399125854038
0.88,1.1083584516210119,1.3334868399199817,3.0,4.000460519759946,1.477981409150707,0.6731163324879317,1.2912557153225492,1.2653516488852323,-0.18672569382815785,-0.21262976026547475,-2.7092048044373964,-2.735108870874713,-0.02590406643731691,-93.06977755636876,19.522960220622252
0.9,1.1133029006991155,1.3334896335587738,3.0,4.000468900676322,1.4845778770931835,0.6988985738905297,1.316533496925814,1.267444424326163,-0.16804438016736944,-0.21713345276702034,-2.6839354037505077,-2.7330244763501588,-0.049089072599650896,-93.32003615606165,19.17769203517414
0.92,1.1177480784059992,1.3334189262167135,3.0,4.00025677865014,1.4904264424889224,0.7257776723649644,1.342188005583104,1.27505898092891,-0.1482384369058185,-0.21536746156001252,-2.6580687730670363,-2.72519779772123,-0.06712902465419401,-93.51249509018481,18.915075544137856
0.9400000000000001,1.1207858805106143,1.3333456838876636,3.0,4.000037051662991,1.4943950163410624,0.7525860941138538,1.3566370749527366,1.2794382014899002,-0.13775794138832587,-0.21495681485116225,-2.6433999767102545,-2.720598850173091,-0.07719887346283638,-93.71450665397401,18.60713809475177
0.96,1.1212586603554968,1.333924085105738,3.0,4.0017722553172135,1.4956739326815913,0.7800431553630737,1.3283816969230173,1.2666865064128396,-0.167292235758574,-0.22898742626875168,-2.673390558394196,-2.735085748904374,-0.06169519051017769,-93.88390605450903,18.41375310168927
0.98,1.1191979990978838,1.3328163942295121,3.0,3.998449182688536,1.4916854415865262,0.8057213619907745,1.2750163626013276,1.2342080223816163,-0.2166690789851986,-0.25747741920490985,-2.7234328200872087,-2.76424116030692,-0.04080834021971125,-94.16010523492402,17.988223672581814
1.0,1.1149527773383408,1.3336172514781852,3.0,4.000851754434556,1.486920258441927,0.8310438098671268,1.236435258657199,1.1859603329816624,-0.25048499978472805,-0.3009599254602646,-2.7644164957773567,-2.8148914214528933,-0.050474925675536575,-94.4611694785994,17.710237531731316
1.02,1.1225604834529184,1.3329138275757688,3.0,3.9987414827273065,1.4962763906845349,0.8551787723370625,1.205175857520409,1.1546482025248392,-0.2911005331641259,-0.34162818815969564,-2.7935656252068974,-2.8440932802024674,-0.05052765499556977,-93.9560726362912,17.459677163061777
1.04,1.1181795615093002,1.332613420961706,3.0,3.997840262885118,1.4901010907123688,0.8792508441679433,1.2003418564693504,1.1550012193200228,-0.2897592342430184,-0.3350998713923461,-2.7974984064157677,-2.842839043565095,-0.04534063714932768,-94.334941721584,17.276583540035674
1.06,1.1138624685531369,1.3328177318739118,3.0,3.9984531956217353,1.4845756489564683,0.9031924465958365,1.2019654457858557,1.1727323234585736,-0.2826102031706126,-0.31184332549789473,-2.7964877498358796,-2.8257208721631617,-0.029233122327282146,-94.72564048246183,17.00575338275334
1.08,1.120232870369033,1.3331540679830218,3.0,3.9994622039490655,1.4934430082207735,0.9273294619993775,1.2446991650210997,1.1990325609929793,-0.2487438431996738,-0.2944104472277942,-2.754763038927966,-2.800429642956086,-0.045666604028120394,-94.22489786288284,16.696192269231496
1.1,1.1143695668615101,1.333033078678045,3.0,3.9990992360341355,1.4854914944985185,0.9529804131966806,1.2900336000140733,1.2493707885884877,-0.19545789448444517,-0.23612070591003076,-2.7090656360200622,-2.749728447445648,-0.04066281142558559,-94.52333881528818,16.799518600676077
1.12,1.1071351966334138,1.3333624065583523,3.0,4.0000872196750565,1.4762124501685832,0.9789308059999405,1.3222648706126279,1.314873881122825,-0.15394757955595528,-0.16133856904575805,-2.6778223490624287,-2.6852133385522317,-0.007390989489802768,-94.8074697227041,16.49658938150744
1.1400000000000001,1.1096808725407905,1.334062439176933,3.0,4.002187317530799,1.4803835715297542,1.0058710080211857,1.369105150190986,1.3335047578528672,-0.11127842133876809,-0.14687881367688704,-2.633082167339813,-2.668682559677932,-0.03560039233811896,-94.15085806453133,16.062429807203046
1.16,1.1047458236317897,1.3343474860939941,3.0,4.003042458281982,1.4741148125359176,1.0336950120075796,1.3968145130923055,1.3194548842551383,-0.07730029944361205,-0.15465992828077924,-2.6062279451896764,-2.6835875740268436,-0.07735962883716718,-94.33272409467457,16.092113204278906
1.18,1.1117239434989807,1.3326413782161928,3.0,3.9979241346485783,1.4815293282604225,1.0617435885448776,1.414891673500442,1.3587458419008462,-0.06663765475998051,-0.12278348635957625,-2.5830324611481363,-2.639178292747732,-0.05614583159959574,-93.61558977645375,16.15538590265798
1.2,1.110663059753768,1.3336802570245267,3.0,4.00104077107358,1.4812693950000524,1.0902906789475975,1.4205688813940682,1.3669408291538458,-0.06070051360598416,-0.11432856584620654,-2.5804718896795116,-2.634099941919734,-0.05362805224022238,-93.76017779842238,16.266634913310156
1.22,1.1196487333494987,1.3330623972736475,3.0,3.9991871918209423,1.4925616245832856,1.1185663438006404,1.4128991463447882,1.3811252950478712,-0.07966247823849737,-0.11143632953541438,-2.586288045476154,-2.618061896773071,-0.03177385129691701,-93.03168855570998,16.24074211755585
1.24,1.1224502259435363,1.3336128341147782,3.0,4.000838502344335,1.4969140269733325,1.146806644801389,1.403436432842657,1.3904237597851234,-0.09347759413067558,-0.10649026718820909,-2.597402069501678,-2.6104147425592115,-0.013012673057533508,-93.19817152934841,16.156131077298788
1.26,1.1345095005741752,1.3334048284654507,3.0,4.000214485396352,1.5127604460055322,1.1747038011143467,1.3902388217596169,1.3938380742282315,-0.12252162424591528,-0.1189223717773007,-2.6099756636367353,-2.606376411168121,0.003599252468614589,-92.49319734011394,15.94182462413389
1.28,1.1408398974208827,1.3335492609893262,3.0,4.000647782967979,1.5213662021127567,1.2024161976717738,1.3768098504957038,1.3925162700735878,-0.14455635161705294,-0.12884993203916895,-2.6238379324722754,-2.608131512894391,0.01570641957788399,-92.69332312737639,15.65509979253686
1.3,1.1547018104043822,1.3331711833983741,3.0,3.9995135501951227,1.5394151790490553,1.2297761951341748,1.3664676849736672,1.3925313481376056,-0.17294749407538812,-0.14688383091144974,-2.6330458652214555,-2.606982202057517,0.026063663163938378,-92.02072984915388,15.274747802016073
1.32,1.1627322376573488,1.3337148888448902,3.0,4.001144666534671,1.5507532971035414,1.2570749050707204,1.3626126822199325,1.391220260881449,-0.1881406148836089,-0.15953303622209236,-2.6385319843147386,-2.609924405653222,0.02860757866151653,-92.24767658589688,14.861884451161565
1.34,1.1766603785481704,1.333205062912213,3.0,3.999615188736639,1.5687295740086218,1.2842807024229723,1.3629034030034184,1.3869867309660864,-0.2058261710052034,-0.1817428430425354,-2.6367117857332207,-2.612628457770553,0.02408332796266799,-91.58544711716601,14.39471561804627
1.36,1.1843358767194148,1.3335229070160166,3.0,4.00056872104805,1.5793390212062366,1.3115910411908573,1.3639832981524975,1.3817785445842445,-0.21535572305373907,-0.19756047662199205,-2.6365854228955525,-2.6187901764638055,0.017795246431747014,-91.81429206758025,13.933478179753628
1.3800000000000001,1.1965837882719386,1.333637236717431,3.0,4.000911710152293,1.5958086968918637,1.3388400343490723,1.3636087524691547,1.3810391760794387,-0.23219994442270897,-0.21476952081242495,-2.637302957683138,-2.6198725340728544,0.017430423610284018,-91.15064715445595,13.475196160117575
1.4000000000000001,1.2076894421341033,1.3327655629011121,3.0,3.9982966887033364,1.6095668991555883,1.3661353912896235,1.3757004135697812,1.378698256323696,-0.23386648558580703,-0.23086864283189223,-2.622596275133555,-2.6195984323796404,0.0029978427539147923,-90.48476767075341,13.011486696835371
1.42,1.2127048768788207,1.3331412729914525,3.0,3.9994238189743574,1.6167069233251736,1.3938680508918633,1.3794232693961135,1.3781519441984014,-0.23728365392906015,-0.23855497912677226,-2.620000549578244,-2.621271874775956,-0.0012713251977121143,-90.6923067706465,12.705175993917454
1.44,1.2210765970810096,1.3336363068448838,3.0,4.000908920534651,1.6284720833058357,1.4213123220654678,1.4206445066055906,1.3953982827252687,-0.2078275767002451,-0.23307380058056704,-2.5802644139290605,-2.6055106378093824,-0.02524622388032194,-90.01844327040018,12.195342895637237
1.46,1.2221221507884872,1.3332096543581096,3.0,3.9996289630743287,1.6293450502361084,1.4506938311560869,1.5180284510613333,1.4783290092693329,-0.1113165991747751,-0.15101604096677557,-2.4816005120129954,-2.521299953804996,-0.03969944179200047,-90.13323527045956,12.306052653458428
1.48,1.2267678352594837,1.3337008942187127,3.0,4.001102682656138,1.6361413588843279,1.4820334601079213,1.6184482034875387,1.5989274447529647,-0.017693155396789173,-0.03721391413136321,-2.3826544791685995,-2.4021752379031733,-0.01952075873457404,-89.23688277575619,12.308337158258716
1.5,1.2267477736412917,1.3339487981694074,3.0,4.001846394508222,1.6364187183057972,1.5154317592955884,1.6868920271395353,1.6734383494084955,0.05047330883373813,0.037019631102698236,-2.3149543673686868,-2.3284080450997267,-0.013453677731039893,-89.12218441321062,12.088252588880392
1.52,1.2331940829291612,1.3337114886636785,3.0,4.0011344659910355,1.6447251161546914,1.5495091411935027,1.7001117529255865,1.663314435850825,0.05538663677089506,0.018589319696133533,-2.301022713065449,-2.3378200301402106,-0.036797317074761526,-88.06989146375123,12.221503350968385
1.54,1.235722938416918,1.3339508060005498,3.0,4.00185241800165,1.6483936096946155,1.583436229412612,1.6751855140392493,1.6404121634768354,0.026791904344633855,-0.007981446217780075,-2.3266669039624004,-2.3614402545248145,-0.03477335056241393,-87.92551895882622,12.194316813450806
1.56,1.242271747558977,1.3329902788943642,3.0,3.9989708366830925,1.65593616324123,1.6165165617550725,1.6252582790507972,1.56286327290288,-0.030677884190432714,-0.09307289033834998,-2.3737125576322953,-2.4361075637802125,-0.062395006147917265,-86.93054604997963,12.505099847951538
1.58,1.2430759092706176,1.3325107753062795,3.0,3.9975323259188382,1.656412043626749,1.648446560574644,1.5141886592026736,1.4167980676483691,-0.14222338442407545,-0.23961397597837997,-2.4833436667161646,-2.580734258270469,-0.09739059155430452,-86.90123729393859,12.696701279086085
1.6,1.248529480765909,1.3337114886636785,3.0,4.0011344659910355,1.6651781124327902,1.6770841081231798,1.374081002866447,1.3194521251025821,-0.29109710956634327,-0.3457259873302081,-2.6270534631245885,-2.6816823408884534,-0.054628877763864825,-86.15980676221879,13.148415435159885
1.62,1.2560217193983836,1.3339487981691505,3.0,4.001846394507451,1.6754686630658238,1.703409800689302,1.3086149965605784,1.263273513196033,-0.3668536665052453,-0.41219514986979067,-2.6932313979468727,-2.738572881311418,-0.045341483364545354,-85.55158206836306,13.35327824091903
1.6400000000000001,1.2595772280152058,1.3337008942187127,3.0,4.001102682656138,1.6798992753414075,1.7294287079856028,1.1929609282482119,1.1610534724479609,-0.4869383470931956,-0.5188458028934466,-2.8081417544079263,-2.8400492102081776,-0.031907455800251006,-85.86011528353511,13.917043350427576
1.6600000000000001,1.2687989161011735,1.3332096543581096,3.0,3.9996289630743287,1.6915749643851896,1.7511282378192303,1.0771975303619996,1.0523781993225565,-0.61437743402319,-0.6391967650626331,-2.922431432712329,-2.9472507637517724,-0.024819331039443115,-85.51659744966686,14.217780662765056
1.68,1.2807801675194126,1.3336363068448838,3.0,4.000908920534651,1.708094932490761,1.7725166092000824,1.1101758123959016,1.0177989288191875,-0.5979191200948595,-0.6902960036715735,-2.8907331081387495,-2.9831099917154633,-0.09237688357671403,-86.08948419043944,14.949059262443985
1.7,1.3022212127109758,1.3331412729914525,3.0,3.9994238189743574,1.7360448452299833,1.7955352703150664,1.1595566047127832,1.0226868151469102,-0.5764882405172,-0.7133580300830731,-2.839867214261574,-2.976737003827447,-0.13686978956587303,-85.66976634937501,15.734777471591107
1.72,1.3214791275397633,1.3327655629009554,3.0,3.998296688702866,1.761221873277396,1.8188988733885936,1.1493668949549232,1.0502908726546216,-0.6118549783224729,-0.7109310006227745,-2.848929793747943,-2.9480058160482443,-0.09907602230030155,-86.12844934070309,16.169261785872205
1.74,1.342524521406129,1.333637236717431,3.0,4.000911710152293,1.7904406929534613,1.8415099461132634,1.154725392640188,1.102935786143104,-0.6357153003132734,-0.6875049068103574,-2.846186317512105,-2.897975924009189,-0.05178960649708397,-85.73069232138255,15.991399714411473
1.76,1.3615319365287715,1.3331503608950066,3.0,3.99945108268502,1.815126792553409,1.865087889094201,1.1895656386552247,1.1472693643879717,-0.6255611538981842,-0.6678574281654373,-2.809885444029795,-2.8521817182970484,-0.04229627426725302,-86.17541235895281,15.684244538109223
1.78,1.3814403108537314,1.333205062912213,3.0,3.999615188736639,1.841743216541216,1.8890925716594724,1.2212201538331797,1.1806384379183257,-0.6205230627080363,-0.6611047786228903,-2.7783950349034594,-2.8189767508183134,-0.040581715914854044,-85.69703120551107,15.190530399359156
1.8,1.3965102098347686,1.3332443028213785,3.0,3.9997329084641358,1.861889281094093,1.9139366952475285,1.27900422040301,1.218858358919798,-0.5828850606910829,-0.6430309221742949,-2.7207286880611257,-2.780874549544338,-0.06014586148321199,-86.06674192884242,14.747329438948832
1.82,1.4108677171137687,1.3331711833984499,3.0,3.9995135501953496,1.8809281840432324,1.940252740475593,1.3250172591765619,1.2533663287772014,-0.5559109248666705,-0.6275618552660309,-2.6744962910187877,-2.7461472214181484,-0.07165093039936044,-85.45472832970101,14.545372259795972
1.84,1.4206142600848672,1.3329296878200085,3.0,3.9987890634600256,1.8935789222075745,1.966937385614591,1.368580319072457,1.2802119684625932,-0.5249986031351175,-0.6133669537449813,-2.6302087443875686,-2.7185770949974324,-0.08836835060986381,-85.71609276565066,14.378251575450237
1.86,1.427844856985044,1.3336128341147782,3.0,4.000838502344335,1.9041922264000346,1.994995953238491,1.3895470600547313,1.299300843322487,-0.5146451663453033,-0.6048913830775475,-2.6112914422896036,-2.701537659021848,-0.0902462167322442,-85.89638441181467,14.585365086447535
1.8800000000000001,1.434137414677884,1.3334531822612083,3.0,4.000359546783625,1.9123550994020866,2.0225192680167803,1.3898746371047679,1.313176209990397,-0.5224804622973187,-0.5991788894116896,-2.610484909678857,-2.687183336793228,-0.07669842711437092,-85.21282976472337,14.633130221383594
1.9000000000000001,1.4382408737002312,1.3336802570245267,3.0,4.00104077107358,1.9181534580997044,2.050590938722682,1.370303319389329,1.3317408181067267,-0.5478501387103754,-0.5864126399929777,-2.6307374516842508,-2.669299952966853,-0.0385625012826023,-85.38897454255462,14.852670014839958
1.92,1.44227755463708,1.333360942349703,3.0,4.000082827049109,1.9230765593807224,2.077331400792353,1.3406771689634738,1.3394003789162563,-0.5823993904172486,-0.5836761804644661,-2.6594056580856353,-2.660682448132853,-0.0012767900472174798,-84.74844594021422,14.462341218040361
1.94,1.4453258110325584,1.3343474860939941,3.0,4.003042458281982,1.9285668625380574,2.104218025481221,1.3367798741697001,1.3436994437372412,-0.5917869883683573,-0.5848674188008163,-2.666262584112282,-2.6593430145447408,0.0069195695675410285,-84.98817163942466,14.115865919293146
1.96,1.4479537948015366,1.334062439176933,3.0,4.002187317530799,1.9316607713084342,2.130802595759141,1.3931735976883601,1.3806670556080913,-0.538487173620074,-0.5509937157003428,-2.609013719842439,-2.621520261922708,-0.012506542080268801,-85.24276968079624,13.569738120618643
1.98,1.4502695642585441,1.3333624065583523,3.0,4.0000872196750565,1.9337349163581052,2.1599449693887554,1.494986754779049,1.4632169246630764,-0.4387481615790563,-0.47051799169502884,-2.5051004648960076,-2.53687029501198,-0.031769830115972564,-84.46124771479548,13.707972968453676
2.0,1.4511097259099435,1.333033078678045,3.0,3.9990992360341355,1.934377265429386,2.190602065950303,1.5773965241293695,1.492962210089402,-0.35698074130001656,-0.44141505533998404,-2.421702711904766,-2.5061370259447333,-0.08443431403996748,-84.47760208890357,13.670879232607968
2.02,1.4511224180665088,1.3331540679829288,3.0,3.999462203948786,1.9345697547865905,2.22304083035393,1.5504198106209444,1.381771910506732,-0.3841499441656462,-0.5527978442798585,-2.449042393327842,-2.6176902934420543,-0.16864790011421227,-84.3888233136001,14.664070516765069
2.04,1.4523376139950581,1.3328177318739118,3.0,3.9984531956217353,1.9357013246000623,2.252618858375141,1.4902295448957048,1.3482164898275257,-0.4454717797043575,-0.5874848347725365,-2.5082236507260305,-2.6502367057942093,-0.14201305506817907,-83.57748431004718,15.352576632149312
2.06,1.4533399499050308,1.332613420961706,3.0,3.997840262885118,1.9367403224632576,2.2826500121497584,1.5764991179271348,1.4364407417347702,-0.36024120453612274,-0.5002995807284873,-2.4213411449579834,-2.561399521150348,-0.1400583761923646,-83.62133409206284,15.847500908183223
2.08,1.4572170899548993,1.3335636583227932,3.0,4.000690974968379,1.9432917534507503,2.3156788230922265,1.6598149439692804,1.4573233209134584,-0.2834768094814699,-0.48596843253729194,-2.340876030999099,-2.5433676540549213,-0.20249162305582202,-82.60907250346797,17.484550426920357
2.1,1.4651120890343785,1.3336172514781852,3.0,4.000851754434556,1.95389875728549,2.3490426099085298,1.6475187887170506,1.5463861199524707,-0.3063799685684394,-0.40751263733301935,-2.353332965717505,-2.454465634482085,-0.10113266876457994,-82.45556553555998,18.554536399919233
2.12,1.4761996302552123,1.3328163942295121,3.0,3.998449182688536,1.967503068359691,2.3815795746409085,1.6256565389543027,1.6110765958050648,-0.3418465294053883,-0.35642647255462623,-2.3727926437342335,-2.3873725868834716,-0.01457994314923794,-82.3459632517836,18.388198450037066
2.14,1.4889634253233237,1.3328883898814754,3.0,3.9986651696444264,1.9846220625716113,2.414068871466702,1.6133390994057066,1.6047558412578198,-0.3712829631659047,-0.37986622131379155,-2.38532607023872,-2.3939093283866066,-0.008583258147886852,-81.35950347069787,17.91873372737689
2.16,1.5039380396433628,1.3331695378429533,3.0,3.9995086135288602,2.0050043812557794,2.446113138617137,1.5720503978646363,1.570232468141949,-0.4329539833911431,-0.43477191311383034,-2.427458215664224,-2.429276145386911,-0.0018179297226872393,-81.27095425085804,17.512150443861014
2.18,1.5180969020141786,1.3335991485328866,3.0,4.00079744559866,2.0245327359165217,2.4769508873812875,1.5360126667739635,1.567754398164513,-0.4885200691425582,-0.4567783377520087,-2.464784778824696,-2.433043047434147,0.03174173139054948,-81.24665452493494,16.693814020255832
2.2,1.5311495671569382,1.33288085263648,3.0,3.99864255790944,2.040839940586117,2.5075536452880955,1.5119379728449687,1.5473598053427826,-0.5289019677411484,-0.49348013524333445,-2.486704585064471,-2.451282752566657,0.03542183249781394,-81.23126664082147,15.893330571850829
2.22,1.5409339626555782,1.3334896335587738,3.0,4.000468900676322,2.054819465199856,2.5374284062950863,1.4914232938389134,1.515686145344833,-0.5633961713609428,-0.5391333198550232,-2.5090456068374083,-2.484782755331489,0.024262851505919558,-80.3862774668552,15.002546250195639
2.24,1.5515639893176962,1.3334868399199817,3.0,4.000460519759946,2.068990161048895,2.567210577041652,1.4795594166063353,1.497148666249537,-0.5894307444425597,-0.571841494799358,-2.5209011031536104,-2.5033118535104086,0.017589249643201743,-80.41001778421897,14.490658334652524
2.2600000000000002,1.5606361376893039,1.3333813785518023,3.0,4.000144135655407,2.080923164689924,2.5966107829593397,1.4885900340778875,1.4967850098279691,-0.5923331306120367,-0.5841381548619551,-2.511554101577519,-2.5033591258274375,0.008194975750081657,-80.45047583632876,13.773447765508804
2.2800000000000002,1.568801776487791,1.3337135105862967,3.0,4.001140531758891,2.0923321247335505,2.6267541784047674,1.5097069909995753,1.5059449024004214,-0.5826251337339752,-0.586387222333129,-2.4914335407593153,-2.495195629358469,-0.0037620885991538344,-80.44236848199836,13.581888626173125
2.3000000000000003,1.577181160906065,1.3336725779202558,3.0,4.001017733760768,2.103443264712854,2.6569990625993225,1.5136872164483322,1.5001087950292267,-0.5897560482645217,-0.6033344696836271,-2.4873305173124356,-2.5009089387315413,-0.01357842141910548,-80.42285915261333,13.379545794149847
2.32,1.5865278994417373,1.3328768715841253,3.0,3.9986306147523756,2.1146463432888365,2.6873016670627003,1.5064399874069778,1.4749392349992962,-0.6082063558818587,-0.6397071082895402,-2.4921906273453978,-2.523691379753079,-0.031500752407681576,-80.39450864218438,13.481567227185375
2.34,1.5938008392227399,1.3333427306876617,3.0,4.000028192062985,2.1250827631415348,2.7172566620956013,1.4860263337108677,1.4471230550182301,-0.6390564294306671,-0.6779597081233046,-2.5140018583521178,-2.552905137044755,-0.038903278692637544,-79.52938053422963,13.587172864514587
2.36,1.6035233301761498,1.332830934420374,3.0,3.9984928032611218,2.1372254985235477,2.7467427204111354,1.4730533046262764,1.4409863084710903,-0.6641721938972713,-0.6962391900524574,-2.5254394986348454,-2.5575064947900312,-0.032066996155186045,-79.53848537258169,13.628052748308699
2.38,1.611216868767784,1.332902650122253,3.0,3.998707950366759,2.1475952343022575,2.7761787942806526,1.4992570734022195,1.4578432255442766,-0.648338160900038,-0.6897520087579809,-2.4994508769645396,-2.5408647248224825,-0.04141384785794289,-79.54369069171719,13.403305505934298
2.4,1.6164977691955873,1.333031381007684,3.0,3.9990941430230516,2.154842253666634,2.806713003347224,1.4868799826923578,1.4102237671078586,-0.6679622709742761,-0.7446184865587753,-2.512214160330694,-2.588870375915193,-0.0766562155844992,-79.47940557353336,13.350170678438655
2.42,1.617694483484474,1.3330895587991578,3.0,3.9992686763974734,2.1565316252601487,2.835653993588347,1.3728650379212297,1.2915182220010775,-0.783666587338919,-0.8650134032590713,-2.6264036384762437,-2.707750454396396,-0.08134681592015225,-79.49970134141266,13.237793059608904
2.44,1.6175103304562253,1.3334032519828536,3.0,4.0002097559485605,2.156793534746191,2.861627604864073,1.2864619461900162,1.2394641207540564,-0.8703315885561747,-0.9173294139921344,-2.7137478097585443,-2.760745635194504,-0.04699782543595976,-79.6828346887974,13.01162786211587
2.46,1.6164340472033427,1.3335693548587033,3.0,4.00070806457611,2.1556269095006044,2.8871124714359477,1.2501524905652133,1.2229078051942877,-0.9054744189353912,-0.9327191043063168,-2.750555574010897,-2.7778002593818227,-0.027244685370925614,-79.88701233945841,12.931037967781002
2.48,1.6143492999431368,1.3337130289535897,3.0,4.0011390868607695,2.153078694616268,2.911633704486682,1.216611346253103,1.1857643918656768,-0.9364673483631649,-0.967314302750591,-2.7845277406076665,-2.815374694995093,-0.03084695438742613,-80.1390500475726,12.79491044881379
2.5,1.6124353287808164,1.333579465568864,3.0,4.000738396706592,2.1503106440198767,2.935776925286072,1.1783480960970252,1.152361069873161,-0.9719625479228515,-0.9979495741467157,-2.822390300609567,-2.848377326833431,-0.025987026223864174,-80.40515314754045,12.93767792546744
2.52,1.6109037143726839,1.3331765360950238,3.0,3.9995296082850715,2.1476190339099825,2.9587676283305626,1.1937288006020026,1.1533709423735388,-0.95389023330798,-0.9942480915364438,-2.805800807683069,-2.846158665911533,-0.04035785822846383,-80.72998122099172,12.747622124703227
2.54,1.610457669362209,1.33331431278934,3.0,3.9999429383680205,2.147246260701996,2.983526077310152,1.2842261530604304,1.237787219507627,-0.8630201076415656,-0.909459041194369,-2.71571678530759,-2.7621557188603933,-0.046438933552803485,-80.9452961830492,13.25603624925733
2.56,1.6115594301145,1.333393081969315,3.0,4.000179245907945,2.1488421952970858,3.0101366744529803,1.3867718157825237,1.3513175045366759,-0.762070379514562,-0.7975246907604099,-2.613407430125421,-2.648861741371269,-0.03545431124584786,-81.04650855671731,13.43426008011957
2.58,1.6155683042622562,1.3333219799767013,3.0,3.999965939930104,2.154072730226553,3.038996949941453,1.445518501513746,1.3867648477552537,-0.7085542287128073,-0.7673078824712996,-2.554447438416358,-2.61320109217485,-0.058753653758492286,-81.81639677253848,13.767591004091969
2.6,1.6207597839717258,1.333370533479476,3.0,4.000111600438428,2.1610733377964606,3.06795741451353,1.4533947288400668,1.3977576099094262,-0.7076786089563938,-0.7633157278870344,-2.5467168715983615,-2.602353990529002,-0.055637118930640606,-81.76212602694288,14.179363442616179
2.62,1.6270657663545245,1.3334138707176455,3.0,4.000241612152936,2.1695520614269586,3.0971327390950556,1.4553548766252078,1.4092883504673528,-0.7141971848017508,-0.7602637109596058,-2.5448867355277285,-2.5909532616855833,-0.046066526157855,-81.68693073567393,14.371474709749767
2.64,1.634332929260654,1.3333469432127496,3.0,4.000040829638249,2.179132815421632,3.1261716095785386,1.44185848021516,1.4073017514823634,-0.7372743352064721,-0.7718310639392687,-2.558182349423089,-2.5927390781558857,-0.03455672873279658,-81.61073286999873,14.51675626317258
2.66,1.6393089363507778,1.3333313991285982,3.0,3.999994197385795,2.1857420777085967,3.154807078303662,1.4154744737232932,1.3927253351269822,-0.7702676039853036,-0.7930167425816146,-2.5845197236625017,-2.6072688622588127,-0.022749138596311003,-81.54870030860845,14.27642386382548
2.68,1.6421876297864255,1.333396780174026,3.0,4.000190340522078,2.1896876979988353,3.18279058852747,1.382691054679654,1.3493838222924988,-0.8069966433191813,-0.8403038757063366,-2.617499285842424,-2.6508065182295795,-0.03330723238715527,-81.514828824256,14.20031118390079
2.7,1.6440813151119067,1.3333173687290694,3.0,3.999952106187208,2.1920821730416353,3.2101147204908482,1.3374494308127538,1.3048626864835025,-0.8546327422288815,-0.8872194865581329,-2.662502675374454,-2.6950894197037054,-0.03258674432925135,-82.28600965487787,14.077061050323486
2.72,1.648992933207296,1.3334534544768901,3.0,4.00036036343067,2.1988553231932486,3.2362885657599803,1.2877799497330216,1.3082557082974569,-0.911075373460227,-0.8905996148957918,-2.7125804136976486,-2.692104655133213,0.020475758564435287,-82.33226194995135,14.192314364256811
2.74,1.657730155509893,1.3333968966463638,3.0,4.0001906899390915,2.210412244833986,3.2616259184801693,1.247202753484899,1.2410055379317466,-0.9632094913490867,-0.9694067069022392,-2.7529879364541925,-2.759185152007345,-0.006197215553152446,-82.41672014210278,14.053606508147643
2.7600000000000002,1.6658692348554809,1.3333774224148915,3.0,4.000132267244675,2.2212324264518686,3.2861766758993762,1.20438671047431,1.1986488259452137,-1.0168457159775586,-1.0225836005066549,-2.795745556770365,-2.801483441299461,-0.005737884529096293,-82.53641498093323,13.945439058721286
2.7800000000000002,1.6759212739368798,1.333279310275674,3.0,3.999837930827022,2.2344711601908918,3.3098013868991414,1.1877402026015744,1.1684825782073796,-1.0467309575893173,-1.0659885819835122,-2.8120977282254476,-2.831355352619642,-0.019257624394194872,-83.45347424012368,13.779140300480826
2.8000000000000003,1.686986402998071,1.3332645478972631,3.0,3.999793643691789,2.249199163902053,3.333686284003439,1.2055420018019447,1.1806322956258477,-1.0436571621001085,-1.0685668682762055,-2.7942516418898444,-2.8191613480659417,-0.024909706176097002,-83.58596868797056,13.679583140976753
2.82,1.6979935304715734,1.3332035213959197,3.0,3.9996105641877593,2.2637709541321915,3.358023066971218,1.2243945830495164,1.1958544148698027,-1.039376371082675,-1.0679165392623888,-2.775215981138243,-2.8037561493179566,-0.02854016817971372,-83.68215974351243,13.597556844593965
2.84,1.7080592177875689,1.3333624392491767,3.0,4.00008731774753,2.2774620050112735,3.38266206732542,1.246346900429259,1.2172866419542863,-1.0311151045820144,-1.0601753630569872,-2.753740417318271,-2.782800675793244,-0.029060258474972844,-84.48639452655127,13.4599993547242
2.86,1.7175482921360101,1.3331673469869514,3.0,3.999502040960854,2.289779299948934,3.4078769429883886,1.2751245472650083,1.239181046725621,-1.0146547526839256,-1.050598253223313,-2.7243774936958456,-2.760320994235233,-0.03594350053938733,-84.50566435453466,13.295076065968429
2.88,1.7253620763487376,1.3332279691847884,3.0,3.999683907554365,2.3003009771588774,3.4336670492160204,1.3063546835931845,1.2645678408602083,-0.9939462935656929,-1.035733136298669,-2.6933292239611806,-2.7351160666941565,-0.04178684273297617,-85.2032942656045,13.232941781922245
2.9,1.7327226389137504,1.3333683509023526,3.0,4.000105052707058,2.3103575276196002,3.4601311303321163,1.3324965636552264,1.2870286531220452,-0.9778609639643738,-1.023328874497555,-2.6676084890518315,-2.7130763995850127,-0.04546791053318122,-85.12332782253829,13.228587679170158
2.92,1.7385214167076963,1.3331971369393145,3.0,3.999591410817944,2.3177917752623816,3.4869669117622295,1.352305994245782,1.3121199631823166,-0.9654857810165995,-1.005671812080065,-2.6472854165721618,-2.687471447635627,-0.04018603106346541,-85.71912237510759,13.326465020940322
2.94,1.7448823694504796,1.333490918975907,3.0,4.000472756927721,2.326784794343378,3.514223370101947,1.3773068239136705,1.3377161995112796,-0.9494779704297076,-0.9890685948320985,-2.62316593301405,-2.662756557416441,-0.03959062440239092,-85.5652176744375,13.375353357770491
2.96,1.7499807350498031,1.3334844131524746,3.0,4.000453239457424,2.3335720335060226,3.5420591847187763,1.4021791592466002,1.3585157426967442,-0.9313928742594224,-0.9750562908092784,-2.5982740802108237,-2.6419374967606797,-0.04366341654985595,-86.06036224494383,13.522619025068343
2.98,1.7545351077501232,1.3333698449651998,3.0,4.0001095348956,2.339444204606782,3.5703105364718115,1.4181736502455777,1.3743614251181855,-0.9212705543612043,-0.9650827794885966,-2.581935884650022,-2.6257481097774145,-0.043812225127392246,-86.50513156573751,13.62241675765886
3.0,1.7604288183915136,1.3332240271793196,3.0,3.999672081537959,2.347045998818465,3.5987861307285995,1.438979490841291,1.395648226938179,-0.9080665079771739,-0.951397771880286,-2.560692590696668,-2.60402385459978,-0.04333126390311204,-86.23431184655952,13.721668368581138
3.02,1.7642081279966089,1.3332698734917119,3.0,3.9998096204751357,2.3521655476270884,3.6278697161054634,1.4724025278212167,1.4237221226308177,-0.8797630198058717,-0.9284434249962707,-2.527407092653919,-2.576087497844318,-0.04868040519039907,-86.58613749956211,13.90440461766902
3.04,1.7663385941668848,1.3333154773874318,3.0,3.9999464321622957,2.3550865859094654,3.657682231841448,1.5210251056193584,1.5046600152009904,-0.834061480290107,-0.850426570708475,-2.4789213265429373,-2.4952864169613056,-0.01636509041836809,-86.8685193635233,13.877659760675138
3.06,1.7651584700579743,1.3332222746235736,3.0,3.9996668238707205,2.3533485905217595,3.6887107203302376,1.622974822915225,1.6222842103675033,-0.7303737676065345,-0.7310643801542562,-2.3766920009554955,-2.377382613503217,-0.0006906125477217362,-87.05314890412888,13.369966010333348
3.08,1.7672399338088285,1.3334047851718103,3.0,4.000214355515431,2.356446184287405,3.722601224758057,1.7027000091252944,1.6839551599851281,-0.6537461751621105,-0.6724910243022768,-2.2975143463901366,-2.3162591955303027,-0.018744849140166275,-86.403789040495,13.44663469865715
3.1,1.7697894547944015,1.3332225865328298,3.0,3.9996677595984895,2.3595232745395185,3.7568187206952492,1.7209931582235924,1.6712626498349015,-0.638530116315926,-0.688260624704617,-2.278674601374897,-2.328405109763588,-0.049730508388690975,-86.3580571140732,13.488700424617827
3.12,1.7726825535033521,1.333430222122335,3.0,4.000290666367006,2.363748491070363,3.791440951087001,1.7233623528516944,1.6620195027385465,-0.6403861382186684,-0.7017289883318163,-2.2769283135153113,-2.338271163628459,-0.061342850113147884,-86.25998112351186,13.795408563901688
3.14,1.7765935732120273,1.3334849153218047,3.0,4.000454745965414,2.3690607305359026,3.825753214809317,1.7343225355106142,1.6393849510947658,-0.6347381950252884,-0.7296757794411368,-2.2661322104548,-2.3610697948706485,-0.09493758441584843,-86.15026017492595,14.136009083084721
3.16,1.7812653256743127,1.3332555461236055,3.0,3.999766638370817,2.374881874572948,3.860813852507426,1.7149358458045043,1.621052339421426,-0.6599460287684438,-0.7538295351515221,-2.2848307925663125,-2.378714298949391,-0.0938835063830783,-85.96796127542383,14.79492271877507
3.18,1.7861493686568177,1.3334685231331747,3.0,4.000405569399524,2.3817739607180592,3.8943506486414976,1.693304229041459,1.6150272974245166,-0.6884697316766002,-0.7667466632935427,-2.3071013403580647,-2.385378271975007,-0.07827693161694249,-85.84272564661609,15.048283047071347
3.2,1.7913847566151797,1.3332772951696528,3.0,3.999831885508958,2.3884126229080334,3.928546021669084,1.6926470510456966,1.6142637563498459,-0.6957655718623368,-0.7741488665581875,-2.3071848344632615,-2.385568129159112,-0.0783832946958507,-85.64947967872165,15.450614208786495
3.22,1.7977200637815896,1.333392347097453,3.0,4.000177041292359,2.3970661752699165,3.9620565306833253,1.6926988923187452,1.5734651852670312,-0.7043672829511713,-0.8236009900028853,-2.3074781489736136,-2.4267118560253276,-0.11923370705171399,-85.46467446982177,15.79790701050516
3.24,1.80265314342859,1.3334174243047452,3.0,4.000252272914236,2.4036891114254026,3.996253977361834,1.5780283385355318,1.4607723004092812,-0.8256607728898708,-0.9429168110161215,-2.422223934378704,-2.539479972504955,-0.11725603812625063,-85.20956893670875,16.312331909159273
3.2600000000000002,1.803557739608863,1.3333271857117523,3.0,3.999981557135257,2.4047325652213347,4.0251776642247465,1.4172441859019784,1.3440847093958368,-0.9874883793193563,-1.060647855825498,-2.5827373712332786,-2.6558968477394203,-0.07315947650614163,-85.77603141901282,16.60917209288228
3.2800000000000002,1.8119242469726475,1.3331368373437864,3.0,3.999410512031359,2.415542960115637,4.052943744797913,1.3888337607382368,1.3349474652025302,-1.0267091993774002,-1.080595494913107,-2.6105767512931224,-2.6644630468288293,-0.053886295535706674,-85.81618314196155,17.266510438812055
3.3000000000000003,1.8220636030524036,1.3331718096712455,3.0,3.9995154290137362,2.4291238310174825,4.080731014654276,1.47636597028648,1.3720429433714683,-0.9527578607310025,-1.0570808876460143,-2.5231494587272563,-2.6274724856422678,-0.10432302691501172,-85.82319989280495,17.64208301647466
3.3200000000000003,1.8384429035107976,1.3337433972894601,3.0,4.00123019186838,2.4520110838511906,4.1119983836093725,1.583967909794211,1.3664116742396015,-0.8680431740569796,-1.085599409611589,-2.4172622820741694,-2.634818517628779,-0.21755623555460946,-85.598778630771,18.894545647420703
3.34,1.8561992506754803,1.3332676063370543,3.0,3.9998028190111627,2.4748103318327317,4.144089731046043,1.6173836911087847,1.384751996237661,-0.857426640723947,-1.0900583355950706,-2.382419127902378,-2.615050822773502,-0.23263169487112356,-85.79954461065492,20.073111609659286
3.36,1.873856468417308,1.3332027513503288,3.0,3.9996082540509867,2.4982305993295655,4.176693731253724,1.7229316822697456,1.455958646258833,-0.7752989170598199,-1.0422719530707325,-2.276676571781241,-2.5436496077921538,-0.2669730360109126,-85.9131568278482,20.789149718917006
3.38,1.8961622231530815,1.3334998469968882,3.0,4.000499540990664,2.5285320344559135,4.213006998336834,1.7946553151769393,1.5208617613588231,-0.7338767192789741,-1.0076702730970903,-2.205844225813725,-2.479637779631841,-0.2737935538181162,-85.28068648757777,21.789949183878576
3.4,1.919186372030257,1.3335689264765258,3.0,4.000706779429578,2.559367309856768,4.248479943860801,1.6387475488571823,1.4879603663713827,-0.9206197609995859,-1.0714069434853855,-2.3619592305723955,-2.512746413058195,-0.1507871824857996,-85.12803076175018,22.146733889625796
3.42,1.9384490672401145,1.333323131476779,3.0,3.9999693944303374,2.584578980540831,4.278556900291121,1.3794795726096822,1.3691743614927219,-1.2050994079311486,-1.215404619048109,-2.620489821820655,-2.6307950329376153,-0.010305211116960367,-85.22607907961762,22.27577687899259
3.44,1.9574850028544564,1.3333743434481704,3.0,4.000123030344511,2.6100602804907007,4.303659126765188,1.2898915393287922,1.2168518251993745,-1.3201687411619085,-1.3932084552913262,-2.710231491015719,-2.7832712051451365,-0.07303971412941768,-85.5502689543323,22.2448733091116
3.46,1.9824911518760695,1.3333499605414267,3.0,4.00004988162428,2.643354499127685,4.330152561864272,1.3618386583768398,1.1634887612938676,-1.2815158407508451,-1.4798657378338174,-2.63821122324744,-2.8365611203304124,-0.19834989708297224,-85.73580232468696,22.002715596334486
3.48,2.0066618814563357,1.3332629466449204,3.0,3.9997888399347614,2.675407932990514,4.358132673100262,1.3695786339037852,1.1542641326912244,-1.3058292990867288,-1.5211438002992896,-2.630210206030976,-2.845524707243537,-0.2153145012125608,-86.17896339721176,21.715183812678212
3.5,2.0317282256663862,1.3334798140619697,3.0,4.000439442185909,2.7092685765860685,4.384935707220424,1.357325668833198,1.140307136488981,-1.3519429077528704,-1.5689614400970875,-2.6431137733527112,-2.8601323056969283,-0.21701853234421709,-86.21375810006317,21.52968966583709
3.52,2.052394342490258,1.333416434819964,3.0,4.000249304459892,2.736696347008024,4.41242569985359,1.376384924824265,1.1374239410186373,-1.360311422183759,-1.5992724059893866,-2.623864379635627,-2.862825363441255,-0.2389609838056277,-86.51881940385499,21.45433583760791
3.54,2.069022204248266,1.3334347189108855,3.0,4.000304156732657,2.7589060413421675,4.439991104213394,1.373838236066078,1.1461491558439725,-1.3850678052760896,-1.612756885498195,-2.626465920666579,-2.8541550008886842,-0.22768908022210543,-87.07397267941205,21.534343395066223
3.56,2.0846339259359454,1.3332235172874454,3.0,3.9996705518623363,2.779282974993057,4.467379229296233,1.2078155457837738,1.1124405492848992,-1.5714674292092834,-1.666842425708158,-2.7918550060785625,-2.887230002577437,-0.0953749964988746,-87.18267566612667,21.719418279754116
3.58,2.0940623437332095,1.3334769979166585,3.0,4.000430993749975,2.792383967571682,4.488303726044745,1.0056037448648425,0.9970169853218885,-1.7867802227068394,-1.7953669822497935,-2.994827248885133,-3.003414008428087,-0.008586759542953959,-87.8770111120512,21.871879655848872
3.6,2.1083857304035094,1.3333199805708251,3.0,3.9999599417124756,2.811152821097412,4.507603379090827,1.0018430076640783,0.9329813780504068,-1.8093098134333339,-1.8781714430470053,-2.9981169340483973,-3.066978563662069,-0.06886162961367148,-88.53445841015703,22.088863578343467
3.62,2.1289860018988604,1.3333071748530014,3.0,3.9999215245590043,2.8385923114933562,4.528377446351309,1.1168942742330756,0.9697760239457728,-1.7216980372602806,-1.8688162875475833,-2.8830272503259287,-3.0301455006132314,-0.14711825028730285,-89.23911580817773,22.27637925406269
3.64,2.15276894437588,1.3332379703228552,3.0,3.9997139109685653,2.870153297973774,4.55227915006015,1.2391041191017678,1.0142451764919171,-1.631049178872006,-1.8559081214818567,-2.7606097918667976,-2.9854687344766484,-0.22485894260985062,-89.59292910521019,22.525228123721487
3.66,2.1728433974780157,1.3334293577184677,3.0,4.000288073155403,2.897333175921924,4.57794161111538,1.3164571931786497,1.0639220956831053,-1.5808759827432741,-1.8334110802388186,-2.683830879976753,-2.9363659774722977,-0.2525350974955445,-90.092114852614,22.681326185453674
3.68,2.1915279184637226,1.3333644420973974,3.0,4.000093326292192,2.922105400343252,4.604937437787296,1.3937129916354252,1.1035472716122923,-1.5283924087078269,-1.8185581287309598,-2.606380334656767,-2.8965460546798996,-0.2901657200231329,-90.42028422215935,22.89735070879471
3.7,2.207673212239682,1.3333394060853927,3.0,4.000018218256178,2.9435776896382886,4.6336901307807965,1.4660693734609396,1.143159370885806,-1.477508316177349,-1.8004183187524825,-2.5339488447952387,-2.856858847370372,-0.32291000257513347,-90.6095287290953,23.210838499879543
3.72,2.2203723330913263,1.333343556212876,3.0,4.000030668638628,2.960519142720669,4.6635802127257335,1.4369854322394673,1.1698255766053627,-1.523533710481202,-1.7906935661153065,-2.5630452363991605,-2.830205092033265,-0.2671598556341046,-90.79164541597947,23.575149327039867
3.74,2.226466192020747,1.3333357966529489,3.0,4.000007389958847,2.9686270738588405,4.691169548070375,1.3794667672320835,1.1122987226123269,-1.589160306626757,-1.8563283512465136,-2.620540622726763,-2.8877086673465198,-0.26716804461975663,-91.02917115308757,23.81201219235843
